统计日期,平台,子平台,产品名称,销售数量
2025-08-10,京东,京东自营,72℃屋型鲜牛乳(950ml*12盒),324.0
2025-08-10,京东,京东自营,72℃鲜牛乳（瓶）900mL,384.0
2025-08-10,京东,京东自营,三元乐活(瓶)450mL*12,48.0
2025-08-10,京东,京东自营,三元乐活950mL*12,72.0
2025-08-10,京东,京东自营,三元乐活有机牛乳200mL*20,40.0
2025-08-10,京东,京东自营,三元乐活有机牛乳450mL*12,24.0
2025-08-10,京东,京东自营,三元乐活瓶装高温杀菌乳450mL*6,8.0
2025-08-10,京东,京东自营,三元乐活（瓶）200mL*20,640.0
2025-08-10,京东,京东自营,三元南瓜来了450mL*12,24.0
2025-08-10,京东,京东自营,三元每日新鲜950mL*12,216.0
2025-08-10,京东,京东自营,三元真的好巧200mL*20,20.0
2025-08-10,京东,京东自营,三元真的好巧450mL*12,12.0
2025-08-10,京东,京东自营,三元芋你鲜活200mL*20,20.0
2025-08-10,京东,京东自营,三元芋你鲜活450mL*12,48.0
2025-08-10,京东,京东自营,三元草莓黑米三连杯130g*3*8,8.0
2025-08-10,京东,京东自营,三元莓天鲜活450mL*12,72.0
2025-08-10,京东,京东自营,优选鲜牛乳240ml*20,160.0
2025-08-10,京东,京东自营,全脂桶（1*6）,348.0
2025-08-10,京东,京东自营,天然桶装酸牛奶(1*6),126.0
2025-08-10,京东,京东自营,小康（1*12）,348.0
2025-08-10,京东,京东自营,极致1+1鲜牛奶900mL*6,180.0
2025-08-10,京东,京东自营,极致A2鲜奶240*20,460.0
2025-08-10,京东,京东自营,极致A2鲜奶900*6,1050.0
2025-08-10,京东,京东自营,极致有机鲜牛奶 900ML,1608.0
2025-08-10,京东,京东自营,极致有机鲜牛奶240ML,1480.0
2025-08-10,京东,京东自营,简卡原味桶酸1kg*9,477.0
2025-08-10,京东,京东自营,脱脂桶（1*6）,126.0
2025-08-10,京东,京东自营,袋装天然酸奶(180g*60),600.0
2025-08-10,京东,京东自营,轻能利乐冠DSHB-蓝莓+大麦250g*4,66.0
2025-08-10,京东,京东自营,轻能利乐冠DSHB-黄桃+大麦250g*4,6.0
2025-08-10,京东,京东自营,雪凝原味盒酸800g*12,12.0
2025-08-10,京东,京东自营,雪凝奶皮子酸奶原味800g*12,36.0
2025-08-10,京东,京东自营,雪凝草莓山楂盒酸800g*12,12.0
2025-08-10,其他,其他,72℃鲜牛乳（瓶）900mL,30.0
2025-08-10,其他,其他,优选瓶装鲜牛乳(450ml*12瓶),108.0
2025-08-10,其他,其他,原圆形配餐杯100g,18072.0
2025-08-10,其他,其他,大大果块桑葚+蓝莓260g*12,84.0
2025-08-10,其他,其他,大果块草莓+黄桃260g*12,84.0
2025-08-10,其他,其他,大果块黄桃+芒果260g*12,84.0
2025-08-10,其他,其他,极致1+1鲜牛奶900mL*6,18.0
2025-08-10,其他,其他,极致A2鲜奶240*20,40.0
2025-08-10,其他,其他,极致有机鲜牛奶 900ML,28.0
2025-08-10,其他,其他,特品纯鲜牛奶(1*60),1500.0
2025-08-10,其他,其他,益菌多原味(125g*8),8.0
2025-08-10,其他,其他,益菌多无蔗糖(125g*8),8.0
2025-08-10,其他,其他,益菌多草莓(125g*8),2.0
2025-08-10,其他,其他,益菌多黄桃(125g*8),2.0
2025-08-10,其他,其他,老北京杯装酸牛奶(139g*24),120.0
2025-08-10,其他,其他,袋装天然酸奶(180g*60),120.0
2025-08-10,其他,其他,袋装无糖酸奶(180g*60),120.0
2025-08-10,其他,其他,雪凝茯苓杯装酸奶150g*4*14,112.0
2025-08-10,新零售,新零售,72℃鲜牛乳（瓶）900mL,15390.0
2025-08-10,新零售,新零售,三元南瓜来了200mL*20,1580.0
2025-08-10,新零售,新零售,三元晚安奶250mL*4*6,1092.0
2025-08-10,新零售,新零售,三元每日新鲜950mL*12,1668.0
2025-08-10,新零售,新零售,三元草莓黑米三连杯130g*3*8,32.0
2025-08-10,新零售,新零售,三元青提芝士三连杯130g*3*8,32.0
2025-08-10,新零售,新零售,中脱（1*12）,1296.0
2025-08-10,新零售,新零售,优选瓶装鲜牛乳(450ml*12瓶),5724.0
2025-08-10,新零售,新零售,全脂桶（1*6）,1950.0
2025-08-10,新零售,新零售,全脂酸牛奶原味(100g*8),72.0
2025-08-10,新零售,新零售,大果块草莓+黄桃260g*12,372.0
2025-08-10,新零售,新零售,大果块黄桃+芒果260g*12,348.0
2025-08-10,新零售,新零售,天然桶装酸牛奶(1*6),1260.0
2025-08-10,新零售,新零售,小康（1*12）,9276.0
2025-08-10,新零售,新零售,屋型酸牛奶草莓+树莓480g*12,732.0
2025-08-10,新零售,新零售,极致1+1鲜牛奶240mL*20,600.0
2025-08-10,新零售,新零售,极致1+1鲜牛奶900mL*6,258.0
2025-08-10,新零售,新零售,极致A2鲜奶240*20,980.0
2025-08-10,新零售,新零售,极致A2鲜奶900*6,1146.0
2025-08-10,新零售,新零售,极致有机鲜牛奶 900ML,5064.0
2025-08-10,新零售,新零售,极致有机鲜牛奶240ML,5540.0
2025-08-10,新零售,新零售,特品纯鲜牛奶(1*60),24480.0
2025-08-10,新零售,新零售,益菌多原味(125g*8),912.0
2025-08-10,新零售,新零售,益菌多无蔗糖(125g*8),319.0
2025-08-10,新零售,新零售,盒马原味桶酸1.5kg*6,15474.0
2025-08-10,新零售,新零售,盒马日日鲜星期六950ml,1896.0
2025-08-10,新零售,新零售,盒马日日鲜星期日950ml,744.0
2025-08-10,新零售,新零售,盒马有机桶鲜1.5L*6,774.0
2025-08-10,新零售,新零售,盒马红颜草莓奶450mL*12,5148.0
2025-08-10,新零售,新零售,简卡原味八连杯100g*8*12,1284.0
2025-08-10,新零售,新零售,简卡原味桶酸1kg*9,261.0
2025-08-10,新零售,新零售,简卡原味袋五连包150g*5*10,870.0
2025-08-10,新零售,新零售,老北京杯装酸牛奶(139g*24),3264.0
2025-08-10,新零售,新零售,脱脂桶（1*6）,120.0
2025-08-10,新零售,新零售,袋装天然酸奶(180g*60),1680.0
2025-08-10,新零售,新零售,袋装无糖酸奶(180g*60),720.0
2025-08-10,新零售,新零售,象划算风味发酵乳,90.0
2025-08-10,新零售,新零售,雪凝奶皮子酸奶原味800g*12,756.0
2025-08-10,新零售,新零售,雪凝茯苓杯装酸奶150g*4*14,1148.0
2025-08-10,新零售,新零售,雪凝茯苓杯酸纸箱150g*4*14,2576.0
2025-08-11,京东,京东自营,72℃屋型鲜牛乳(950ml*12盒),480.0
2025-08-11,京东,京东自营,72℃鲜牛乳（瓶）900mL,252.0
2025-08-11,京东,京东自营,三元乐活（瓶）200mL*20,600.0
2025-08-11,京东,京东自营,三元每日新鲜950mL*12,216.0
2025-08-11,京东,京东自营,三元纯牛奶180mL*12,2400.0
2025-08-11,京东,京东自营,三元芋你鲜活200mL*20,20.0
2025-08-11,京东,京东自营,三元芋你鲜活450mL*12,36.0
2025-08-11,京东,京东自营,优选鲜牛乳240ml*20,200.0
2025-08-11,京东,京东自营,全脂桶（1*6）,228.0
2025-08-11,京东,京东自营,小康（1*12）,324.0
2025-08-11,京东,京东自营,极致1+1鲜牛奶900mL*6,84.0
2025-08-11,京东,京东自营,极致A2鲜奶240*20,700.0
2025-08-11,京东,京东自营,极致A2鲜奶900*6,120.0
2025-08-11,京东,京东自营,极致有机鲜牛奶 900ML,210.0
2025-08-11,京东,京东自营,极致有机鲜牛奶240ML,400.0
2025-08-11,京东,京东自营,极致有机鲜牛奶450mL*12,84.0
2025-08-11,京东,京东自营,简卡原味袋五连包150g*5*10,10.0
2025-08-11,京东,京东自营,脱脂桶（1*6）,96.0
2025-08-11,京东,京东自营,袋装天然酸奶(180g*60),600.0
2025-08-11,京东,京东自营,轻能利乐冠DSHB-蓝莓+大麦250g*4,324.0
2025-08-11,京东,京东自营,轻能利乐冠DSHB-黄桃+大麦250g*4,636.0
2025-08-11,其他,其他,72℃鲜牛乳（瓶）900mL,30.0
2025-08-11,其他,其他,优选瓶装鲜牛乳(450ml*12瓶),60.0
2025-08-11,其他,其他,原圆形配餐杯100g,144.0
2025-08-11,其他,其他,大大果块桑葚+蓝莓260g*12,24.0
2025-08-11,其他,其他,大果块草莓+桑葚260g*12,24.0
2025-08-11,其他,其他,大果块草莓+黄桃260g*12,24.0
2025-08-11,其他,其他,大果块黄桃+芒果260g*12,24.0
2025-08-11,其他,其他,极致1+1鲜牛奶900mL*6,18.0
2025-08-11,其他,其他,极致A2鲜奶240*20,40.0
2025-08-11,其他,其他,极致A2鲜奶900*6,8.0
2025-08-11,其他,其他,极致有机鲜牛奶 900ML,32.0
2025-08-11,其他,其他,特品纯鲜牛奶(1*60),1740.0
2025-08-11,其他,其他,益菌多原味(125g*8),34.0
2025-08-11,其他,其他,益菌多无蔗糖(125g*8),8.0
2025-08-11,其他,其他,益菌多草莓(125g*8),2.0
2025-08-11,其他,其他,益菌多黄桃(125g*8),11.0
2025-08-11,其他,其他,老北京杯装酸牛奶(139g*24),48.0
2025-08-11,其他,其他,袋装天然酸奶(180g*60),120.0
2025-08-11,其他,其他,袋装无糖酸奶(180g*60),120.0
2025-08-11,其他,其他,雪凝茯苓杯装酸奶150g*4*14,126.0
2025-08-11,新零售,新零售,72℃鲜牛乳（瓶）900mL,13596.0
2025-08-11,新零售,新零售,三元南瓜来了200mL*20,400.0
2025-08-11,新零售,新零售,三元每日新鲜950mL*12,1668.0
2025-08-11,新零售,新零售,三元草莓黑米三连杯130g*3*8,24.0
2025-08-11,新零售,新零售,三元青提芝士三连杯130g*3*8,32.0
2025-08-11,新零售,新零售,中脱（1*12）,960.0
2025-08-11,新零售,新零售,优选瓶装鲜牛乳(450ml*12瓶),4380.0
2025-08-11,新零售,新零售,全脂桶（1*6）,1434.0
2025-08-11,新零售,新零售,全脂酸牛奶原味(100g*8),144.0
2025-08-11,新零售,新零售,大果块草莓+黄桃260g*12,324.0
2025-08-11,新零售,新零售,大果块黄桃+芒果260g*12,444.0
2025-08-11,新零售,新零售,天然桶装酸牛奶(1*6),1764.0
2025-08-11,新零售,新零售,小康（1*12）,8160.0
2025-08-11,新零售,新零售,屋型酸牛奶草莓+树莓480g*12,480.0
2025-08-11,新零售,新零售,极致1+1鲜牛奶240mL*20,660.0
2025-08-11,新零售,新零售,极致1+1鲜牛奶900mL*6,306.0
2025-08-11,新零售,新零售,极致A2鲜奶240*20,220.0
2025-08-11,新零售,新零售,极致A2鲜奶900*6,1152.0
2025-08-11,新零售,新零售,极致有机鲜牛奶 900ML,4974.0
2025-08-11,新零售,新零售,极致有机鲜牛奶240ML,4840.0
2025-08-11,新零售,新零售,极致有机鲜牛奶450mL*12,216.0
2025-08-11,新零售,新零售,特品纯鲜牛奶(1*60),18780.0
2025-08-11,新零售,新零售,益菌多原味(125g*8),1432.0
2025-08-11,新零售,新零售,益菌多无蔗糖(125g*8),228.0
2025-08-11,新零售,新零售,盒马日日鲜星期一950ml,4884.0
2025-08-11,新零售,新零售,盒马有机桶鲜1.5L*6,4200.0
2025-08-11,新零售,新零售,简卡原味八连杯100g*8*12,1752.0
2025-08-11,新零售,新零售,简卡原味桶酸1kg*9,252.0
2025-08-11,新零售,新零售,简卡原味袋五连包150g*5*10,850.0
2025-08-11,新零售,新零售,老北京杯装酸牛奶(139g*24),2664.0
2025-08-11,新零售,新零售,脱脂桶（1*6）,78.0
2025-08-11,新零售,新零售,袋装天然酸奶(180g*60),1920.0
2025-08-11,新零售,新零售,袋装无糖酸奶(180g*60),960.0
2025-08-11,新零售,新零售,象划算风味发酵乳,837.0
2025-08-11,新零售,新零售,雪凝炭烧奶皮子杯酸130g*24,1440.0
2025-08-11,新零售,新零售,雪凝茯苓杯装酸奶150g*4*14,1218.0
2025-08-11,新零售,新零售,雪凝茯苓杯酸纸箱150g*4*14,2660.0
2025-08-12,京东,京东POP,72℃屋型鲜牛乳(950ml*12盒),30.0
2025-08-12,京东,京东POP,72℃鲜牛乳（瓶）900mL,162.0
2025-08-12,京东,京东POP,三元乐活(瓶)450mL*12,145.0
2025-08-12,京东,京东POP,三元乐活950mL*12,108.0
2025-08-12,京东,京东POP,三元乐活有机牛乳200mL*20,10.0
2025-08-12,京东,京东POP,三元乐活（瓶）200mL*20,1086.0
2025-08-12,京东,京东POP,三元南瓜来了200mL*20,45.0
2025-08-12,京东,京东POP,三元南瓜来了450mL*12,6.0
2025-08-12,京东,京东POP,三元每日新鲜950mL*12,12.0
2025-08-12,京东,京东POP,三元真的好巧200mL*20,246.0
2025-08-12,京东,京东POP,三元芋你鲜活200mL*20,34.0
2025-08-12,京东,京东POP,三元芋你鲜活450mL*12,14.0
2025-08-12,京东,京东POP,三元草莓黑米杯酸130g*24,99.0
2025-08-12,京东,京东POP,三元青提芝士杯酸130g*24,102.0
2025-08-12,京东,京东POP,优选瓶装鲜牛乳(450ml*12瓶),228.0
2025-08-12,京东,京东POP,优选鲜牛乳240ml*20,2085.0
2025-08-12,京东,京东POP,大果块草莓+桑葚260g*12,6.0
2025-08-12,京东,京东POP,大果块黄桃+芒果260g*12,6.0
2025-08-12,京东,京东POP,天然桶装酸牛奶1kg,18.0
2025-08-12,京东,京东POP,极致1+1鲜牛奶240mL*20,10.0
2025-08-12,京东,京东POP,极致1+1鲜牛奶900mL*6,14.0
2025-08-12,京东,京东POP,极致A2鲜奶240*20,486.0
2025-08-12,京东,京东POP,极致A2鲜奶900*6,114.0
2025-08-12,京东,京东POP,极致有机鲜牛奶 900ML,375.0
2025-08-12,京东,京东POP,极致有机鲜牛奶240ML,1218.0
2025-08-12,京东,京东POP,极致有机鲜牛奶450mL*12,24.0
2025-08-12,京东,京东POP,烤橙子灵芝爆珠杯酸130g*24,20.0
2025-08-12,京东,京东POP,烤橙子陈皮爆珠杯酸130g*24,8.0
2025-08-12,京东,京东POP,石榴红参爆珠杯酸130g*24,6.0
2025-08-12,京东,京东POP,简卡原味桶酸1kg*9,14.0
2025-08-12,京东,京东POP,简卡原味袋五连包150g*5*10,48.0
2025-08-12,京东,京东POP,老北京杯装酸牛奶(139g*24),192.0
2025-08-12,京东,京东POP,轻能利乐冠—蓝莓+大麦250g,196.0
2025-08-12,京东,京东POP,轻能利乐冠—黄桃+大麦250g,556.0
2025-08-12,京东,京东POP,轻能苗条牛油果燕麦250g*24,4.0
2025-08-12,京东,京东POP,轻能苗条红西柚燕麦250g*24,8.0
2025-08-12,京东,京东POP,雪凝原味盒酸800g*12,17.0
2025-08-12,京东,京东POP,雪凝奶皮子酸奶原味800g*12,16.0
2025-08-12,京东,京东POP,雪凝炭烧奶皮子酸奶盒装800g*12,9.0
2025-08-12,京东,京东POP,雪凝茯苓杯装酸奶150g*4*14,92.0
2025-08-12,京东,京东POP,雪凝草莓山楂盒酸800g*12,13.0
2025-08-12,京东,京东自营,72℃屋型鲜牛乳(950ml*12盒),756.0
2025-08-12,京东,京东自营,72℃鲜牛乳（瓶）900mL,912.0
2025-08-12,京东,京东自营,三元乐活(瓶)450mL*12,192.0
2025-08-12,京东,京东自营,三元乐活950mL*12,852.0
2025-08-12,京东,京东自营,三元乐活瓶装高温杀菌乳450mL*6,52.0
2025-08-12,京东,京东自营,三元乐活（瓶）200mL*20,1900.0
2025-08-12,京东,京东自营,三元南瓜来了450mL*12,12.0
2025-08-12,京东,京东自营,三元每日新鲜950mL*12,564.0
2025-08-12,京东,京东自营,三元真的好巧200mL*20,380.0
2025-08-12,京东,京东自营,三元真的好巧450mL*12,216.0
2025-08-12,京东,京东自营,三元纯牛奶180mL*12,1224.0
2025-08-12,京东,京东自营,三元芋你鲜活200mL*20,140.0
2025-08-12,京东,京东自营,三元芋你鲜活450mL*12,276.0
2025-08-12,京东,京东自营,三元草莓黑米三连杯130g*3*8,128.0
2025-08-12,京东,京东自营,三元莓天鲜活450mL*12,12.0
2025-08-12,京东,京东自营,三元青提芝士三连杯130g*3*8,200.0
2025-08-12,京东,京东自营,中优选组合装DS(450ml*2*8),912.0
2025-08-12,京东,京东自营,优选鲜牛乳240ml*20,160.0
2025-08-12,京东,京东自营,全脂桶（1*6）,684.0
2025-08-12,京东,京东自营,大大果块桑葚+蓝莓260g*12,12.0
2025-08-12,京东,京东自营,大果块草莓+黄桃260g*12,12.0
2025-08-12,京东,京东自营,大果块黄桃+芒果260g*12,12.0
2025-08-12,京东,京东自营,天然桶装酸牛奶(1*6),402.0
2025-08-12,京东,京东自营,小康（1*12）,660.0
2025-08-12,京东,京东自营,极致1+1鲜牛奶900mL*6,228.0
2025-08-12,京东,京东自营,极致A2鲜奶240*20,720.0
2025-08-12,京东,京东自营,极致A2鲜奶900*6,288.0
2025-08-12,京东,京东自营,极致有机鲜牛奶 900ML,606.0
2025-08-12,京东,京东自营,极致有机鲜牛奶240ML,540.0
2025-08-12,京东,京东自营,益菌多原味酸牛奶DSHB（125g*16）,519.0
2025-08-12,京东,京东自营,益菌多无蔗糖酸牛奶DSHB(125g*16),489.0
2025-08-12,京东,京东自营,简卡原味桶酸1kg*9,963.0
2025-08-12,京东,京东自营,简卡原味袋五连包150g*5*10,10.0
2025-08-12,京东,京东自营,脱脂桶（1*6）,306.0
2025-08-12,京东,京东自营,袋装天然酸奶(180g*60),2580.0
2025-08-12,京东,京东自营,轻能利乐冠DSHB-蓝莓+大麦250g*4,144.0
2025-08-12,京东,京东自营,轻能利乐冠DSHB-黄桃+大麦250g*4,186.0
2025-08-12,京东,京东自营,雪凝原味盒酸800g*12,120.0
2025-08-12,京东,京东自营,雪凝奶皮子酸奶原味800g*12,300.0
2025-08-12,京东,京东自营,雪凝茯苓杯装酸奶DSHB(150g*8*6),1032.0
2025-08-12,其他,其他,100g原味酸奶,36.0
2025-08-12,其他,其他,72℃屋型鲜牛乳(490ml*12盒),2.0
2025-08-12,其他,其他,72℃屋型鲜牛乳(950ml*12盒),12.0
2025-08-12,其他,其他,72℃鲜牛乳（瓶）900mL,351.0
2025-08-12,其他,其他,三元乐活(瓶)450mL*12,2.0
2025-08-12,其他,其他,三元乐活有机牛乳200mL*20,100.0
2025-08-12,其他,其他,三元乐活（瓶）200mL*20,4803.0
2025-08-12,其他,其他,三元南瓜来了200mL*20,29.0
2025-08-12,其他,其他,三元可可奶200mL*16,18.0
2025-08-12,其他,其他,三元每日新鲜950mL*12,11.0
2025-08-12,其他,其他,三元牛角包双莓牛奶200mL*16,3.0
2025-08-12,其他,其他,三元牛角包巧克力牛奶200mL*16,18.0
2025-08-12,其他,其他,三元牛角包椰子牛奶200mL*16,12.0
2025-08-12,其他,其他,三元真的好巧200mL*20,100.0
2025-08-12,其他,其他,三元纯牛奶180mL*12,12.0
2025-08-12,其他,其他,三元芋你鲜活200mL*20,18.0
2025-08-12,其他,其他,三元草莓黑米三连杯130g*3*8,36.0
2025-08-12,其他,其他,三元草莓黑米杯酸130g*24,194.0
2025-08-12,其他,其他,三元莓天鲜活200mL*20,50.0
2025-08-12,其他,其他,三元青提芝士三连杯130g*3*8,132.0
2025-08-12,其他,其他,三元青提芝士杯酸130g*24,137.0
2025-08-12,其他,其他,中天酸(480g*12),40.0
2025-08-12,其他,其他,优选瓶装鲜牛乳(450ml*12瓶),188.0
2025-08-12,其他,其他,优选鲜牛乳240ml*20,54.0
2025-08-12,其他,其他,全脂桶（1*6）,36.0
2025-08-12,其他,其他,全脂酸牛奶原味(100g*8),6.0
2025-08-12,其他,其他,原圆形配餐杯100g,11169.0
2025-08-12,其他,其他,大大果块桑葚+蓝莓260g*12,188.0
2025-08-12,其他,其他,大果块哈密瓜青提260g*12,30.0
2025-08-12,其他,其他,大果块草莓+桑葚260g*12,89.0
2025-08-12,其他,其他,大果块草莓+黄桃260g*12,355.0
2025-08-12,其他,其他,大果块黄桃+芒果260g*12,152.0
2025-08-12,其他,其他,天然桶装酸牛奶(1*6),17.0
2025-08-12,其他,其他,天然桶装酸牛奶1kg,14.0
2025-08-12,其他,其他,小康（1*12）,66.0
2025-08-12,其他,其他,屋型酸牛奶梨+菠萝480g*12,8.0
2025-08-12,其他,其他,屋型酸牛奶草莓+树莓480g*12,6.0
2025-08-12,其他,其他,极致1+1鲜牛奶240mL*20,10.0
2025-08-12,其他,其他,极致1+1鲜牛奶900mL*6,36.0
2025-08-12,其他,其他,极致A2鲜奶240*20,244.0
2025-08-12,其他,其他,极致A2鲜奶900*6,48.0
2025-08-12,其他,其他,极致有机鲜牛奶 900ML,123.0
2025-08-12,其他,其他,极致有机鲜牛奶240ML,196.0
2025-08-12,其他,其他,烤橙子灵芝爆珠杯酸130g*24,5.0
2025-08-12,其他,其他,烤橙子陈皮爆珠杯酸130g*24,46.0
2025-08-12,其他,其他,特品纯鲜牛奶(1*60),8499.0
2025-08-12,其他,其他,益菌多原味(125g*8),61.0
2025-08-12,其他,其他,益菌多无蔗糖(125g*8),74.0
2025-08-12,其他,其他,益菌多草莓(125g*8),3.0
2025-08-12,其他,其他,益菌多黄桃(125g*8),5.0
2025-08-12,其他,其他,简卡原味八连杯100g*8*12,6.0
2025-08-12,其他,其他,简卡原味桶酸1kg*9,16.0
2025-08-12,其他,其他,简卡原味袋五连包150g*5*10,43.0
2025-08-12,其他,其他,老北京杯装酸牛奶(139g*24),1092.0
2025-08-12,其他,其他,袋装天然酸奶(180g*60),525.0
2025-08-12,其他,其他,袋装无糖酸奶(180g*60),715.0
2025-08-12,其他,其他,轻能利乐冠—蓝莓+大麦250g,9.0
2025-08-12,其他,其他,轻能利乐冠—黄桃+大麦250g,9.0
2025-08-12,其他,其他,轻能苗条红西柚燕麦250g*24,8.0
2025-08-12,其他,其他,雪凝炭烧奶皮子杯酸130g*24,3.0
2025-08-12,其他,其他,雪凝炭烧奶皮子酸奶盒装800g*12,4.0
2025-08-12,其他,其他,雪凝茯苓杯装酸奶150g*4*14,456.0
2025-08-12,其他,其他,鲜牛奶(1*60),36.0
2025-08-12,天猫,猫旗,72℃屋型鲜牛乳(950ml*12盒),110.0
2025-08-12,天猫,猫旗,72℃鲜牛乳（瓶）900mL,517.0
2025-08-12,天猫,猫旗,三元乐活(瓶)450mL*12,2344.0
2025-08-12,天猫,猫旗,三元乐活950mL*12,930.0
2025-08-12,天猫,猫旗,三元乐活有机牛乳200mL*20,950.0
2025-08-12,天猫,猫旗,三元乐活（瓶）200mL*20,19968.0
2025-08-12,天猫,猫旗,三元南瓜来了200mL*20,700.0
2025-08-12,天猫,猫旗,三元南瓜来了450mL*12,106.0
2025-08-12,天猫,猫旗,三元真的好巧200mL*20,5836.0
2025-08-12,天猫,猫旗,三元真的好巧450mL*12,385.0
2025-08-12,天猫,猫旗,三元芋你鲜活200mL*20,260.0
2025-08-12,天猫,猫旗,三元芋你鲜活450mL*12,125.0
2025-08-12,天猫,猫旗,三元草莓黑米杯酸130g*24,762.0
2025-08-12,天猫,猫旗,三元青提芝士杯酸130g*24,1274.0
2025-08-12,天猫,猫旗,优选瓶装鲜牛乳(450ml*12瓶),265.0
2025-08-12,天猫,猫旗,优选鲜牛乳240ml*20,357.0
2025-08-12,天猫,猫旗,大大果块桑葚+蓝莓260g*12,6.0
2025-08-12,天猫,猫旗,大果块草莓+桑葚260g*12,6.0
2025-08-12,天猫,猫旗,大果块草莓+黄桃260g*12,6.0
2025-08-12,天猫,猫旗,大果块黄桃+芒果260g*12,6.0
2025-08-12,天猫,猫旗,天然桶装酸牛奶1kg,208.0
2025-08-12,天猫,猫旗,极致1+1鲜牛奶900mL*6,28.0
2025-08-12,天猫,猫旗,极致A2鲜奶240*20,644.0
2025-08-12,天猫,猫旗,极致A2鲜奶900*6,52.0
2025-08-12,天猫,猫旗,极致有机鲜牛奶 900ML,296.0
2025-08-12,天猫,猫旗,极致有机鲜牛奶240ML,596.0
2025-08-12,天猫,猫旗,极致有机鲜牛奶450mL*12,16.0
2025-08-12,天猫,猫旗,烤橙子灵芝爆珠杯酸130g*24,5.0
2025-08-12,天猫,猫旗,烤橙子陈皮爆珠杯酸130g*24,13.0
2025-08-12,天猫,猫旗,石榴红参爆珠杯酸130g*24,5.0
2025-08-12,天猫,猫旗,简卡原味桶酸1kg*9,13.0
2025-08-12,天猫,猫旗,简卡原味袋五连包150g*5*10,16.0
2025-08-12,天猫,猫旗,老北京杯装酸牛奶(139g*24),946.0
2025-08-12,天猫,猫旗,轻能利乐冠—蓝莓+大麦250g,60.0
2025-08-12,天猫,猫旗,轻能利乐冠—黄桃+大麦250g,81.0
2025-08-12,天猫,猫旗,轻能苗条牛油果燕麦250g*24,6.0
2025-08-12,天猫,猫旗,雪凝原味盒酸800g*12,285.0
2025-08-12,天猫,猫旗,雪凝奶皮子酸奶原味800g*12,37.0
2025-08-12,天猫,猫旗,雪凝炭烧奶皮子杯酸130g*24,92.0
2025-08-12,天猫,猫旗,雪凝炭烧奶皮子酸奶盒装800g*12,30.0
2025-08-12,天猫,猫旗,雪凝茯苓杯装酸奶150g*4*14,408.0
2025-08-12,天猫,猫旗,雪凝草莓山楂盒酸800g*12,176.0
2025-08-12,天猫,猫超,72℃鲜牛乳（瓶）900mL,50.0
2025-08-12,天猫,猫超,三元乐活(瓶)450mL*12,48.0
2025-08-12,天猫,猫超,三元乐活950mL*12,348.0
2025-08-12,天猫,猫超,三元乐活（瓶）200mL*20,540.0
2025-08-12,天猫,猫超,三元南瓜来了200mL*20,50.0
2025-08-12,天猫,猫超,三元真的好巧200mL*20,195.0
2025-08-12,天猫,猫超,三元草莓黑米杯酸130g*24,18.0
2025-08-12,天猫,猫超,三元青提芝士杯酸130g*24,36.0
2025-08-12,天猫,猫超,优选瓶装鲜牛乳(450ml*12瓶),130.0
2025-08-12,天猫,猫超,优选鲜牛乳240ml*20,1228.0
2025-08-12,天猫,猫超,极致A2鲜奶240*20,117.0
2025-08-12,天猫,猫超,极致A2鲜奶900*6,17.0
2025-08-12,天猫,猫超,极致有机鲜牛奶 900ML,91.0
2025-08-12,天猫,猫超,极致有机鲜牛奶240ML,127.0
2025-08-12,天猫,猫超,烤橙子陈皮爆珠杯酸130g*24,12.0
2025-08-12,天猫,猫超,石榴红参爆珠杯酸130g*24,6.0
2025-08-12,天猫,猫超,老北京杯装酸牛奶(139g*24),144.0
2025-08-12,天猫,猫超,雪凝原味盒酸800g*12,2.0
2025-08-12,天猫,猫超,雪凝奶皮子酸奶原味800g*12,20.0
2025-08-12,天猫,猫超,雪凝炭烧奶皮子酸奶盒装800g*12,12.0
2025-08-12,天猫,猫超,雪凝茯苓杯装酸奶150g*4*14,90.0
2025-08-12,天猫,猫超,雪凝草莓山楂盒酸800g*12,4.0
2025-08-12,抖音,抖音,三元乐活(瓶)450mL*12,4186.0
2025-08-12,抖音,抖音,三元乐活有机牛乳200mL*20,4770.0
2025-08-12,抖音,抖音,三元乐活有机牛乳450mL*12,1979.0
2025-08-12,抖音,抖音,三元乐活（瓶）200mL*20,34664.0
2025-08-12,抖音,抖音,三元南瓜来了200mL*20,409.0
2025-08-12,抖音,抖音,三元南瓜来了450mL*12,324.0
2025-08-12,抖音,抖音,三元真的好巧200mL*20,361.0
2025-08-12,抖音,抖音,三元真的好巧450mL*12,82.0
2025-08-12,抖音,抖音,三元芋你鲜活200mL*20,383.0
2025-08-12,抖音,抖音,三元芋你鲜活450mL*12,200.0
2025-08-12,抖音,抖音,三元草莓黑米杯酸130g*24,3339.0
2025-08-12,抖音,抖音,三元莓天鲜活200mL*20,310.0
2025-08-12,抖音,抖音,三元莓天鲜活450mL*12,246.0
2025-08-12,抖音,抖音,三元青提芝士杯酸130g*24,3573.0
2025-08-12,抖音,抖音,优选瓶装鲜牛乳(450ml*12瓶),443.0
2025-08-12,抖音,抖音,优选鲜牛乳240ml*20,2054.0
2025-08-12,抖音,抖音,大大果块桑葚+蓝莓260g*12,21.0
2025-08-12,抖音,抖音,大果块草莓+桑葚260g*12,3.0
2025-08-12,抖音,抖音,大果块草莓+黄桃260g*12,10.0
2025-08-12,抖音,抖音,大果块黄桃+芒果260g*12,12.0
2025-08-12,抖音,抖音,极致A2鲜奶240*20,619.0
2025-08-12,抖音,抖音,极致A2鲜奶900*6,48.0
2025-08-12,抖音,抖音,极致有机鲜牛奶 900ML,133.0
2025-08-12,抖音,抖音,极致有机鲜牛奶240ML,978.0
2025-08-12,抖音,抖音,老北京杯装酸牛奶(139g*24),164.0
2025-08-12,抖音,抖音,雪凝奶皮子酸奶原味800g*12,3323.0
2025-08-12,抖音,抖音,雪凝炭烧奶皮子酸奶盒装800g*12,2894.0
2025-08-12,拼多多,多多买菜,100g原味酸奶,160.0
2025-08-12,拼多多,多多买菜,三元乐活950mL*12,144.0
2025-08-12,拼多多,多多买菜,三元芋你鲜活200mL*20,200.0
2025-08-12,拼多多,多多买菜,原圆形配餐杯100g,360.0
2025-08-12,拼多多,多多买菜,大果块草莓+黄桃260g*12,84.0
2025-08-12,拼多多,多多买菜,天然桶装酸牛奶1kg,270.0
2025-08-12,拼多多,多多买菜,老北京杯装酸牛奶(139g*24),240.0
2025-08-12,拼多多,拼多多,100g原味酸奶,126.0
2025-08-12,拼多多,拼多多,72℃鲜牛乳（瓶）900mL,2184.0
2025-08-12,拼多多,拼多多,三元乐活(瓶)450mL*12,1367.0
2025-08-12,拼多多,拼多多,三元乐活有机牛乳200mL*20,48.0
2025-08-12,拼多多,拼多多,三元乐活有机牛乳450mL*12,8.0
2025-08-12,拼多多,拼多多,三元乐活（瓶）200mL*20,36.0
2025-08-12,拼多多,拼多多,三元南瓜来了200mL*20,35.0
2025-08-12,拼多多,拼多多,三元南瓜来了450mL*12,8.0
2025-08-12,拼多多,拼多多,三元真的好巧200mL*20,190.0
2025-08-12,拼多多,拼多多,三元真的好巧450mL*12,63.0
2025-08-12,拼多多,拼多多,三元芋你鲜活450mL*12,372.0
2025-08-12,拼多多,拼多多,三元草莓黑米杯酸130g*24,14.0
2025-08-12,拼多多,拼多多,三元青提芝士杯酸130g*24,2.0
2025-08-12,拼多多,拼多多,中天酸(480g*12),29.0
2025-08-12,拼多多,拼多多,优选瓶装鲜牛乳(450ml*12瓶),261.0
2025-08-12,拼多多,拼多多,大大果块桑葚+蓝莓260g*12,320.0
2025-08-12,拼多多,拼多多,大果块草莓+桑葚260g*12,389.0
2025-08-12,拼多多,拼多多,大果块草莓+黄桃260g*12,129.0
2025-08-12,拼多多,拼多多,大果块黄桃+芒果260g*12,530.0
2025-08-12,拼多多,拼多多,屋型酸牛奶梨+菠萝480g*12,34.0
2025-08-12,拼多多,拼多多,屋型酸牛奶草莓+树莓480g*12,39.0
2025-08-12,拼多多,拼多多,极致1+1鲜牛奶900mL*6,43.0
2025-08-12,拼多多,拼多多,极致A2鲜奶240*20,470.0
2025-08-12,拼多多,拼多多,极致A2鲜奶900*6,30.0
2025-08-12,拼多多,拼多多,极致有机鲜牛奶 900ML,1503.0
2025-08-12,拼多多,拼多多,极致有机鲜牛奶240ML,18.0
2025-08-12,拼多多,拼多多,烤橙子灵芝爆珠杯酸130g*24,35.0
2025-08-12,拼多多,拼多多,烤橙子陈皮爆珠杯酸130g*24,41.0
2025-08-12,拼多多,拼多多,石榴红参爆珠杯酸130g*24,37.0
2025-08-12,拼多多,拼多多,简卡原味桶酸1kg*9,138.0
2025-08-12,拼多多,拼多多,简卡原味袋五连包150g*5*10,10.0
2025-08-12,拼多多,拼多多,老北京杯装酸牛奶(139g*24),34.0
2025-08-12,拼多多,拼多多,轻能利乐冠—蓝莓+大麦250g,123.0
2025-08-12,拼多多,拼多多,轻能利乐冠—黄桃+大麦250g,117.0
2025-08-12,拼多多,拼多多,轻能苗条牛油果燕麦250g*24,74.0
2025-08-12,拼多多,拼多多,轻能苗条红西柚燕麦250g*24,78.0
2025-08-12,拼多多,拼多多,雪凝炭烧奶皮子杯酸130g*24,48.0
2025-08-12,拼多多,拼多多,雪凝茯苓杯装酸奶150g*4*14,1862.0
2025-08-12,新零售,新零售,72℃鲜牛乳（瓶）900mL,16728.0
2025-08-12,新零售,新零售,三元晚安奶250mL*4*6,2430.0
2025-08-12,新零售,新零售,三元每日新鲜950mL*12,1680.0
2025-08-12,新零售,新零售,三元真的好巧200mL*20,3620.0
2025-08-12,新零售,新零售,三元草莓黑米三连杯130g*3*8,16.0
2025-08-12,新零售,新零售,中脱（1*12）,1116.0
2025-08-12,新零售,新零售,优选瓶装鲜牛乳(450ml*12瓶),5460.0
2025-08-12,新零售,新零售,全脂桶（1*6）,1596.0
2025-08-12,新零售,新零售,全脂酸牛奶原味(100g*8),132.0
2025-08-12,新零售,新零售,大果块草莓+黄桃260g*12,312.0
2025-08-12,新零售,新零售,大果块黄桃+芒果260g*12,360.0
2025-08-12,新零售,新零售,天然桶装酸牛奶(1*6),1392.0
2025-08-12,新零售,新零售,小康（1*12）,7416.0
2025-08-12,新零售,新零售,屋型酸牛奶草莓+树莓480g*12,816.0
2025-08-12,新零售,新零售,极致1+1鲜牛奶240mL*20,680.0
2025-08-12,新零售,新零售,极致1+1鲜牛奶900mL*6,270.0
2025-08-12,新零售,新零售,极致A2鲜奶240*20,820.0
2025-08-12,新零售,新零售,极致A2鲜奶900*6,1116.0
2025-08-12,新零售,新零售,极致有机鲜牛奶 900ML,5922.0
2025-08-12,新零售,新零售,极致有机鲜牛奶240ML,5140.0
2025-08-12,新零售,新零售,烤橙子灵芝爆珠杯酸130g*24,72.0
2025-08-12,新零售,新零售,烤橙子陈皮爆珠杯酸130g*24,144.0
2025-08-12,新零售,新零售,特品纯鲜牛奶(1*60),16200.0
2025-08-12,新零售,新零售,益菌多原味(125g*8),704.0
2025-08-12,新零售,新零售,益菌多无蔗糖(125g*8),282.0
2025-08-12,新零售,新零售,盒马日日鲜星期二950ml,11544.0
2025-08-12,新零售,新零售,盒马红颜草莓奶450mL*12,24252.0
2025-08-12,新零售,新零售,简卡原味八连杯100g*8*12,1368.0
2025-08-12,新零售,新零售,简卡原味桶酸1kg*9,315.0
2025-08-12,新零售,新零售,简卡原味袋五连包150g*5*10,760.0
2025-08-12,新零售,新零售,老北京杯装酸牛奶(139g*24),2184.0
2025-08-12,新零售,新零售,脱脂桶（1*6）,96.0
2025-08-12,新零售,新零售,袋装天然酸奶(180g*60),1440.0
2025-08-12,新零售,新零售,袋装无糖酸奶(180g*60),1320.0
2025-08-12,新零售,新零售,象划算风味发酵乳,9.0
2025-08-12,新零售,新零售,雪凝奶皮子酸奶原味800g*12,72.0
2025-08-12,新零售,新零售,雪凝茯苓杯装酸奶150g*4*14,882.0
2025-08-12,新零售,新零售,雪凝茯苓杯酸纸箱150g*4*14,2674.0
2025-08-13,京东,京东自营,72℃屋型鲜牛乳(950ml*12盒),288.0
2025-08-13,京东,京东自营,72℃鲜牛乳（瓶）900mL,510.0
2025-08-13,京东,京东自营,三元乐活(瓶)450mL*12,12.0
2025-08-13,京东,京东自营,三元乐活950mL*12,72.0
2025-08-13,京东,京东自营,三元乐活瓶装高温杀菌乳450mL*6,4.0
2025-08-13,京东,京东自营,三元乐活（瓶）200mL*20,460.0
2025-08-13,京东,京东自营,三元每日新鲜950mL*12,264.0
2025-08-13,京东,京东自营,三元纯牛奶180mL*12,108.0
2025-08-13,京东,京东自营,三元芋你鲜活450mL*12,48.0
2025-08-13,京东,京东自营,三元草莓黑米三连杯130g*3*8,8.0
2025-08-13,京东,京东自营,三元青提芝士三连杯130g*3*8,16.0
2025-08-13,京东,京东自营,优选瓶装鲜牛乳(450ml*12瓶),12.0
2025-08-13,京东,京东自营,优选鲜牛乳240ml*20,120.0
2025-08-13,京东,京东自营,全脂桶（1*6）,270.0
2025-08-13,京东,京东自营,大大果块桑葚+蓝莓260g*12,12.0
2025-08-13,京东,京东自营,大果块草莓+黄桃260g*12,12.0
2025-08-13,京东,京东自营,大果块黄桃+芒果260g*12,12.0
2025-08-13,京东,京东自营,天然桶装酸牛奶(1*6),96.0
2025-08-13,京东,京东自营,天然桶装酸牛奶1kg,9.0
2025-08-13,京东,京东自营,小康（1*12）,396.0
2025-08-13,京东,京东自营,极致1+1鲜牛奶900mL*6,90.0
2025-08-13,京东,京东自营,极致A2鲜奶240*20,480.0
2025-08-13,京东,京东自营,极致A2鲜奶900*6,138.0
2025-08-13,京东,京东自营,极致有机鲜牛奶 900ML,1092.0
2025-08-13,京东,京东自营,极致有机鲜牛奶240ML,1060.0
2025-08-13,京东,京东自营,极致有机鲜牛奶450mL*12,84.0
2025-08-13,京东,京东自营,益菌多原味酸牛奶DSHB（125g*16）,6.0
2025-08-13,京东,京东自营,益菌多无蔗糖酸牛奶DSHB(125g*16),6.0
2025-08-13,京东,京东自营,简卡原味桶酸1kg*9,27.0
2025-08-13,京东,京东自营,简卡原味袋五连包150g*5*10,10.0
2025-08-13,京东,京东自营,脱脂桶（1*6）,120.0
2025-08-13,京东,京东自营,袋装天然酸奶(180g*60),1800.0
2025-08-13,京东,京东自营,轻能利乐冠DSHB-黄桃+大麦250g*4,12.0
2025-08-13,京东,京东自营,雪凝原味盒酸800g*12,12.0
2025-08-13,京东,京东自营,雪凝奶皮子酸奶原味800g*12,12.0
2025-08-13,京东,京东自营,雪凝茯苓杯装酸奶DSHB(150g*8*6),18.0
2025-08-13,京东,京东自营,雪凝草莓山楂盒酸800g*12,204.0
2025-08-13,其他,其他,72℃鲜牛乳（瓶）900mL,42.0
2025-08-13,其他,其他,优选瓶装鲜牛乳(450ml*12瓶),108.0
2025-08-13,其他,其他,原圆形配餐杯100g,72.0
2025-08-13,其他,其他,大果块草莓+桑葚260g*12,12.0
2025-08-13,其他,其他,极致1+1鲜牛奶900mL*6,12.0
2025-08-13,其他,其他,极致A2鲜奶240*20,40.0
2025-08-13,其他,其他,极致有机鲜牛奶 900ML,36.0
2025-08-13,其他,其他,特品纯鲜牛奶(1*60),1680.0
2025-08-13,其他,其他,益菌多原味(125g*8),16.0
2025-08-13,其他,其他,益菌多无蔗糖(125g*8),16.0
2025-08-13,其他,其他,益菌多草莓(125g*8),2.0
2025-08-13,其他,其他,益菌多黄桃(125g*8),2.0
2025-08-13,其他,其他,盒马日日鲜星期六950ml,2052.0
2025-08-13,其他,其他,老北京杯装酸牛奶(139g*24),144.0
2025-08-13,其他,其他,袋装天然酸奶(180g*60),120.0
2025-08-13,其他,其他,袋装无糖酸奶(180g*60),60.0
2025-08-13,其他,其他,雪凝原味盒酸800g*12,12.0
2025-08-13,其他,其他,雪凝奶皮子酸奶原味800g*12,48.0
2025-08-13,其他,其他,雪凝茯苓杯装酸奶150g*4*14,84.0
2025-08-13,其他,其他,雪凝草莓山楂盒酸800g*12,12.0
2025-08-13,新零售,新零售,72℃鲜牛乳（瓶）900mL,14580.0
2025-08-13,新零售,新零售,三元晚安奶250mL*4*6,378.0
2025-08-13,新零售,新零售,三元每日新鲜950mL*12,2004.0
2025-08-13,新零售,新零售,三元草莓黑米三连杯130g*3*8,24.0
2025-08-13,新零售,新零售,三元青提芝士三连杯130g*3*8,40.0
2025-08-13,新零售,新零售,中脱（1*12）,1236.0
2025-08-13,新零售,新零售,优选瓶装鲜牛乳(450ml*12瓶),4908.0
2025-08-13,新零售,新零售,全脂桶（1*6）,1650.0
2025-08-13,新零售,新零售,全脂酸牛奶原味(100g*8),192.0
2025-08-13,新零售,新零售,大果块草莓+黄桃260g*12,264.0
2025-08-13,新零售,新零售,大果块黄桃+芒果260g*12,312.0
2025-08-13,新零售,新零售,天然桶装酸牛奶(1*6),1308.0
2025-08-13,新零售,新零售,小康（1*12）,9300.0
2025-08-13,新零售,新零售,屋型酸牛奶草莓+树莓480g*12,180.0
2025-08-13,新零售,新零售,极致1+1鲜牛奶240mL*20,520.0
2025-08-13,新零售,新零售,极致1+1鲜牛奶900mL*6,192.0
2025-08-13,新零售,新零售,极致A2鲜奶240*20,220.0
2025-08-13,新零售,新零售,极致A2鲜奶900*6,1056.0
2025-08-13,新零售,新零售,极致有机鲜牛奶 900ML,5652.0
2025-08-13,新零售,新零售,极致有机鲜牛奶240ML,5340.0
2025-08-13,新零售,新零售,极致有机鲜牛奶450mL*12,240.0
2025-08-13,新零售,新零售,烤橙子灵芝爆珠杯酸130g*24,72.0
2025-08-13,新零售,新零售,烤橙子陈皮爆珠杯酸130g*24,144.0
2025-08-13,新零售,新零售,特品纯鲜牛奶(1*60),20160.0
2025-08-13,新零售,新零售,益菌多原味(125g*8),821.0
2025-08-13,新零售,新零售,益菌多无蔗糖(125g*8),284.0
2025-08-13,新零售,新零售,盒马原味桶酸1.5kg*6,10104.0
2025-08-13,新零售,新零售,盒马日日鲜星期三950ml,10392.0
2025-08-13,新零售,新零售,盒马有机桶鲜1.5L*6,5136.0
2025-08-13,新零售,新零售,盒马红颜草莓奶450mL*12,3180.0
2025-08-13,新零售,新零售,简卡原味八连杯100g*8*12,1452.0
2025-08-13,新零售,新零售,简卡原味桶酸1kg*9,279.0
2025-08-13,新零售,新零售,简卡原味袋五连包150g*5*10,870.0
2025-08-13,新零售,新零售,老北京杯装酸牛奶(139g*24),2208.0
2025-08-13,新零售,新零售,脱脂桶（1*6）,114.0
2025-08-13,新零售,新零售,袋装天然酸奶(180g*60),1920.0
2025-08-13,新零售,新零售,袋装无糖酸奶(180g*60),1080.0
2025-08-13,新零售,新零售,雪凝茯苓杯装酸奶150g*4*14,966.0
2025-08-13,新零售,新零售,雪凝茯苓杯酸纸箱150g*4*14,2562.0
2025-08-14,京东,京东自营,72℃屋型鲜牛乳(950ml*12盒),228.0
2025-08-14,京东,京东自营,72℃鲜牛乳（瓶）900mL,414.0
2025-08-14,京东,京东自营,三元乐活(瓶)450mL*12,180.0
2025-08-14,京东,京东自营,三元乐活950mL*12,504.0
2025-08-14,京东,京东自营,三元乐活有机牛乳200mL*20,40.0
2025-08-14,京东,京东自营,三元乐活有机牛乳450mL*12,180.0
2025-08-14,京东,京东自营,三元乐活瓶装高温杀菌乳450mL*6,48.0
2025-08-14,京东,京东自营,三元乐活（瓶）200mL*20,1120.0
2025-08-14,京东,京东自营,三元南瓜来了450mL*12,264.0
2025-08-14,京东,京东自营,三元每日新鲜950mL*12,192.0
2025-08-14,京东,京东自营,三元老北京酸牛奶（139g*8*4）,152.0
2025-08-14,京东,京东自营,三元芋你鲜活200mL*20,80.0
2025-08-14,京东,京东自营,三元芋你鲜活450mL*12,36.0
2025-08-14,京东,京东自营,三元草莓黑米三连杯130g*3*8,176.0
2025-08-14,京东,京东自营,三元莓天鲜活450mL*12,240.0
2025-08-14,京东,京东自营,三元青提芝士三连杯130g*3*8,280.0
2025-08-14,京东,京东自营,中优选组合装DS(450ml*2*8),728.0
2025-08-14,京东,京东自营,优选鲜牛乳240ml*20,200.0
2025-08-14,京东,京东自营,全脂桶（1*6）,738.0
2025-08-14,京东,京东自营,天然桶装酸牛奶(1*6),228.0
2025-08-14,京东,京东自营,小康（1*12）,528.0
2025-08-14,京东,京东自营,极致1+1鲜牛奶900mL*6,90.0
2025-08-14,京东,京东自营,极致A2鲜奶240*20,360.0
2025-08-14,京东,京东自营,极致A2鲜奶900*6,510.0
2025-08-14,京东,京东自营,极致有机鲜牛奶 900ML,786.0
2025-08-14,京东,京东自营,极致有机鲜牛奶240ML,380.0
2025-08-14,京东,京东自营,简卡原味桶酸1kg*9,495.0
2025-08-14,京东,京东自营,脱脂桶（1*6）,252.0
2025-08-14,京东,京东自营,袋装天然酸奶(180g*60),420.0
2025-08-14,京东,京东自营,雪凝原味盒酸800g*12,228.0
2025-08-14,京东,京东自营,雪凝奶皮子酸奶原味800g*12,288.0
2025-08-14,京东,京东自营,雪凝炭烧奶皮子酸奶盒装800g*12,108.0
2025-08-14,京东,京东自营,雪凝草莓山楂盒酸800g*12,84.0
2025-08-14,其他,其他,100g原味酸奶,16.0
2025-08-14,其他,其他,72℃屋型鲜牛乳(950ml*12盒),12.0
2025-08-14,其他,其他,72℃鲜牛乳（瓶）900mL,308.0
2025-08-14,其他,其他,三元乐活(瓶)450mL*12,24.0
2025-08-14,其他,其他,三元南瓜来了200mL*20,8.0
2025-08-14,其他,其他,三元可可奶200mL*16,35.0
2025-08-14,其他,其他,三元每日新鲜950mL*12,6.0
2025-08-14,其他,其他,三元牛角包椰子牛奶200mL*16,6.0
2025-08-14,其他,其他,三元真的好巧200mL*20,40.0
2025-08-14,其他,其他,三元芋你鲜活200mL*20,3.0
2025-08-14,其他,其他,三元草莓黑米杯酸130g*24,54.0
2025-08-14,其他,其他,三元莓天鲜活200mL*20,3.0
2025-08-14,其他,其他,三元青提芝士杯酸130g*24,63.0
2025-08-14,其他,其他,中天酸(480g*12),18.0
2025-08-14,其他,其他,优选瓶装鲜牛乳(450ml*12瓶),144.0
2025-08-14,其他,其他,优选鲜牛乳240ml*20,20.0
2025-08-14,其他,其他,全脂桶（1*6）,16.0
2025-08-14,其他,其他,全脂酸牛奶原味(100g*8),9.0
2025-08-14,其他,其他,原圆形配餐杯100g,21744.0
2025-08-14,其他,其他,大大果块桑葚+蓝莓260g*12,78.0
2025-08-14,其他,其他,大果块哈密瓜青提260g*12,15.0
2025-08-14,其他,其他,大果块草莓+桑葚260g*12,96.0
2025-08-14,其他,其他,大果块草莓+黄桃260g*12,105.0
2025-08-14,其他,其他,大果块黄桃+芒果260g*12,45.0
2025-08-14,其他,其他,天然桶装酸牛奶(1*6),6.0
2025-08-14,其他,其他,天然桶装酸牛奶1kg,8.0
2025-08-14,其他,其他,小康（1*12）,36.0
2025-08-14,其他,其他,屋型酸牛奶梨+菠萝480g*12,24.0
2025-08-14,其他,其他,屋型酸牛奶草莓+树莓480g*12,16.0
2025-08-14,其他,其他,极致1+1鲜牛奶900mL*6,4.0
2025-08-14,其他,其他,极致A2鲜奶240*20,68.0
2025-08-14,其他,其他,极致A2鲜奶900*6,68.0
2025-08-14,其他,其他,极致有机鲜牛奶 900ML,70.0
2025-08-14,其他,其他,极致有机鲜牛奶240ML,9.0
2025-08-14,其他,其他,烤橙子灵芝爆珠杯酸130g*24,3.0
2025-08-14,其他,其他,特品纯鲜牛奶(1*60),6120.0
2025-08-14,其他,其他,益菌多原味(125g*8),42.0
2025-08-14,其他,其他,益菌多无蔗糖(125g*8),52.0
2025-08-14,其他,其他,益菌多草莓(125g*8),4.0
2025-08-14,其他,其他,益菌多黄桃(125g*8),3.0
2025-08-14,其他,其他,简卡原味八连杯100g*8*12,3.0
2025-08-14,其他,其他,简卡原味桶酸1kg*9,9.0
2025-08-14,其他,其他,简卡原味袋五连包150g*5*10,35.0
2025-08-14,其他,其他,老北京杯装酸牛奶(139g*24),1072.0
2025-08-14,其他,其他,袋装天然酸奶(180g*60),515.0
2025-08-14,其他,其他,袋装无糖酸奶(180g*60),470.0
2025-08-14,其他,其他,轻能利乐冠—黄桃+大麦250g,15.0
2025-08-14,其他,其他,雪凝炭烧奶皮子杯酸130g*24,6.0
2025-08-14,其他,其他,雪凝炭烧奶皮子酸奶盒装800g*12,1.0
2025-08-14,其他,其他,雪凝茯苓杯装酸奶150g*4*14,392.0
2025-08-14,其他,其他,鲜牛奶(1*60),66.0
2025-08-14,拼多多,多多买菜,100g原味酸奶,100.0
2025-08-14,拼多多,多多买菜,三元乐活950mL*12,84.0
2025-08-14,拼多多,多多买菜,原圆形配餐杯100g,288.0
2025-08-14,拼多多,多多买菜,大果块草莓+黄桃260g*12,180.0
2025-08-14,拼多多,多多买菜,天然桶装酸牛奶1kg,270.0
2025-08-14,新零售,新零售,72℃鲜牛乳（瓶）900mL,14538.0
2025-08-14,新零售,新零售,三元南瓜来了200mL*20,1420.0
2025-08-14,新零售,新零售,三元每日新鲜950mL*12,1812.0
2025-08-14,新零售,新零售,三元牛角包双莓牛奶200mL*16,16.0
2025-08-14,新零售,新零售,三元草莓黑米三连杯130g*3*8,16.0
2025-08-14,新零售,新零售,三元青提芝士三连杯130g*3*8,32.0
2025-08-14,新零售,新零售,中脱（1*12）,1140.0
2025-08-14,新零售,新零售,优选瓶装鲜牛乳(450ml*12瓶),4848.0
2025-08-14,新零售,新零售,全脂桶（1*6）,1632.0
2025-08-14,新零售,新零售,全脂酸牛奶原味(100g*8),300.0
2025-08-14,新零售,新零售,大果块草莓+黄桃260g*12,168.0
2025-08-14,新零售,新零售,大果块黄桃+芒果260g*12,360.0
2025-08-14,新零售,新零售,天然桶装酸牛奶(1*6),1662.0
2025-08-14,新零售,新零售,小康（1*12）,8856.0
2025-08-14,新零售,新零售,屋型酸牛奶草莓+树莓480g*12,876.0
2025-08-14,新零售,新零售,极致1+1鲜牛奶240mL*20,660.0
2025-08-14,新零售,新零售,极致1+1鲜牛奶900mL*6,198.0
2025-08-14,新零售,新零售,极致A2鲜奶240*20,720.0
2025-08-14,新零售,新零售,极致A2鲜奶900*6,1146.0
2025-08-14,新零售,新零售,极致有机鲜牛奶 900ML,5406.0
2025-08-14,新零售,新零售,极致有机鲜牛奶240ML,5680.0
2025-08-14,新零售,新零售,烤橙子灵芝爆珠杯酸130g*24,120.0
2025-08-14,新零售,新零售,烤橙子陈皮爆珠杯酸130g*24,144.0
2025-08-14,新零售,新零售,特品纯鲜牛奶(1*60),16080.0
2025-08-14,新零售,新零售,益菌多原味(125g*8),1065.0
2025-08-14,新零售,新零售,益菌多无蔗糖(125g*8),295.0
2025-08-14,新零售,新零售,盒马原味桶酸1.5kg*6,2124.0
2025-08-14,新零售,新零售,盒马日日鲜星期四950ml,10224.0
2025-08-14,新零售,新零售,盒马红颜草莓奶450mL*12,20376.0
2025-08-14,新零售,新零售,简卡原味八连杯100g*8*12,1488.0
2025-08-14,新零售,新零售,简卡原味桶酸1kg*9,369.0
2025-08-14,新零售,新零售,简卡原味袋五连包150g*5*10,910.0
2025-08-14,新零售,新零售,老北京杯装酸牛奶(139g*24),2664.0
2025-08-14,新零售,新零售,脱脂桶（1*6）,120.0
2025-08-14,新零售,新零售,袋装天然酸奶(180g*60),2640.0
2025-08-14,新零售,新零售,袋装无糖酸奶(180g*60),1080.0
2025-08-14,新零售,新零售,象划算风味发酵乳,1260.0
2025-08-14,新零售,新零售,雪凝奶皮子酸奶原味800g*12,216.0
2025-08-14,新零售,新零售,雪凝茯苓杯装酸奶150g*4*14,1484.0
2025-08-14,新零售,新零售,雪凝茯苓杯酸纸箱150g*4*14,2170.0
2025-08-15,京东,京东自营,72℃屋型鲜牛乳(490ml*12盒),12.0
2025-08-15,京东,京东自营,72℃屋型鲜牛乳(950ml*12盒),408.0
2025-08-15,京东,京东自营,72℃鲜牛乳（瓶）900mL,684.0
2025-08-15,京东,京东自营,三元乐活(瓶)450mL*12,36.0
2025-08-15,京东,京东自营,三元乐活950mL*12,132.0
2025-08-15,京东,京东自营,三元乐活有机牛乳450mL*12,24.0
2025-08-15,京东,京东自营,三元乐活瓶装高温杀菌乳450mL*6,8.0
2025-08-15,京东,京东自营,三元乐活（瓶）200mL*20,880.0
2025-08-15,京东,京东自营,三元南瓜来了450mL*12,12.0
2025-08-15,京东,京东自营,三元每日新鲜950mL*12,732.0
2025-08-15,京东,京东自营,三元纯牛奶180mL*12,888.0
2025-08-15,京东,京东自营,三元老北京酸牛奶（139g*8*4）,8.0
2025-08-15,京东,京东自营,三元芋你鲜活200mL*20,40.0
2025-08-15,京东,京东自营,三元芋你鲜活450mL*12,24.0
2025-08-15,京东,京东自营,三元草莓黑米三连杯130g*3*8,8.0
2025-08-15,京东,京东自营,三元莓天鲜活450mL*12,36.0
2025-08-15,京东,京东自营,三元青提芝士三连杯130g*3*8,8.0
2025-08-15,京东,京东自营,优选瓶装鲜牛乳(450ml*12瓶),204.0
2025-08-15,京东,京东自营,优选鲜牛乳240ml*20,700.0
2025-08-15,京东,京东自营,全脂桶（1*6）,444.0
2025-08-15,京东,京东自营,天然桶装酸牛奶(1*6),78.0
2025-08-15,京东,京东自营,小康（1*12）,540.0
2025-08-15,京东,京东自营,极致1+1鲜牛奶900mL*6,156.0
2025-08-15,京东,京东自营,极致A2鲜奶240*20,820.0
2025-08-15,京东,京东自营,极致A2鲜奶900*6,1140.0
2025-08-15,京东,京东自营,极致有机鲜牛奶 900ML,1698.0
2025-08-15,京东,京东自营,极致有机鲜牛奶240ML,1060.0
2025-08-15,京东,京东自营,简卡原味桶酸1kg*9,477.0
2025-08-15,京东,京东自营,脱脂桶（1*6）,132.0
2025-08-15,京东,京东自营,袋装天然酸奶(180g*60),480.0
2025-08-15,京东,京东自营,雪凝原味盒酸800g*12,24.0
2025-08-15,京东,京东自营,雪凝奶皮子酸奶原味800g*12,96.0
2025-08-15,京东,京东自营,雪凝炭烧奶皮子酸奶盒装800g*12,12.0
2025-08-15,京东,京东自营,雪凝草莓山楂盒酸800g*12,168.0
2025-08-15,其他,其他,72℃鲜牛乳（瓶）900mL,36.0
2025-08-15,其他,其他,优选瓶装鲜牛乳(450ml*12瓶),108.0
2025-08-15,其他,其他,原圆形配餐杯100g,72.0
2025-08-15,其他,其他,大大果块桑葚+蓝莓260g*12,60.0
2025-08-15,其他,其他,大果块哈密瓜青提260g*12,12.0
2025-08-15,其他,其他,大果块草莓+桑葚260g*12,108.0
2025-08-15,其他,其他,大果块草莓+黄桃260g*12,156.0
2025-08-15,其他,其他,大果块黄桃+芒果260g*12,144.0
2025-08-15,其他,其他,极致1+1鲜牛奶900mL*6,18.0
2025-08-15,其他,其他,极致A2鲜奶240*20,40.0
2025-08-15,其他,其他,极致有机鲜牛奶 900ML,28.0
2025-08-15,其他,其他,特品纯鲜牛奶(1*60),1680.0
2025-08-15,其他,其他,益菌多原味(125g*8),13.0
2025-08-15,其他,其他,益菌多无蔗糖(125g*8),16.0
2025-08-15,其他,其他,益菌多草莓(125g*8),2.0
2025-08-15,其他,其他,益菌多黄桃(125g*8),2.0
2025-08-15,其他,其他,老北京杯装酸牛奶(139g*24),144.0
2025-08-15,其他,其他,袋装天然酸奶(180g*60),120.0
2025-08-15,其他,其他,袋装无糖酸奶(180g*60),180.0
2025-08-15,其他,其他,雪凝茯苓杯装酸奶150g*4*14,112.0
2025-08-15,新零售,新零售,72℃鲜牛乳（瓶）900mL,14472.0
2025-08-15,新零售,新零售,三元每日新鲜950mL*12,2808.0
2025-08-15,新零售,新零售,三元牛角包巧克力牛奶200mL*16,2000.0
2025-08-15,新零售,新零售,三元草莓黑米三连杯130g*3*8,8.0
2025-08-15,新零售,新零售,三元青提芝士三连杯130g*3*8,24.0
2025-08-15,新零售,新零售,中脱（1*12）,1392.0
2025-08-15,新零售,新零售,优选瓶装鲜牛乳(450ml*12瓶),3900.0
2025-08-15,新零售,新零售,全脂桶（1*6）,1602.0
2025-08-15,新零售,新零售,全脂酸牛奶原味(100g*8),984.0
2025-08-15,新零售,新零售,大果块草莓+黄桃260g*12,372.0
2025-08-15,新零售,新零售,大果块黄桃+芒果260g*12,636.0
2025-08-15,新零售,新零售,天然桶装酸牛奶(1*6),1860.0
2025-08-15,新零售,新零售,小康（1*12）,10188.0
2025-08-15,新零售,新零售,屋型酸牛奶草莓+树莓480g*12,96.0
2025-08-15,新零售,新零售,极致1+1鲜牛奶240mL*20,600.0
2025-08-15,新零售,新零售,极致1+1鲜牛奶900mL*6,252.0
2025-08-15,新零售,新零售,极致A2鲜奶240*20,1140.0
2025-08-15,新零售,新零售,极致A2鲜奶900*6,1044.0
2025-08-15,新零售,新零售,极致有机鲜牛奶 900ML,4164.0
2025-08-15,新零售,新零售,极致有机鲜牛奶240ML,5440.0
2025-08-15,新零售,新零售,极致有机鲜牛奶450mL*12,240.0
2025-08-15,新零售,新零售,烤橙子灵芝爆珠杯酸130g*24,672.0
2025-08-15,新零售,新零售,烤橙子陈皮爆珠杯酸130g*24,696.0
2025-08-15,新零售,新零售,特品纯鲜牛奶(1*60),21900.0
2025-08-15,新零售,新零售,益菌多原味(125g*8),1660.0
2025-08-15,新零售,新零售,益菌多无蔗糖(125g*8),461.0
2025-08-15,新零售,新零售,盒马原味桶酸1.5kg*6,4884.0
2025-08-15,新零售,新零售,盒马日日鲜星期五950ml,7596.0
2025-08-15,新零售,新零售,盒马有机桶鲜1.5L*6,6624.0
2025-08-15,新零售,新零售,盒马红颜草莓奶450mL*12,2316.0
2025-08-15,新零售,新零售,简卡原味八连杯100g*8*12,1560.0
2025-08-15,新零售,新零售,简卡原味桶酸1kg*9,612.0
2025-08-15,新零售,新零售,简卡原味袋五连包150g*5*10,1000.0
2025-08-15,新零售,新零售,老北京杯装酸牛奶(139g*24),3024.0
2025-08-15,新零售,新零售,脱脂桶（1*6）,78.0
2025-08-15,新零售,新零售,袋装天然酸奶(180g*60),2640.0
2025-08-15,新零售,新零售,袋装无糖酸奶(180g*60),720.0
2025-08-15,新零售,新零售,雪凝炭烧奶皮子杯酸130g*24,432.0
2025-08-15,新零售,新零售,雪凝茯苓杯装酸奶150g*4*14,1610.0
2025-08-15,新零售,新零售,雪凝茯苓杯酸纸箱150g*4*14,2422.0
2025-08-16,京东,京东自营,72℃屋型鲜牛乳(950ml*12盒),648.0
2025-08-16,京东,京东自营,72℃鲜牛乳（瓶）900mL,924.0
2025-08-16,京东,京东自营,三元乐活(瓶)450mL*12,216.0
2025-08-16,京东,京东自营,三元乐活950mL*12,516.0
2025-08-16,京东,京东自营,三元乐活瓶装高温杀菌乳450mL*6,88.0
2025-08-16,京东,京东自营,三元乐活（瓶）200mL*20,640.0
2025-08-16,京东,京东自营,三元每日新鲜950mL*12,300.0
2025-08-16,京东,京东自营,三元真的好巧200mL*20,600.0
2025-08-16,京东,京东自营,三元真的好巧450mL*12,240.0
2025-08-16,京东,京东自营,三元纯牛奶180mL*12,1404.0
2025-08-16,京东,京东自营,三元老北京酸牛奶（139g*8*4）,108.0
2025-08-16,京东,京东自营,三元芋你鲜活200mL*20,180.0
2025-08-16,京东,京东自营,三元芋你鲜活450mL*12,24.0
2025-08-16,京东,京东自营,三元草莓黑米三连杯130g*3*8,32.0
2025-08-16,京东,京东自营,三元青提芝士三连杯130g*3*8,56.0
2025-08-16,京东,京东自营,中优选组合装DS(450ml*2*8),1056.0
2025-08-16,京东,京东自营,优选鲜牛乳240ml*20,400.0
2025-08-16,京东,京东自营,全脂桶（1*6）,762.0
2025-08-16,京东,京东自营,天然桶装酸牛奶(1*6),462.0
2025-08-16,京东,京东自营,小康（1*12）,756.0
2025-08-16,京东,京东自营,极致1+1鲜牛奶900mL*6,150.0
2025-08-16,京东,京东自营,极致A2鲜奶240*20,700.0
2025-08-16,京东,京东自营,极致A2鲜奶900*6,648.0
2025-08-16,京东,京东自营,极致有机鲜牛奶 900ML,942.0
2025-08-16,京东,京东自营,极致有机鲜牛奶240ML,900.0
2025-08-16,京东,京东自营,简卡原味桶酸1kg*9,855.0
2025-08-16,京东,京东自营,脱脂桶（1*6）,276.0
2025-08-16,京东,京东自营,袋装天然酸奶(180g*60),4560.0
2025-08-16,京东,京东自营,雪凝原味盒酸800g*12,96.0
2025-08-16,京东,京东自营,雪凝奶皮子酸奶原味800g*12,144.0
2025-08-16,京东,京东自营,雪凝草莓山楂盒酸800g*12,12.0
2025-08-16,其他,其他,100g原味酸奶,32.0
2025-08-16,其他,其他,72℃屋型鲜牛乳(950ml*12盒),16.0
2025-08-16,其他,其他,72℃鲜牛乳（瓶）900mL,424.0
2025-08-16,其他,其他,三元乐活(瓶)450mL*12,24.0
2025-08-16,其他,其他,三元乐活（瓶）200mL*20,9.0
2025-08-16,其他,其他,三元南瓜来了450mL*12,9.0
2025-08-16,其他,其他,三元可可奶200mL*16,6.0
2025-08-16,其他,其他,三元每日新鲜950mL*12,10.0
2025-08-16,其他,其他,三元牛角包双莓牛奶200mL*16,31.0
2025-08-16,其他,其他,三元牛角包巧克力牛奶200mL*16,37.0
2025-08-16,其他,其他,三元牛角包椰子牛奶200mL*16,3.0
2025-08-16,其他,其他,三元真的好巧200mL*20,6.0
2025-08-16,其他,其他,三元芋你鲜活200mL*20,33.0
2025-08-16,其他,其他,三元莓天鲜活200mL*20,38.0
2025-08-16,其他,其他,三元莓天鲜活450mL*12,2.0
2025-08-16,其他,其他,三元青提芝士杯酸130g*24,108.0
2025-08-16,其他,其他,中天酸(480g*12),54.0
2025-08-16,其他,其他,优选瓶装鲜牛乳(450ml*12瓶),192.0
2025-08-16,其他,其他,全脂桶（1*6）,19.0
2025-08-16,其他,其他,全脂酸牛奶原味(100g*8),19.0
2025-08-16,其他,其他,原圆形配餐杯100g,24552.0
2025-08-16,其他,其他,大大果块桑葚+蓝莓260g*12,30.0
2025-08-16,其他,其他,大果块哈密瓜青提260g*12,3.0
2025-08-16,其他,其他,大果块草莓+桑葚260g*12,46.0
2025-08-16,其他,其他,大果块草莓+黄桃260g*12,42.0
2025-08-16,其他,其他,大果块黄桃+芒果260g*12,49.0
2025-08-16,其他,其他,天然桶装酸牛奶(1*6),9.0
2025-08-16,其他,其他,天然桶装酸牛奶1kg,18.0
2025-08-16,其他,其他,小康（1*12）,84.0
2025-08-16,其他,其他,屋型酸牛奶梨+菠萝480g*12,30.0
2025-08-16,其他,其他,屋型酸牛奶草莓+树莓480g*12,24.0
2025-08-16,其他,其他,极致1+1鲜牛奶240mL*20,200.0
2025-08-16,其他,其他,极致1+1鲜牛奶900mL*6,4.0
2025-08-16,其他,其他,极致A2鲜奶240*20,110.0
2025-08-16,其他,其他,极致A2鲜奶900*6,22.0
2025-08-16,其他,其他,极致有机鲜牛奶 900ML,102.0
2025-08-16,其他,其他,极致有机鲜牛奶240ML,29.0
2025-08-16,其他,其他,特品纯鲜牛奶(1*60),7677.0
2025-08-16,其他,其他,益菌多原味(125g*8),70.0
2025-08-16,其他,其他,益菌多无蔗糖(125g*8),69.0
2025-08-16,其他,其他,益菌多草莓(125g*8),8.0
2025-08-16,其他,其他,益菌多黄桃(125g*8),7.0
2025-08-16,其他,其他,简卡原味八连杯100g*8*12,3.0
2025-08-16,其他,其他,简卡原味桶酸1kg*9,20.0
2025-08-16,其他,其他,简卡原味袋五连包150g*5*10,30.0
2025-08-16,其他,其他,老北京杯装酸牛奶(139g*24),584.0
2025-08-16,其他,其他,脱脂桶（1*6）,4.0
2025-08-16,其他,其他,袋装天然酸奶(180g*60),345.0
2025-08-16,其他,其他,袋装无糖酸奶(180g*60),530.0
2025-08-16,其他,其他,轻能利乐冠—蓝莓+大麦250g,9.0
2025-08-16,其他,其他,雪凝炭烧奶皮子杯酸130g*24,14.0
2025-08-16,其他,其他,雪凝茯苓杯装酸奶150g*4*14,365.0
2025-08-16,其他,其他,鲜牛奶(1*60),75.0
2025-08-16,拼多多,多多买菜,100g原味酸奶,200.0
2025-08-16,拼多多,多多买菜,三元乐活950mL*12,180.0
2025-08-16,拼多多,多多买菜,三元乐活（瓶）200mL*20,240.0
2025-08-16,拼多多,多多买菜,三元芋你鲜活200mL*20,200.0
2025-08-16,拼多多,多多买菜,大果块草莓+黄桃260g*12,216.0
2025-08-16,新零售,新零售,72℃鲜牛乳（瓶）900mL,16818.0
2025-08-16,新零售,新零售,三元南瓜来了200mL*20,320.0
2025-08-16,新零售,新零售,三元晚安奶250mL*4*6,3378.0
2025-08-16,新零售,新零售,三元每日新鲜950mL*12,2484.0
2025-08-16,新零售,新零售,三元真的好巧200mL*20,4940.0
2025-08-16,新零售,新零售,三元草莓黑米三连杯130g*3*8,32.0
2025-08-16,新零售,新零售,三元青提芝士三连杯130g*3*8,24.0
2025-08-16,新零售,新零售,中脱（1*12）,1500.0
2025-08-16,新零售,新零售,优选瓶装鲜牛乳(450ml*12瓶),5568.0
2025-08-16,新零售,新零售,全脂桶（1*6）,2028.0
2025-08-16,新零售,新零售,全脂酸牛奶原味(100g*8),780.0
2025-08-16,新零售,新零售,大果块草莓+黄桃260g*12,372.0
2025-08-16,新零售,新零售,大果块黄桃+芒果260g*12,252.0
2025-08-16,新零售,新零售,天然桶装酸牛奶(1*6),1716.0
2025-08-16,新零售,新零售,小康（1*12）,12672.0
2025-08-16,新零售,新零售,屋型酸牛奶草莓+树莓480g*12,828.0
2025-08-16,新零售,新零售,极致1+1鲜牛奶240mL*20,540.0
2025-08-16,新零售,新零售,极致1+1鲜牛奶900mL*6,222.0
2025-08-16,新零售,新零售,极致A2鲜奶240*20,1000.0
2025-08-16,新零售,新零售,极致A2鲜奶900*6,1302.0
2025-08-16,新零售,新零售,极致有机鲜牛奶 900ML,5232.0
2025-08-16,新零售,新零售,极致有机鲜牛奶240ML,6020.0
2025-08-16,新零售,新零售,烤橙子灵芝爆珠杯酸130g*24,384.0
2025-08-16,新零售,新零售,烤橙子陈皮爆珠杯酸130g*24,168.0
2025-08-16,新零售,新零售,特品纯鲜牛奶(1*60),23280.0
2025-08-16,新零售,新零售,益菌多原味(125g*8),1071.0
2025-08-16,新零售,新零售,益菌多无蔗糖(125g*8),281.0
2025-08-16,新零售,新零售,盒马原味桶酸1.5kg*6,3420.0
2025-08-16,新零售,新零售,盒马日日鲜星期六950ml,11232.0
2025-08-16,新零售,新零售,盒马红颜草莓奶450mL*12,25440.0
2025-08-16,新零售,新零售,简卡原味八连杯100g*8*12,1392.0
2025-08-16,新零售,新零售,简卡原味桶酸1kg*9,351.0
2025-08-16,新零售,新零售,简卡原味袋五连包150g*5*10,890.0
2025-08-16,新零售,新零售,老北京杯装酸牛奶(139g*24),3672.0
2025-08-16,新零售,新零售,脱脂桶（1*6）,156.0
2025-08-16,新零售,新零售,袋装天然酸奶(180g*60),2880.0
2025-08-16,新零售,新零售,袋装无糖酸奶(180g*60),2280.0
2025-08-16,新零售,新零售,象划算风味发酵乳,63.0
2025-08-16,新零售,新零售,雪凝奶皮子酸奶原味800g*12,180.0
2025-08-16,新零售,新零售,雪凝茯苓杯装酸奶150g*4*14,1722.0
2025-08-16,新零售,新零售,雪凝茯苓杯酸纸箱150g*4*14,2562.0
2025-08-17,京东,京东自营,72℃屋型鲜牛乳(950ml*12盒),360.0
2025-08-17,京东,京东自营,72℃鲜牛乳（瓶）900mL,366.0
2025-08-17,京东,京东自营,三元乐活(瓶)450mL*12,132.0
2025-08-17,京东,京东自营,三元乐活950mL*12,144.0
2025-08-17,京东,京东自营,三元乐活瓶装高温杀菌乳450mL*6,16.0
2025-08-17,京东,京东自营,三元乐活（瓶）200mL*20,120.0
2025-08-17,京东,京东自营,三元每日新鲜950mL*12,144.0
2025-08-17,京东,京东自营,三元真的好巧200mL*20,40.0
2025-08-17,京东,京东自营,三元真的好巧450mL*12,12.0
2025-08-17,京东,京东自营,三元芋你鲜活200mL*20,60.0
2025-08-17,京东,京东自营,三元芋你鲜活450mL*12,36.0
2025-08-17,京东,京东自营,优选瓶装鲜牛乳(450ml*12瓶),48.0
2025-08-17,京东,京东自营,优选鲜牛乳240ml*20,400.0
2025-08-17,京东,京东自营,全脂桶（1*6）,288.0
2025-08-17,京东,京东自营,大大果块桑葚+蓝莓260g*12,24.0
2025-08-17,京东,京东自营,大果块草莓+黄桃260g*12,24.0
2025-08-17,京东,京东自营,大果块黄桃+芒果260g*12,24.0
2025-08-17,京东,京东自营,天然桶装酸牛奶(1*6),132.0
2025-08-17,京东,京东自营,小康（1*12）,144.0
2025-08-17,京东,京东自营,极致1+1鲜牛奶900mL*6,102.0
2025-08-17,京东,京东自营,极致A2鲜奶240*20,900.0
2025-08-17,京东,京东自营,极致A2鲜奶900*6,1038.0
2025-08-17,京东,京东自营,极致有机鲜牛奶 900ML,1632.0
2025-08-17,京东,京东自营,极致有机鲜牛奶240ML,1680.0
2025-08-17,京东,京东自营,极致有机鲜牛奶450mL*12,144.0
2025-08-17,京东,京东自营,简卡原味桶酸1kg*9,495.0
2025-08-17,京东,京东自营,简卡原味袋五连包150g*5*10,30.0
2025-08-17,京东,京东自营,脱脂桶（1*6）,138.0
2025-08-17,京东,京东自营,袋装天然酸奶(180g*60),300.0
2025-08-17,京东,京东自营,雪凝原味盒酸800g*12,132.0
2025-08-17,京东,京东自营,雪凝奶皮子酸奶原味800g*12,60.0
2025-08-17,其他,其他,72℃鲜牛乳（瓶）900mL,30.0
2025-08-17,其他,其他,优选瓶装鲜牛乳(450ml*12瓶),60.0
2025-08-17,其他,其他,原圆形配餐杯100g,24696.0
2025-08-17,其他,其他,大果块哈密瓜青提260g*12,12.0
2025-08-17,其他,其他,大果块草莓+桑葚260g*12,12.0
2025-08-17,其他,其他,极致1+1鲜牛奶900mL*6,18.0
2025-08-17,其他,其他,极致A2鲜奶240*20,40.0
2025-08-17,其他,其他,极致有机鲜牛奶 900ML,24.0
2025-08-17,其他,其他,特品纯鲜牛奶(1*60),1440.0
2025-08-17,其他,其他,益菌多原味(125g*8),5.0
2025-08-17,其他,其他,益菌多无蔗糖(125g*8),8.0
2025-08-17,其他,其他,老北京杯装酸牛奶(139g*24),168.0
2025-08-17,其他,其他,袋装天然酸奶(180g*60),180.0
2025-08-17,其他,其他,袋装无糖酸奶(180g*60),60.0
2025-08-17,其他,其他,雪凝茯苓杯装酸奶150g*4*14,126.0
2025-08-17,新零售,新零售,72℃鲜牛乳（瓶）900mL,17010.0
2025-08-17,新零售,新零售,三元晚安奶250mL*4*6,600.0
2025-08-17,新零售,新零售,三元每日新鲜950mL*12,1920.0
2025-08-17,新零售,新零售,中脱（1*12）,1296.0
2025-08-17,新零售,新零售,优选瓶装鲜牛乳(450ml*12瓶),4176.0
2025-08-17,新零售,新零售,全脂桶（1*6）,1878.0
2025-08-17,新零售,新零售,全脂酸牛奶原味(100g*8),624.0
2025-08-17,新零售,新零售,大果块草莓+黄桃260g*12,264.0
2025-08-17,新零售,新零售,大果块黄桃+芒果260g*12,468.0
2025-08-17,新零售,新零售,天然桶装酸牛奶(1*6),1326.0
2025-08-17,新零售,新零售,小康（1*12）,11556.0
2025-08-17,新零售,新零售,屋型酸牛奶草莓+树莓480g*12,588.0
2025-08-17,新零售,新零售,极致1+1鲜牛奶240mL*20,600.0
2025-08-17,新零售,新零售,极致1+1鲜牛奶900mL*6,168.0
2025-08-17,新零售,新零售,极致A2鲜奶240*20,620.0
2025-08-17,新零售,新零售,极致A2鲜奶900*6,1122.0
2025-08-17,新零售,新零售,极致有机鲜牛奶 900ML,5184.0
2025-08-17,新零售,新零售,极致有机鲜牛奶240ML,5920.0
2025-08-17,新零售,新零售,极致有机鲜牛奶450mL*12,240.0
2025-08-17,新零售,新零售,特品纯鲜牛奶(1*60),21120.0
2025-08-17,新零售,新零售,益菌多原味(125g*8),1105.0
2025-08-17,新零售,新零售,益菌多无蔗糖(125g*8),268.0
2025-08-17,新零售,新零售,盒马原味桶酸1.5kg*6,7092.0
2025-08-17,新零售,新零售,盒马日日鲜星期日950ml,10500.0
2025-08-17,新零售,新零售,盒马有机桶鲜1.5L*6,5532.0
2025-08-17,新零售,新零售,盒马红颜草莓奶450mL*12,3252.0
2025-08-17,新零售,新零售,简卡原味八连杯100g*8*12,1284.0
2025-08-17,新零售,新零售,简卡原味桶酸1kg*9,279.0
2025-08-17,新零售,新零售,简卡原味袋五连包150g*5*10,770.0
2025-08-17,新零售,新零售,老北京杯装酸牛奶(139g*24),3384.0
2025-08-17,新零售,新零售,脱脂桶（1*6）,66.0
2025-08-17,新零售,新零售,袋装天然酸奶(180g*60),1320.0
2025-08-17,新零售,新零售,袋装无糖酸奶(180g*60),360.0
2025-08-17,新零售,新零售,象划算风味发酵乳,576.0
2025-08-17,新零售,新零售,雪凝茯苓杯装酸奶150g*4*14,1218.0
2025-08-17,新零售,新零售,雪凝茯苓杯酸纸箱150g*4*14,2268.0
2025-08-18,京东,京东自营,72℃屋型鲜牛乳(950ml*12盒),312.0
2025-08-18,京东,京东自营,72℃鲜牛乳（瓶）900mL,534.0
2025-08-18,京东,京东自营,三元乐活(瓶)450mL*12,96.0
2025-08-18,京东,京东自营,三元乐活950mL*12,120.0
2025-08-18,京东,京东自营,三元乐活有机牛乳200mL*20,200.0
2025-08-18,京东,京东自营,三元乐活瓶装高温杀菌乳450mL*6,12.0
2025-08-18,京东,京东自营,三元乐活（瓶）200mL*20,1000.0
2025-08-18,京东,京东自营,三元南瓜来了450mL*12,36.0
2025-08-18,京东,京东自营,三元每日新鲜950mL*12,480.0
2025-08-18,京东,京东自营,三元莓天鲜活450mL*12,48.0
2025-08-18,京东,京东自营,优选鲜牛乳240ml*20,700.0
2025-08-18,京东,京东自营,全脂桶（1*6）,324.0
2025-08-18,京东,京东自营,大大果块桑葚+蓝莓260g*12,12.0
2025-08-18,京东,京东自营,大果块草莓+黄桃260g*12,12.0
2025-08-18,京东,京东自营,大果块黄桃+芒果260g*12,12.0
2025-08-18,京东,京东自营,天然桶装酸牛奶(1*6),120.0
2025-08-18,京东,京东自营,小康（1*12）,312.0
2025-08-18,京东,京东自营,极致1+1鲜牛奶240mL*20,20.0
2025-08-18,京东,京东自营,极致1+1鲜牛奶900mL*6,132.0
2025-08-18,京东,京东自营,极致A2鲜奶240*20,620.0
2025-08-18,京东,京东自营,极致A2鲜奶900*6,192.0
2025-08-18,京东,京东自营,极致有机鲜牛奶 900ML,222.0
2025-08-18,京东,京东自营,极致有机鲜牛奶240ML,500.0
2025-08-18,京东,京东自营,简卡原味桶酸1kg*9,18.0
2025-08-18,京东,京东自营,简卡原味袋五连包150g*5*10,10.0
2025-08-18,京东,京东自营,脱脂桶（1*6）,168.0
2025-08-18,京东,京东自营,雪凝原味盒酸800g*12,120.0
2025-08-18,京东,京东自营,雪凝奶皮子酸奶原味800g*12,36.0
2025-08-18,京东,京东自营,雪凝炭烧奶皮子酸奶盒装800g*12,60.0
2025-08-18,其他,其他,72℃鲜牛乳（瓶）900mL,48.0
2025-08-18,其他,其他,优选瓶装鲜牛乳(450ml*12瓶),48.0
2025-08-18,其他,其他,原圆形配餐杯100g,144.0
2025-08-18,其他,其他,大大果块桑葚+蓝莓260g*12,12.0
2025-08-18,其他,其他,大果块哈密瓜青提260g*12,12.0
2025-08-18,其他,其他,大果块草莓+桑葚260g*12,12.0
2025-08-18,其他,其他,大果块草莓+黄桃260g*12,24.0
2025-08-18,其他,其他,大果块黄桃+芒果260g*12,12.0
2025-08-18,其他,其他,极致1+1鲜牛奶900mL*6,18.0
2025-08-18,其他,其他,极致A2鲜奶240*20,40.0
2025-08-18,其他,其他,极致有机鲜牛奶 900ML,44.0
2025-08-18,其他,其他,特品纯鲜牛奶(1*60),1560.0
2025-08-18,其他,其他,益菌多原味(125g*8),29.0
2025-08-18,其他,其他,益菌多无蔗糖(125g*8),8.0
2025-08-18,其他,其他,益菌多草莓(125g*8),18.0
2025-08-18,其他,其他,益菌多黄桃(125g*8),12.0
2025-08-18,其他,其他,老北京杯装酸牛奶(139g*24),72.0
2025-08-18,其他,其他,袋装天然酸奶(180g*60),60.0
2025-08-18,其他,其他,袋装无糖酸奶(180g*60),60.0
2025-08-18,其他,其他,雪凝茯苓杯装酸奶150g*4*14,70.0
2025-08-18,新零售,新零售,72℃鲜牛乳（瓶）900mL,16878.0
2025-08-18,新零售,新零售,三元南瓜来了200mL*20,1100.0
2025-08-18,新零售,新零售,三元每日新鲜950mL*12,2208.0
2025-08-18,新零售,新零售,中脱（1*12）,1368.0
2025-08-18,新零售,新零售,优选瓶装鲜牛乳(450ml*12瓶),4188.0
2025-08-18,新零售,新零售,全脂桶（1*6）,1710.0
2025-08-18,新零售,新零售,全脂酸牛奶原味(100g*8),84.0
2025-08-18,新零售,新零售,大果块草莓+黄桃260g*12,300.0
2025-08-18,新零售,新零售,大果块黄桃+芒果260g*12,264.0
2025-08-18,新零售,新零售,天然桶装酸牛奶(1*6),1242.0
2025-08-18,新零售,新零售,小康（1*12）,11244.0
2025-08-18,新零售,新零售,屋型酸牛奶草莓+树莓480g*12,492.0
2025-08-18,新零售,新零售,极致1+1鲜牛奶240mL*20,940.0
2025-08-18,新零售,新零售,极致1+1鲜牛奶900mL*6,240.0
2025-08-18,新零售,新零售,极致A2鲜奶240*20,820.0
2025-08-18,新零售,新零售,极致A2鲜奶900*6,1170.0
2025-08-18,新零售,新零售,极致有机鲜牛奶 900ML,5148.0
2025-08-18,新零售,新零售,极致有机鲜牛奶240ML,5380.0
2025-08-18,新零售,新零售,特品纯鲜牛奶(1*60),21540.0
2025-08-18,新零售,新零售,益菌多原味(125g*8),1119.0
2025-08-18,新零售,新零售,益菌多无蔗糖(125g*8),273.0
2025-08-18,新零售,新零售,盒马日日鲜星期一950ml,10644.0
2025-08-18,新零售,新零售,简卡原味八连杯100g*8*12,1452.0
2025-08-18,新零售,新零售,简卡原味桶酸1kg*9,279.0
2025-08-18,新零售,新零售,简卡原味袋五连包150g*5*10,860.0
2025-08-18,新零售,新零售,老北京杯装酸牛奶(139g*24),2736.0
2025-08-18,新零售,新零售,脱脂桶（1*6）,120.0
2025-08-18,新零售,新零售,袋装天然酸奶(180g*60),1800.0
2025-08-18,新零售,新零售,袋装无糖酸奶(180g*60),1320.0
2025-08-18,新零售,新零售,象划算风味发酵乳,54.0
2025-08-18,新零售,新零售,雪凝奶皮子酸奶原味800g*12,432.0
2025-08-18,新零售,新零售,雪凝茯苓杯装酸奶150g*4*14,1274.0
2025-08-18,新零售,新零售,雪凝茯苓杯酸纸箱150g*4*14,2394.0
2025-08-19,京东,京东POP,72℃屋型鲜牛乳(950ml*12盒),48.0
2025-08-19,京东,京东POP,72℃鲜牛乳（瓶）900mL,204.0
2025-08-19,京东,京东POP,三元乐活(瓶)450mL*12,191.0
2025-08-19,京东,京东POP,三元乐活950mL*12,172.0
2025-08-19,京东,京东POP,三元乐活有机牛乳200mL*20,10.0
2025-08-19,京东,京东POP,三元乐活有机牛乳450mL*12,6.0
2025-08-19,京东,京东POP,三元乐活（瓶）200mL*20,856.0
2025-08-19,京东,京东POP,三元南瓜来了200mL*20,131.0
2025-08-19,京东,京东POP,三元南瓜来了450mL*12,1.0
2025-08-19,京东,京东POP,三元每日新鲜950mL*12,12.0
2025-08-19,京东,京东POP,三元牛角包椰子牛奶200mL*16,16.0
2025-08-19,京东,京东POP,三元真的好巧200mL*20,265.0
2025-08-19,京东,京东POP,三元真的好巧450mL*12,12.0
2025-08-19,京东,京东POP,三元芋你鲜活200mL*20,76.0
2025-08-19,京东,京东POP,三元芋你鲜活450mL*12,36.0
2025-08-19,京东,京东POP,三元草莓黑米杯酸130g*24,24.0
2025-08-19,京东,京东POP,三元青提芝士杯酸130g*24,33.0
2025-08-19,京东,京东POP,优选瓶装鲜牛乳(450ml*12瓶),242.0
2025-08-19,京东,京东POP,优选鲜牛乳240ml*20,1685.0
2025-08-19,京东,京东POP,大果块草莓+桑葚260g*12,6.0
2025-08-19,京东,京东POP,大果块草莓+黄桃260g*12,12.0
2025-08-19,京东,京东POP,大果块黄桃+芒果260g*12,3.0
2025-08-19,京东,京东POP,天然桶装酸牛奶1kg,25.0
2025-08-19,京东,京东POP,极致1+1鲜牛奶240mL*20,45.0
2025-08-19,京东,京东POP,极致1+1鲜牛奶900mL*6,4.0
2025-08-19,京东,京东POP,极致A2鲜奶240*20,519.0
2025-08-19,京东,京东POP,极致A2鲜奶900*6,123.0
2025-08-19,京东,京东POP,极致有机鲜牛奶 900ML,393.0
2025-08-19,京东,京东POP,极致有机鲜牛奶240ML,1383.0
2025-08-19,京东,京东POP,极致有机鲜牛奶450mL*12,4.0
2025-08-19,京东,京东POP,烤橙子陈皮爆珠杯酸130g*24,26.0
2025-08-19,京东,京东POP,石榴红参爆珠杯酸130g*24,19.0
2025-08-19,京东,京东POP,简卡原味桶酸1kg*9,30.0
2025-08-19,京东,京东POP,简卡原味袋五连包150g*5*10,48.0
2025-08-19,京东,京东POP,老北京杯装酸牛奶(139g*24),336.0
2025-08-19,京东,京东POP,轻能利乐冠—蓝莓+大麦250g,176.0
2025-08-19,京东,京东POP,轻能利乐冠—黄桃+大麦250g,680.0
2025-08-19,京东,京东POP,雪凝原味盒酸800g*12,8.0
2025-08-19,京东,京东POP,雪凝奶皮子酸奶原味800g*12,8.0
2025-08-19,京东,京东POP,雪凝炭烧奶皮子酸奶盒装800g*12,6.0
2025-08-19,京东,京东POP,雪凝茯苓杯装酸奶150g*4*14,99.0
2025-08-19,京东,京东POP,雪凝草莓山楂盒酸800g*12,5.0
2025-08-19,京东,京东自营,72℃屋型鲜牛乳(490ml*12盒),24.0
2025-08-19,京东,京东自营,72℃屋型鲜牛乳(950ml*12盒),552.0
2025-08-19,京东,京东自营,72℃鲜牛乳（瓶）900mL,894.0
2025-08-19,京东,京东自营,三元乐活(瓶)450mL*12,168.0
2025-08-19,京东,京东自营,三元乐活950mL*12,264.0
2025-08-19,京东,京东自营,三元乐活有机牛乳450mL*12,288.0
2025-08-19,京东,京东自营,三元乐活瓶装高温杀菌乳450mL*6,52.0
2025-08-19,京东,京东自营,三元乐活（瓶）200mL*20,1680.0
2025-08-19,京东,京东自营,三元南瓜来了450mL*12,84.0
2025-08-19,京东,京东自营,三元每日新鲜950mL*12,624.0
2025-08-19,京东,京东自营,三元纯牛奶180mL*12,2628.0
2025-08-19,京东,京东自营,三元老北京酸牛奶（139g*8*4）,184.0
2025-08-19,京东,京东自营,三元芋你鲜活200mL*20,220.0
2025-08-19,京东,京东自营,三元芋你鲜活450mL*12,228.0
2025-08-19,京东,京东自营,三元草莓黑米三连杯130g*3*8,104.0
2025-08-19,京东,京东自营,三元莓天鲜活450mL*12,648.0
2025-08-19,京东,京东自营,三元青提芝士三连杯130g*3*8,112.0
2025-08-19,京东,京东自营,中优选组合装DS(450ml*2*8),1256.0
2025-08-19,京东,京东自营,优选鲜牛乳240ml*20,500.0
2025-08-19,京东,京东自营,全脂桶（1*6）,636.0
2025-08-19,京东,京东自营,天然桶装酸牛奶(1*6),600.0
2025-08-19,京东,京东自营,小康（1*12）,792.0
2025-08-19,京东,京东自营,极致1+1鲜牛奶900mL*6,174.0
2025-08-19,京东,京东自营,极致A2鲜奶240*20,920.0
2025-08-19,京东,京东自营,极致A2鲜奶900*6,426.0
2025-08-19,京东,京东自营,极致有机鲜牛奶 900ML,726.0
2025-08-19,京东,京东自营,极致有机鲜牛奶240ML,740.0
2025-08-19,京东,京东自营,极致有机鲜牛奶450mL*12,84.0
2025-08-19,京东,京东自营,益菌多原味酸牛奶DSHB（125g*16）,524.0
2025-08-19,京东,京东自营,益菌多无蔗糖酸牛奶DSHB(125g*16),494.0
2025-08-19,京东,京东自营,简卡原味桶酸1kg*9,1692.0
2025-08-19,京东,京东自营,脱脂桶（1*6）,264.0
2025-08-19,京东,京东自营,袋装天然酸奶(180g*60),3180.0
2025-08-19,京东,京东自营,轻能DSHB牛油果燕麦250g*4*6,78.0
2025-08-19,京东,京东自营,轻能DSHB红西柚燕麦250g*4*6,60.0
2025-08-19,京东,京东自营,轻能利乐冠DSHB-蓝莓+大麦250g*4,156.0
2025-08-19,京东,京东自营,轻能利乐冠DSHB-黄桃+大麦250g*4,390.0
2025-08-19,京东,京东自营,雪凝原味盒酸800g*12,168.0
2025-08-19,京东,京东自营,雪凝奶皮子酸奶原味800g*12,180.0
2025-08-19,京东,京东自营,雪凝茯苓杯装酸奶DSHB(150g*8*6),948.0
2025-08-19,京东,京东自营,雪凝草莓山楂盒酸800g*12,156.0
2025-08-19,其他,其他,100g原味酸奶,35.0
2025-08-19,其他,其他,72℃屋型鲜牛乳(950ml*12盒),18.0
2025-08-19,其他,其他,72℃鲜牛乳（瓶）900mL,334.0
2025-08-19,其他,其他,三元乐活（瓶）200mL*20,834.0
2025-08-19,其他,其他,三元南瓜来了200mL*20,24.0
2025-08-19,其他,其他,三元可可奶200mL*16,25.0
2025-08-19,其他,其他,三元每日新鲜950mL*12,8.0
2025-08-19,其他,其他,三元牛角包双莓牛奶200mL*16,19.0
2025-08-19,其他,其他,三元牛角包巧克力牛奶200mL*16,6.0
2025-08-19,其他,其他,三元牛角包椰子牛奶200mL*16,3.0
2025-08-19,其他,其他,三元芋你鲜活200mL*20,12.0
2025-08-19,其他,其他,三元草莓黑米杯酸130g*24,165.0
2025-08-19,其他,其他,三元莓天鲜活200mL*20,6.0
2025-08-19,其他,其他,三元莓天鲜活450mL*12,2.0
2025-08-19,其他,其他,三元青提芝士三连杯130g*3*8,24.0
2025-08-19,其他,其他,三元青提芝士杯酸130g*24,219.0
2025-08-19,其他,其他,中天酸(480g*12),44.0
2025-08-19,其他,其他,优选瓶装鲜牛乳(450ml*12瓶),160.0
2025-08-19,其他,其他,优选鲜牛乳240ml*20,48.0
2025-08-19,其他,其他,全脂桶（1*6）,37.0
2025-08-19,其他,其他,全脂酸牛奶原味(100g*8),28.0
2025-08-19,其他,其他,原圆形配餐杯100g,22464.0
2025-08-19,其他,其他,大大果块桑葚+蓝莓260g*12,60.0
2025-08-19,其他,其他,大果块哈密瓜青提260g*12,27.0
2025-08-19,其他,其他,大果块草莓+桑葚260g*12,36.0
2025-08-19,其他,其他,大果块草莓+黄桃260g*12,150.0
2025-08-19,其他,其他,大果块黄桃+芒果260g*12,74.0
2025-08-19,其他,其他,天然桶装酸牛奶(1*6),22.0
2025-08-19,其他,其他,天然桶装酸牛奶1kg,10.0
2025-08-19,其他,其他,小康（1*12）,70.0
2025-08-19,其他,其他,屋型酸牛奶梨+菠萝480g*12,8.0
2025-08-19,其他,其他,屋型酸牛奶草莓+树莓480g*12,18.0
2025-08-19,其他,其他,极致1+1鲜牛奶240mL*20,15.0
2025-08-19,其他,其他,极致1+1鲜牛奶900mL*6,30.0
2025-08-19,其他,其他,极致A2鲜奶240*20,214.0
2025-08-19,其他,其他,极致A2鲜奶900*6,23.0
2025-08-19,其他,其他,极致有机鲜牛奶 900ML,131.0
2025-08-19,其他,其他,极致有机鲜牛奶240ML,170.0
2025-08-19,其他,其他,烤橙子陈皮爆珠杯酸130g*24,18.0
2025-08-19,其他,其他,特品纯鲜牛奶(1*60),6891.0
2025-08-19,其他,其他,益菌多原味(125g*8),70.0
2025-08-19,其他,其他,益菌多无蔗糖(125g*8),56.0
2025-08-19,其他,其他,益菌多黄桃(125g*8),8.0
2025-08-19,其他,其他,简卡原味八连杯100g*8*12,5.0
2025-08-19,其他,其他,简卡原味桶酸1kg*9,18.0
2025-08-19,其他,其他,简卡原味袋五连包150g*5*10,63.0
2025-08-19,其他,其他,老北京杯装酸牛奶(139g*24),728.0
2025-08-19,其他,其他,袋装天然酸奶(180g*60),530.0
2025-08-19,其他,其他,袋装无糖酸奶(180g*60),475.0
2025-08-19,其他,其他,轻能利乐冠—蓝莓+大麦250g,21.0
2025-08-19,其他,其他,轻能利乐冠—黄桃+大麦250g,15.0
2025-08-19,其他,其他,轻能苗条牛油果燕麦250g*24,8.0
2025-08-19,其他,其他,轻能苗条红西柚燕麦250g*24,12.0
2025-08-19,其他,其他,雪凝炭烧奶皮子杯酸130g*24,8.0
2025-08-19,其他,其他,雪凝炭烧奶皮子酸奶盒装800g*12,1.0
2025-08-19,其他,其他,雪凝茯苓杯装酸奶150g*4*14,316.0
2025-08-19,其他,其他,鲜牛奶(1*60),27.0
2025-08-19,天猫,猫旗,72℃屋型鲜牛乳(950ml*12盒),34.0
2025-08-19,天猫,猫旗,72℃鲜牛乳（瓶）900mL,525.0
2025-08-19,天猫,猫旗,三元乐活(瓶)450mL*12,523.0
2025-08-19,天猫,猫旗,三元乐活950mL*12,1182.0
2025-08-19,天猫,猫旗,三元乐活有机牛乳200mL*20,607.0
2025-08-19,天猫,猫旗,三元乐活有机牛乳450mL*12,44.0
2025-08-19,天猫,猫旗,三元乐活（瓶）200mL*20,5453.0
2025-08-19,天猫,猫旗,三元南瓜来了200mL*20,648.0
2025-08-19,天猫,猫旗,三元南瓜来了450mL*12,134.0
2025-08-19,天猫,猫旗,三元牛角包巧克力牛奶200mL*16,16.0
2025-08-19,天猫,猫旗,三元牛角包椰子牛奶200mL*16,32.0
2025-08-19,天猫,猫旗,三元真的好巧200mL*20,3486.0
2025-08-19,天猫,猫旗,三元真的好巧450mL*12,340.0
2025-08-19,天猫,猫旗,三元芋你鲜活200mL*20,227.0
2025-08-19,天猫,猫旗,三元芋你鲜活450mL*12,117.0
2025-08-19,天猫,猫旗,三元草莓黑米杯酸130g*24,308.0
2025-08-19,天猫,猫旗,三元青提芝士杯酸130g*24,412.0
2025-08-19,天猫,猫旗,优选瓶装鲜牛乳(450ml*12瓶),283.0
2025-08-19,天猫,猫旗,优选鲜牛乳240ml*20,232.0
2025-08-19,天猫,猫旗,全脂桶（1*6）,6.0
2025-08-19,天猫,猫旗,大大果块桑葚+蓝莓260g*12,10.0
2025-08-19,天猫,猫旗,大果块草莓+桑葚260g*12,10.0
2025-08-19,天猫,猫旗,大果块草莓+黄桃260g*12,10.0
2025-08-19,天猫,猫旗,大果块黄桃+芒果260g*12,2.0
2025-08-19,天猫,猫旗,天然桶装酸牛奶1kg,240.0
2025-08-19,天猫,猫旗,极致1+1鲜牛奶900mL*6,20.0
2025-08-19,天猫,猫旗,极致A2鲜奶240*20,772.0
2025-08-19,天猫,猫旗,极致A2鲜奶900*6,74.0
2025-08-19,天猫,猫旗,极致有机鲜牛奶 900ML,307.0
2025-08-19,天猫,猫旗,极致有机鲜牛奶240ML,762.0
2025-08-19,天猫,猫旗,极致有机鲜牛奶450mL*12,4.0
2025-08-19,天猫,猫旗,烤橙子灵芝爆珠杯酸130g*24,16.0
2025-08-19,天猫,猫旗,烤橙子陈皮爆珠杯酸130g*24,36.0
2025-08-19,天猫,猫旗,石榴红参爆珠杯酸130g*24,16.0
2025-08-19,天猫,猫旗,简卡原味桶酸1kg*9,43.0
2025-08-19,天猫,猫旗,简卡原味袋五连包150g*5*10,25.0
2025-08-19,天猫,猫旗,老北京杯装酸牛奶(139g*24),1332.0
2025-08-19,天猫,猫旗,轻能利乐冠—蓝莓+大麦250g,77.0
2025-08-19,天猫,猫旗,轻能利乐冠—黄桃+大麦250g,73.0
2025-08-19,天猫,猫旗,雪凝原味盒酸800g*12,261.0
2025-08-19,天猫,猫旗,雪凝奶皮子酸奶原味800g*12,30.0
2025-08-19,天猫,猫旗,雪凝炭烧奶皮子杯酸130g*24,54.0
2025-08-19,天猫,猫旗,雪凝炭烧奶皮子酸奶盒装800g*12,17.0
2025-08-19,天猫,猫旗,雪凝茯苓杯装酸奶150g*4*14,365.0
2025-08-19,天猫,猫旗,雪凝草莓山楂盒酸800g*12,123.0
2025-08-19,天猫,猫超,72℃鲜牛乳（瓶）900mL,32.0
2025-08-19,天猫,猫超,三元乐活(瓶)450mL*12,36.0
2025-08-19,天猫,猫超,三元乐活950mL*12,524.0
2025-08-19,天猫,猫超,三元乐活（瓶）200mL*20,441.0
2025-08-19,天猫,猫超,三元南瓜来了200mL*20,45.0
2025-08-19,天猫,猫超,三元真的好巧200mL*20,245.0
2025-08-19,天猫,猫超,三元草莓黑米杯酸130g*24,9.0
2025-08-19,天猫,猫超,三元青提芝士杯酸130g*24,18.0
2025-08-19,天猫,猫超,优选瓶装鲜牛乳(450ml*12瓶),128.0
2025-08-19,天猫,猫超,优选鲜牛乳240ml*20,1304.0
2025-08-19,天猫,猫超,极致A2鲜奶240*20,141.0
2025-08-19,天猫,猫超,极致A2鲜奶900*6,31.0
2025-08-19,天猫,猫超,极致有机鲜牛奶 900ML,89.0
2025-08-19,天猫,猫超,极致有机鲜牛奶240ML,109.0
2025-08-19,天猫,猫超,烤橙子灵芝爆珠杯酸130g*24,12.0
2025-08-19,天猫,猫超,烤橙子陈皮爆珠杯酸130g*24,6.0
2025-08-19,天猫,猫超,老北京杯装酸牛奶(139g*24),132.0
2025-08-19,天猫,猫超,雪凝原味盒酸800g*12,8.0
2025-08-19,天猫,猫超,雪凝奶皮子酸奶原味800g*12,14.0
2025-08-19,天猫,猫超,雪凝炭烧奶皮子酸奶盒装800g*12,12.0
2025-08-19,天猫,猫超,雪凝茯苓杯装酸奶150g*4*14,81.0
2025-08-19,天猫,猫超,雪凝草莓山楂盒酸800g*12,6.0
2025-08-19,抖音,抖音,三元乐活(瓶)450mL*12,5023.0
2025-08-19,抖音,抖音,三元乐活有机牛乳200mL*20,6210.0
2025-08-19,抖音,抖音,三元乐活有机牛乳450mL*12,2981.0
2025-08-19,抖音,抖音,三元乐活（瓶）200mL*20,34346.0
2025-08-19,抖音,抖音,三元南瓜来了200mL*20,249.0
2025-08-19,抖音,抖音,三元南瓜来了450mL*12,119.0
2025-08-19,抖音,抖音,三元真的好巧200mL*20,367.0
2025-08-19,抖音,抖音,三元真的好巧450mL*12,159.0
2025-08-19,抖音,抖音,三元芋你鲜活200mL*20,347.0
2025-08-19,抖音,抖音,三元芋你鲜活450mL*12,106.0
2025-08-19,抖音,抖音,三元草莓黑米杯酸130g*24,1323.0
2025-08-19,抖音,抖音,三元莓天鲜活200mL*20,363.0
2025-08-19,抖音,抖音,三元莓天鲜活450mL*12,54.0
2025-08-19,抖音,抖音,三元青提芝士杯酸130g*24,1409.0
2025-08-19,抖音,抖音,优选瓶装鲜牛乳(450ml*12瓶),438.0
2025-08-19,抖音,抖音,优选鲜牛乳240ml*20,4453.0
2025-08-19,抖音,抖音,大大果块桑葚+蓝莓260g*12,9.0
2025-08-19,抖音,抖音,大果块草莓+桑葚260g*12,36.0
2025-08-19,抖音,抖音,大果块草莓+黄桃260g*12,2.0
2025-08-19,抖音,抖音,大果块黄桃+芒果260g*12,20.0
2025-08-19,抖音,抖音,极致A2鲜奶240*20,924.0
2025-08-19,抖音,抖音,极致A2鲜奶900*6,108.0
2025-08-19,抖音,抖音,极致有机鲜牛奶 900ML,180.0
2025-08-19,抖音,抖音,极致有机鲜牛奶240ML,1292.0
2025-08-19,抖音,抖音,老北京杯装酸牛奶(139g*24),204.0
2025-08-19,抖音,抖音,雪凝奶皮子酸奶原味800g*12,129.0
2025-08-19,抖音,抖音,雪凝炭烧奶皮子酸奶盒装800g*12,278.0
2025-08-19,拼多多,多多买菜,三元乐活950mL*12,108.0
2025-08-19,拼多多,多多买菜,三元乐活（瓶）200mL*20,160.0
2025-08-19,拼多多,多多买菜,三元芋你鲜活200mL*20,200.0
2025-08-19,拼多多,多多买菜,原圆形配餐杯100g,432.0
2025-08-19,拼多多,多多买菜,天然桶装酸牛奶1kg,180.0
2025-08-19,拼多多,多多买菜,老北京杯装酸牛奶(139g*24),432.0
2025-08-19,拼多多,拼多多,100g原味酸奶,123.0
2025-08-19,拼多多,拼多多,72℃鲜牛乳（瓶）900mL,1876.0
2025-08-19,拼多多,拼多多,三元乐活(瓶)450mL*12,1436.0
2025-08-19,拼多多,拼多多,三元乐活有机牛乳200mL*20,63.0
2025-08-19,拼多多,拼多多,三元乐活（瓶）200mL*20,48.0
2025-08-19,拼多多,拼多多,三元南瓜来了200mL*20,48.0
2025-08-19,拼多多,拼多多,三元南瓜来了450mL*12,3.0
2025-08-19,拼多多,拼多多,三元真的好巧200mL*20,185.0
2025-08-19,拼多多,拼多多,三元真的好巧450mL*12,86.0
2025-08-19,拼多多,拼多多,三元芋你鲜活450mL*12,520.0
2025-08-19,拼多多,拼多多,三元草莓黑米杯酸130g*24,33.0
2025-08-19,拼多多,拼多多,三元青提芝士杯酸130g*24,3.0
2025-08-19,拼多多,拼多多,中天酸(480g*12),28.0
2025-08-19,拼多多,拼多多,优选瓶装鲜牛乳(450ml*12瓶),167.0
2025-08-19,拼多多,拼多多,大大果块桑葚+蓝莓260g*12,296.0
2025-08-19,拼多多,拼多多,大果块草莓+桑葚260g*12,302.0
2025-08-19,拼多多,拼多多,大果块草莓+黄桃260g*12,118.0
2025-08-19,拼多多,拼多多,大果块黄桃+芒果260g*12,478.0
2025-08-19,拼多多,拼多多,屋型酸牛奶梨+菠萝480g*12,27.0
2025-08-19,拼多多,拼多多,屋型酸牛奶草莓+树莓480g*12,36.0
2025-08-19,拼多多,拼多多,极致1+1鲜牛奶900mL*6,23.0
2025-08-19,拼多多,拼多多,极致A2鲜奶240*20,386.0
2025-08-19,拼多多,拼多多,极致A2鲜奶900*6,96.0
2025-08-19,拼多多,拼多多,极致有机鲜牛奶 900ML,1321.0
2025-08-19,拼多多,拼多多,极致有机鲜牛奶240ML,33.0
2025-08-19,拼多多,拼多多,烤橙子灵芝爆珠杯酸130g*24,32.0
2025-08-19,拼多多,拼多多,烤橙子陈皮爆珠杯酸130g*24,52.0
2025-08-19,拼多多,拼多多,石榴红参爆珠杯酸130g*24,32.0
2025-08-19,拼多多,拼多多,简卡原味桶酸1kg*9,84.0
2025-08-19,拼多多,拼多多,简卡原味袋五连包150g*5*10,13.0
2025-08-19,拼多多,拼多多,老北京杯装酸牛奶(139g*24),32.0
2025-08-19,拼多多,拼多多,轻能利乐冠—蓝莓+大麦250g,306.0
2025-08-19,拼多多,拼多多,轻能利乐冠—黄桃+大麦250g,303.0
2025-08-19,拼多多,拼多多,轻能苗条牛油果燕麦250g*24,22.0
2025-08-19,拼多多,拼多多,轻能苗条红西柚燕麦250g*24,65.0
2025-08-19,拼多多,拼多多,雪凝奶皮子酸奶原味800g*12,6.0
2025-08-19,拼多多,拼多多,雪凝炭烧奶皮子杯酸130g*24,6.0
2025-08-19,拼多多,拼多多,雪凝茯苓杯装酸奶150g*4*14,1546.0
2025-08-19,新零售,新零售,72℃鲜牛乳（瓶）900mL,16806.0
2025-08-19,新零售,新零售,三元晚安奶250mL*4*6,3246.0
2025-08-19,新零售,新零售,三元每日新鲜950mL*12,2052.0
2025-08-19,新零售,新零售,三元草莓黑米三连杯130g*3*8,24.0
2025-08-19,新零售,新零售,三元青提芝士三连杯130g*3*8,32.0
2025-08-19,新零售,新零售,中脱（1*12）,1080.0
2025-08-19,新零售,新零售,优选瓶装鲜牛乳(450ml*12瓶),3624.0
2025-08-19,新零售,新零售,全脂桶（1*6）,1524.0
2025-08-19,新零售,新零售,全脂酸牛奶原味(100g*8),612.0
2025-08-19,新零售,新零售,大果块草莓+黄桃260g*12,336.0
2025-08-19,新零售,新零售,大果块黄桃+芒果260g*12,576.0
2025-08-19,新零售,新零售,天然桶装酸牛奶(1*6),1968.0
2025-08-19,新零售,新零售,小康（1*12）,8088.0
2025-08-19,新零售,新零售,屋型酸牛奶草莓+树莓480g*12,672.0
2025-08-19,新零售,新零售,极致1+1鲜牛奶240mL*20,720.0
2025-08-19,新零售,新零售,极致1+1鲜牛奶900mL*6,246.0
2025-08-19,新零售,新零售,极致A2鲜奶240*20,740.0
2025-08-19,新零售,新零售,极致A2鲜奶900*6,1242.0
2025-08-19,新零售,新零售,极致有机鲜牛奶 900ML,5586.0
2025-08-19,新零售,新零售,极致有机鲜牛奶240ML,5460.0
2025-08-19,新零售,新零售,极致有机鲜牛奶450mL*12,276.0
2025-08-19,新零售,新零售,特品纯鲜牛奶(1*60),17640.0
2025-08-19,新零售,新零售,益菌多原味(125g*8),1341.0
2025-08-19,新零售,新零售,益菌多无蔗糖(125g*8),270.0
2025-08-19,新零售,新零售,盒马原味桶酸1.5kg*6,2370.0
2025-08-19,新零售,新零售,盒马日日鲜星期二950ml,11424.0
2025-08-19,新零售,新零售,盒马有机桶鲜1.5L*6,5010.0
2025-08-19,新零售,新零售,盒马红颜草莓奶450mL*12,23256.0
2025-08-19,新零售,新零售,简卡原味八连杯100g*8*12,1620.0
2025-08-19,新零售,新零售,简卡原味桶酸1kg*9,288.0
2025-08-19,新零售,新零售,简卡原味袋五连包150g*5*10,1110.0
2025-08-19,新零售,新零售,老北京杯装酸牛奶(139g*24),3336.0
2025-08-19,新零售,新零售,脱脂桶（1*6）,102.0
2025-08-19,新零售,新零售,袋装天然酸奶(180g*60),2160.0
2025-08-19,新零售,新零售,袋装无糖酸奶(180g*60),1200.0
2025-08-19,新零售,新零售,雪凝炭烧奶皮子杯酸130g*24,744.0
2025-08-19,新零售,新零售,雪凝茯苓杯装酸奶150g*4*14,1274.0
2025-08-19,新零售,新零售,雪凝茯苓杯酸纸箱150g*4*14,3136.0
2025-08-20,京东,京东自营,72℃屋型鲜牛乳(950ml*12盒),168.0
2025-08-20,京东,京东自营,72℃鲜牛乳（瓶）900mL,216.0
2025-08-20,京东,京东自营,三元乐活(瓶)450mL*12,12.0
2025-08-20,京东,京东自营,三元乐活950mL*12,36.0
2025-08-20,京东,京东自营,三元乐活（瓶）200mL*20,20.0
2025-08-20,京东,京东自营,三元每日新鲜950mL*12,144.0
2025-08-20,京东,京东自营,三元真的好巧200mL*20,340.0
2025-08-20,京东,京东自营,三元真的好巧450mL*12,120.0
2025-08-20,京东,京东自营,三元纯牛奶180mL*12,60.0
2025-08-20,京东,京东自营,三元老北京酸牛奶（139g*8*4）,8.0
2025-08-20,京东,京东自营,三元芋你鲜活450mL*12,12.0
2025-08-20,京东,京东自营,三元莓天鲜活450mL*12,48.0
2025-08-20,京东,京东自营,三元青提芝士三连杯130g*3*8,8.0
2025-08-20,京东,京东自营,优选鲜牛乳240ml*20,400.0
2025-08-20,京东,京东自营,全脂桶（1*6）,324.0
2025-08-20,京东,京东自营,大大果块桑葚+蓝莓260g*12,12.0
2025-08-20,京东,京东自营,大果块草莓+黄桃260g*12,12.0
2025-08-20,京东,京东自营,大果块黄桃+芒果260g*12,12.0
2025-08-20,京东,京东自营,天然桶装酸牛奶(1*6),156.0
2025-08-20,京东,京东自营,天然桶装酸牛奶1kg,9.0
2025-08-20,京东,京东自营,小康（1*12）,336.0
2025-08-20,京东,京东自营,极致1+1鲜牛奶900mL*6,72.0
2025-08-20,京东,京东自营,极致A2鲜奶240*20,180.0
2025-08-20,京东,京东自营,极致A2鲜奶900*6,198.0
2025-08-20,京东,京东自营,极致有机鲜牛奶 900ML,1050.0
2025-08-20,京东,京东自营,极致有机鲜牛奶240ML,720.0
2025-08-20,京东,京东自营,简卡原味桶酸1kg*9,63.0
2025-08-20,京东,京东自营,简卡原味袋五连包150g*5*10,20.0
2025-08-20,京东,京东自营,脱脂桶（1*6）,132.0
2025-08-20,京东,京东自营,袋装天然酸奶(180g*60),1200.0
2025-08-20,京东,京东自营,轻能利乐冠DSHB-蓝莓+大麦250g*4,12.0
2025-08-20,京东,京东自营,轻能利乐冠DSHB-黄桃+大麦250g*4,18.0
2025-08-20,京东,京东自营,雪凝原味盒酸800g*12,12.0
2025-08-20,京东,京东自营,雪凝奶皮子酸奶原味800g*12,24.0
2025-08-20,京东,京东自营,雪凝草莓山楂盒酸800g*12,12.0
2025-08-20,其他,其他,72℃鲜牛乳（瓶）900mL,54.0
2025-08-20,其他,其他,优选瓶装鲜牛乳(450ml*12瓶),96.0
2025-08-20,其他,其他,优选鲜牛乳240ml*20,60.0
2025-08-20,其他,其他,原圆形配餐杯100g,12168.0
2025-08-20,其他,其他,大果块草莓+桑葚260g*12,24.0
2025-08-20,其他,其他,小康（1*12）,96.0
2025-08-20,其他,其他,极致1+1鲜牛奶900mL*6,18.0
2025-08-20,其他,其他,极致A2鲜奶240*20,40.0
2025-08-20,其他,其他,极致有机鲜牛奶 900ML,20.0
2025-08-20,其他,其他,特品纯鲜牛奶(1*60),1620.0
2025-08-20,其他,其他,益菌多原味(125g*8),9.0
2025-08-20,其他,其他,益菌多无蔗糖(125g*8),16.0
2025-08-20,其他,其他,老北京杯装酸牛奶(139g*24),192.0
2025-08-20,其他,其他,袋装天然酸奶(180g*60),120.0
2025-08-20,其他,其他,袋装无糖酸奶(180g*60),120.0
2025-08-20,其他,其他,雪凝茯苓杯装酸奶150g*4*14,168.0
2025-08-20,新零售,新零售,72℃鲜牛乳（瓶）900mL,15954.0
2025-08-20,新零售,新零售,三元南瓜来了200mL*20,320.0
2025-08-20,新零售,新零售,三元晚安奶250mL*4*6,906.0
2025-08-20,新零售,新零售,三元每日新鲜950mL*12,2196.0
2025-08-20,新零售,新零售,三元牛角包巧克力牛奶200mL*16,2400.0
2025-08-20,新零售,新零售,三元真的好巧200mL*20,4420.0
2025-08-20,新零售,新零售,三元草莓黑米三连杯130g*3*8,24.0
2025-08-20,新零售,新零售,三元青提芝士三连杯130g*3*8,48.0
2025-08-20,新零售,新零售,中脱（1*12）,1140.0
2025-08-20,新零售,新零售,优选瓶装鲜牛乳(450ml*12瓶),4644.0
2025-08-20,新零售,新零售,全脂桶（1*6）,1680.0
2025-08-20,新零售,新零售,全脂酸牛奶原味(100g*8),420.0
2025-08-20,新零售,新零售,大果块草莓+黄桃260g*12,312.0
2025-08-20,新零售,新零售,大果块黄桃+芒果260g*12,384.0
2025-08-20,新零售,新零售,天然桶装酸牛奶(1*6),1326.0
2025-08-20,新零售,新零售,小康（1*12）,9036.0
2025-08-20,新零售,新零售,屋型酸牛奶草莓+树莓480g*12,948.0
2025-08-20,新零售,新零售,极致1+1鲜牛奶240mL*20,860.0
2025-08-20,新零售,新零售,极致1+1鲜牛奶900mL*6,168.0
2025-08-20,新零售,新零售,极致A2鲜奶240*20,720.0
2025-08-20,新零售,新零售,极致A2鲜奶900*6,1158.0
2025-08-20,新零售,新零售,极致有机鲜牛奶 900ML,5298.0
2025-08-20,新零售,新零售,极致有机鲜牛奶240ML,5540.0
2025-08-20,新零售,新零售,烤橙子灵芝爆珠杯酸130g*24,72.0
2025-08-20,新零售,新零售,烤橙子陈皮爆珠杯酸130g*24,168.0
2025-08-20,新零售,新零售,特品纯鲜牛奶(1*60),19680.0
2025-08-20,新零售,新零售,益菌多原味(125g*8),1396.0
2025-08-20,新零售,新零售,益菌多无蔗糖(125g*8),283.0
2025-08-20,新零售,新零售,盒马原味桶酸1.5kg*6,5592.0
2025-08-20,新零售,新零售,盒马日日鲜星期三950ml,10332.0
2025-08-20,新零售,新零售,盒马红颜草莓奶450mL*12,3216.0
2025-08-20,新零售,新零售,简卡原味八连杯100g*8*12,1428.0
2025-08-20,新零售,新零售,简卡原味桶酸1kg*9,333.0
2025-08-20,新零售,新零售,简卡原味袋五连包150g*5*10,1060.0
2025-08-20,新零售,新零售,老北京杯装酸牛奶(139g*24),2520.0
2025-08-20,新零售,新零售,脱脂桶（1*6）,102.0
2025-08-20,新零售,新零售,袋装天然酸奶(180g*60),1920.0
2025-08-20,新零售,新零售,袋装无糖酸奶(180g*60),1200.0
2025-08-20,新零售,新零售,象划算风味发酵乳,1098.0
2025-08-20,新零售,新零售,雪凝奶皮子酸奶原味800g*12,36.0
2025-08-20,新零售,新零售,雪凝茯苓杯装酸奶150g*4*14,1120.0
2025-08-20,新零售,新零售,雪凝茯苓杯酸纸箱150g*4*14,2590.0
2025-08-21,京东,京东自营,72℃屋型鲜牛乳(490ml*12盒),36.0
2025-08-21,京东,京东自营,72℃屋型鲜牛乳(950ml*12盒),396.0
2025-08-21,京东,京东自营,72℃鲜牛乳（瓶）900mL,906.0
2025-08-21,京东,京东自营,三元乐活(瓶)450mL*12,120.0
2025-08-21,京东,京东自营,三元乐活950mL*12,480.0
2025-08-21,京东,京东自营,三元乐活瓶装高温杀菌乳450mL*6,52.0
2025-08-21,京东,京东自营,三元乐活（瓶）200mL*20,1940.0
2025-08-21,京东,京东自营,三元每日新鲜950mL*12,612.0
2025-08-21,京东,京东自营,三元真的好巧200mL*20,400.0
2025-08-21,京东,京东自营,三元真的好巧450mL*12,252.0
2025-08-21,京东,京东自营,三元老北京酸牛奶（139g*8*4）,80.0
2025-08-21,京东,京东自营,三元芋你鲜活200mL*20,120.0
2025-08-21,京东,京东自营,三元芋你鲜活450mL*12,132.0
2025-08-21,京东,京东自营,三元草莓黑米三连杯130g*3*8,112.0
2025-08-21,京东,京东自营,三元青提芝士三连杯130g*3*8,112.0
2025-08-21,京东,京东自营,中优选组合装DS(450ml*2*8),1016.0
2025-08-21,京东,京东自营,优选鲜牛乳240ml*20,500.0
2025-08-21,京东,京东自营,全脂桶（1*6）,528.0
2025-08-21,京东,京东自营,天然桶装酸牛奶(1*6),276.0
2025-08-21,京东,京东自营,天然桶装酸牛奶1kg,18.0
2025-08-21,京东,京东自营,小康（1*12）,660.0
2025-08-21,京东,京东自营,极致1+1鲜牛奶900mL*6,114.0
2025-08-21,京东,京东自营,极致A2鲜奶240*20,540.0
2025-08-21,京东,京东自营,极致A2鲜奶900*6,726.0
2025-08-21,京东,京东自营,极致有机鲜牛奶 900ML,954.0
2025-08-21,京东,京东自营,极致有机鲜牛奶240ML,180.0
2025-08-21,京东,京东自营,简卡原味桶酸1kg*9,774.0
2025-08-21,京东,京东自营,脱脂桶（1*6）,252.0
2025-08-21,京东,京东自营,袋装天然酸奶(180g*60),1380.0
2025-08-21,京东,京东自营,轻能利乐冠DSHB-蓝莓+大麦250g*4,156.0
2025-08-21,京东,京东自营,轻能利乐冠DSHB-黄桃+大麦250g*4,306.0
2025-08-21,京东,京东自营,雪凝原味盒酸800g*12,120.0
2025-08-21,京东,京东自营,雪凝奶皮子酸奶原味800g*12,276.0
2025-08-21,京东,京东自营,雪凝茯苓杯装酸奶DSHB(150g*8*6),84.0
2025-08-21,京东,京东自营,雪凝草莓山楂盒酸800g*12,144.0
2025-08-21,其他,其他,100g原味酸奶,9.0
2025-08-21,其他,其他,72℃屋型鲜牛乳(950ml*12盒),12.0
2025-08-21,其他,其他,72℃鲜牛乳（瓶）900mL,314.0
2025-08-21,其他,其他,三元乐活(瓶)450mL*12,24.0
2025-08-21,其他,其他,三元乐活有机牛乳450mL*12,12.0
2025-08-21,其他,其他,三元南瓜来了450mL*12,87.0
2025-08-21,其他,其他,三元牛角包双莓牛奶200mL*16,12.0
2025-08-21,其他,其他,三元牛角包巧克力牛奶200mL*16,12.0
2025-08-21,其他,其他,三元牛角包椰子牛奶200mL*16,12.0
2025-08-21,其他,其他,三元真的好巧200mL*20,20.0
2025-08-21,其他,其他,三元真的好巧450mL*12,12.0
2025-08-21,其他,其他,三元芋你鲜活200mL*20,3.0
2025-08-21,其他,其他,三元草莓黑米杯酸130g*24,30.0
2025-08-21,其他,其他,三元青提芝士杯酸130g*24,71.0
2025-08-21,其他,其他,中天酸(480g*12),24.0
2025-08-21,其他,其他,优选瓶装鲜牛乳(450ml*12瓶),138.0
2025-08-21,其他,其他,优选鲜牛乳240ml*20,50.0
2025-08-21,其他,其他,全脂桶（1*6）,18.0
2025-08-21,其他,其他,全脂酸牛奶原味(100g*8),11.0
2025-08-21,其他,其他,原圆形配餐杯100g,9219.0
2025-08-21,其他,其他,大大果块桑葚+蓝莓260g*12,30.0
2025-08-21,其他,其他,大果块哈密瓜青提260g*12,21.0
2025-08-21,其他,其他,大果块草莓+桑葚260g*12,44.0
2025-08-21,其他,其他,大果块草莓+黄桃260g*12,60.0
2025-08-21,其他,其他,大果块黄桃+芒果260g*12,39.0
2025-08-21,其他,其他,天然桶装酸牛奶(1*6),15.0
2025-08-21,其他,其他,小康（1*12）,90.0
2025-08-21,其他,其他,屋型酸牛奶梨+菠萝480g*12,12.0
2025-08-21,其他,其他,屋型酸牛奶草莓+树莓480g*12,12.0
2025-08-21,其他,其他,极致1+1鲜牛奶240mL*20,20.0
2025-08-21,其他,其他,极致1+1鲜牛奶900mL*6,6.0
2025-08-21,其他,其他,极致A2鲜奶240*20,105.0
2025-08-21,其他,其他,极致A2鲜奶900*6,22.0
2025-08-21,其他,其他,极致有机鲜牛奶 900ML,91.0
2025-08-21,其他,其他,极致有机鲜牛奶240ML,18.0
2025-08-21,其他,其他,极致有机鲜牛奶450mL*12,264.0
2025-08-21,其他,其他,烤橙子灵芝爆珠杯酸130g*24,48.0
2025-08-21,其他,其他,烤橙子陈皮爆珠杯酸130g*24,3.0
2025-08-21,其他,其他,特品纯鲜牛奶(1*60),6051.0
2025-08-21,其他,其他,益菌多原味(125g*8),54.0
2025-08-21,其他,其他,益菌多无蔗糖(125g*8),49.0
2025-08-21,其他,其他,益菌多草莓(125g*8),4.0
2025-08-21,其他,其他,益菌多黄桃(125g*8),1.0
2025-08-21,其他,其他,简卡原味八连杯100g*8*12,2.0
2025-08-21,其他,其他,简卡原味桶酸1kg*9,14.0
2025-08-21,其他,其他,简卡原味袋五连包150g*5*10,42.0
2025-08-21,其他,其他,老北京杯装酸牛奶(139g*24),634.0
2025-08-21,其他,其他,脱脂桶（1*6）,2.0
2025-08-21,其他,其他,袋装天然酸奶(180g*60),280.0
2025-08-21,其他,其他,袋装无糖酸奶(180g*60),400.0
2025-08-21,其他,其他,轻能利乐冠—蓝莓+大麦250g,96.0
2025-08-21,其他,其他,轻能利乐冠—黄桃+大麦250g,3.0
2025-08-21,其他,其他,轻能苗条牛油果燕麦250g*24,28.0
2025-08-21,其他,其他,轻能苗条红西柚燕麦250g*24,4.0
2025-08-21,其他,其他,雪凝炭烧奶皮子杯酸130g*24,4.0
2025-08-21,其他,其他,雪凝茯苓杯装酸奶150g*4*14,290.0
2025-08-21,其他,其他,雪凝草莓山楂盒酸800g*12,3.0
2025-08-21,其他,其他,鲜牛奶(1*60),57.0
2025-08-21,拼多多,多多买菜,100g原味酸奶,260.0
2025-08-21,拼多多,多多买菜,三元乐活950mL*12,48.0
2025-08-21,拼多多,多多买菜,三元乐活（瓶）200mL*20,160.0
2025-08-21,拼多多,多多买菜,三元芋你鲜活200mL*20,200.0
2025-08-21,拼多多,多多买菜,大果块草莓+黄桃260g*12,120.0
2025-08-21,拼多多,多多买菜,天然桶装酸牛奶1kg,108.0
2025-08-21,拼多多,多多买菜,老北京杯装酸牛奶(139g*24),432.0
2025-08-21,新零售,新零售,72℃鲜牛乳（瓶）900mL,15912.0
2025-08-21,新零售,新零售,三元晚安奶250mL*4*6,2394.0
2025-08-21,新零售,新零售,三元每日新鲜950mL*12,2340.0
2025-08-21,新零售,新零售,三元草莓黑米三连杯130g*3*8,16.0
2025-08-21,新零售,新零售,三元青提芝士三连杯130g*3*8,24.0
2025-08-21,新零售,新零售,中脱（1*12）,1176.0
2025-08-21,新零售,新零售,优选瓶装鲜牛乳(450ml*12瓶),4152.0
2025-08-21,新零售,新零售,全脂桶（1*6）,1596.0
2025-08-21,新零售,新零售,全脂酸牛奶原味(100g*8),588.0
2025-08-21,新零售,新零售,大果块草莓+黄桃260g*12,300.0
2025-08-21,新零售,新零售,大果块黄桃+芒果260g*12,504.0
2025-08-21,新零售,新零售,天然桶装酸牛奶(1*6),1764.0
2025-08-21,新零售,新零售,小康（1*12）,9936.0
2025-08-21,新零售,新零售,屋型酸牛奶草莓+树莓480g*12,492.0
2025-08-21,新零售,新零售,极致1+1鲜牛奶240mL*20,640.0
2025-08-21,新零售,新零售,极致1+1鲜牛奶900mL*6,216.0
2025-08-21,新零售,新零售,极致A2鲜奶240*20,680.0
2025-08-21,新零售,新零售,极致A2鲜奶900*6,1014.0
2025-08-21,新零售,新零售,极致有机鲜牛奶 900ML,4890.0
2025-08-21,新零售,新零售,极致有机鲜牛奶240ML,5560.0
2025-08-21,新零售,新零售,烤橙子灵芝爆珠杯酸130g*24,72.0
2025-08-21,新零售,新零售,烤橙子陈皮爆珠杯酸130g*24,216.0
2025-08-21,新零售,新零售,特品纯鲜牛奶(1*60),18120.0
2025-08-21,新零售,新零售,益菌多原味(125g*8),1145.0
2025-08-21,新零售,新零售,益菌多无蔗糖(125g*8),230.0
2025-08-21,新零售,新零售,盒马原味桶酸1.5kg*6,2634.0
2025-08-21,新零售,新零售,盒马日日鲜星期四950ml,9936.0
2025-08-21,新零售,新零售,盒马有机桶鲜1.5L*6,4272.0
2025-08-21,新零售,新零售,盒马红颜草莓奶450mL*12,27540.0
2025-08-21,新零售,新零售,简卡原味八连杯100g*8*12,1392.0
2025-08-21,新零售,新零售,简卡原味桶酸1kg*9,423.0
2025-08-21,新零售,新零售,简卡原味袋五连包150g*5*10,1050.0
2025-08-21,新零售,新零售,老北京杯装酸牛奶(139g*24),2424.0
2025-08-21,新零售,新零售,脱脂桶（1*6）,150.0
2025-08-21,新零售,新零售,袋装天然酸奶(180g*60),2280.0
2025-08-21,新零售,新零售,袋装无糖酸奶(180g*60),960.0
2025-08-21,新零售,新零售,雪凝茯苓杯装酸奶150g*4*14,1582.0
2025-08-21,新零售,新零售,雪凝茯苓杯酸纸箱150g*4*14,2618.0
2025-08-22,京东,京东自营,72℃屋型鲜牛乳(950ml*12盒),372.0
2025-08-22,京东,京东自营,72℃鲜牛乳（瓶）900mL,576.0
2025-08-22,京东,京东自营,三元乐活(瓶)450mL*12,132.0
2025-08-22,京东,京东自营,三元乐活950mL*12,72.0
2025-08-22,京东,京东自营,三元乐活有机牛乳200mL*20,400.0
2025-08-22,京东,京东自营,三元乐活有机牛乳450mL*12,60.0
2025-08-22,京东,京东自营,三元乐活瓶装高温杀菌乳450mL*6,8.0
2025-08-22,京东,京东自营,三元乐活（瓶）200mL*20,120.0
2025-08-22,京东,京东自营,三元南瓜来了450mL*12,36.0
2025-08-22,京东,京东自营,三元每日新鲜950mL*12,180.0
2025-08-22,京东,京东自营,三元真的好巧200mL*20,80.0
2025-08-22,京东,京东自营,三元真的好巧450mL*12,60.0
2025-08-22,京东,京东自营,三元老北京酸牛奶（139g*8*4）,92.0
2025-08-22,京东,京东自营,三元芋你鲜活200mL*20,60.0
2025-08-22,京东,京东自营,三元芋你鲜活450mL*12,84.0
2025-08-22,京东,京东自营,三元草莓黑米三连杯130g*3*8,8.0
2025-08-22,京东,京东自营,三元莓天鲜活450mL*12,12.0
2025-08-22,京东,京东自营,三元青提芝士三连杯130g*3*8,8.0
2025-08-22,京东,京东自营,优选瓶装鲜牛乳(450ml*12瓶),168.0
2025-08-22,京东,京东自营,优选鲜牛乳240ml*20,200.0
2025-08-22,京东,京东自营,全脂桶（1*6）,288.0
2025-08-22,京东,京东自营,大大果块桑葚+蓝莓260g*12,12.0
2025-08-22,京东,京东自营,大果块草莓+黄桃260g*12,12.0
2025-08-22,京东,京东自营,大果块黄桃+芒果260g*12,12.0
2025-08-22,京东,京东自营,天然桶装酸牛奶(1*6),12.0
2025-08-22,京东,京东自营,天然桶装酸牛奶1kg,9.0
2025-08-22,京东,京东自营,小康（1*12）,480.0
2025-08-22,京东,京东自营,极致1+1鲜牛奶240mL*20,40.0
2025-08-22,京东,京东自营,极致1+1鲜牛奶900mL*6,138.0
2025-08-22,京东,京东自营,极致A2鲜奶240*20,280.0
2025-08-22,京东,京东自营,极致A2鲜奶900*6,1068.0
2025-08-22,京东,京东自营,极致有机鲜牛奶 900ML,1644.0
2025-08-22,京东,京东自营,极致有机鲜牛奶240ML,820.0
2025-08-22,京东,京东自营,简卡原味桶酸1kg*9,45.0
2025-08-22,京东,京东自营,脱脂桶（1*6）,132.0
2025-08-22,京东,京东自营,袋装天然酸奶(180g*60),60.0
2025-08-22,京东,京东自营,轻能利乐冠DSHB-蓝莓+大麦250g*4,78.0
2025-08-22,京东,京东自营,轻能利乐冠DSHB-黄桃+大麦250g*4,78.0
2025-08-22,京东,京东自营,雪凝原味盒酸800g*12,132.0
2025-08-22,京东,京东自营,雪凝奶皮子酸奶原味800g*12,36.0
2025-08-22,京东,京东自营,雪凝炭烧奶皮子酸奶盒装800g*12,108.0
2025-08-22,京东,京东自营,雪凝草莓山楂盒酸800g*12,48.0
2025-08-22,其他,其他,72℃鲜牛乳（瓶）900mL,42.0
2025-08-22,其他,其他,优选瓶装鲜牛乳(450ml*12瓶),48.0
2025-08-22,其他,其他,原圆形配餐杯100g,11736.0
2025-08-22,其他,其他,小康（1*12）,24.0
2025-08-22,其他,其他,极致1+1鲜牛奶900mL*6,18.0
2025-08-22,其他,其他,极致A2鲜奶240*20,60.0
2025-08-22,其他,其他,极致有机鲜牛奶 900ML,32.0
2025-08-22,其他,其他,特品纯鲜牛奶(1*60),1440.0
2025-08-22,其他,其他,益菌多原味(125g*8),8.0
2025-08-22,其他,其他,益菌多无蔗糖(125g*8),16.0
2025-08-22,其他,其他,益菌多草莓(125g*8),4.0
2025-08-22,其他,其他,益菌多黄桃(125g*8),2.0
2025-08-22,其他,其他,老北京杯装酸牛奶(139g*24),144.0
2025-08-22,其他,其他,袋装天然酸奶(180g*60),180.0
2025-08-22,其他,其他,袋装无糖酸奶(180g*60),120.0
2025-08-22,其他,其他,雪凝茯苓杯装酸奶150g*4*14,98.0
2025-08-22,新零售,新零售,72℃鲜牛乳（瓶）900mL,15612.0
2025-08-22,新零售,新零售,三元南瓜来了200mL*20,1060.0
2025-08-22,新零售,新零售,三元晚安奶250mL*4*6,720.0
2025-08-22,新零售,新零售,三元每日新鲜950mL*12,2580.0
2025-08-22,新零售,新零售,三元草莓黑米三连杯130g*3*8,16.0
2025-08-22,新零售,新零售,三元青提芝士三连杯130g*3*8,16.0
2025-08-22,新零售,新零售,中脱（1*12）,1212.0
2025-08-22,新零售,新零售,优选瓶装鲜牛乳(450ml*12瓶),3936.0
2025-08-22,新零售,新零售,全脂桶（1*6）,1746.0
2025-08-22,新零售,新零售,全脂酸牛奶原味(100g*8),408.0
2025-08-22,新零售,新零售,大果块草莓+黄桃260g*12,564.0
2025-08-22,新零售,新零售,大果块黄桃+芒果260g*12,888.0
2025-08-22,新零售,新零售,天然桶装酸牛奶(1*6),1944.0
2025-08-22,新零售,新零售,小康（1*12）,9756.0
2025-08-22,新零售,新零售,屋型酸牛奶草莓+树莓480g*12,696.0
2025-08-22,新零售,新零售,极致1+1鲜牛奶240mL*20,760.0
2025-08-22,新零售,新零售,极致1+1鲜牛奶900mL*6,222.0
2025-08-22,新零售,新零售,极致A2鲜奶240*20,940.0
2025-08-22,新零售,新零售,极致A2鲜奶900*6,1074.0
2025-08-22,新零售,新零售,极致有机鲜牛奶 900ML,4812.0
2025-08-22,新零售,新零售,极致有机鲜牛奶240ML,5060.0
2025-08-22,新零售,新零售,烤橙子灵芝爆珠杯酸130g*24,96.0
2025-08-22,新零售,新零售,烤橙子陈皮爆珠杯酸130g*24,192.0
2025-08-22,新零售,新零售,特品纯鲜牛奶(1*60),19800.0
2025-08-22,新零售,新零售,益菌多原味(125g*8),1652.0
2025-08-22,新零售,新零售,益菌多无蔗糖(125g*8),481.0
2025-08-22,新零售,新零售,盒马原味桶酸1.5kg*6,3942.0
2025-08-22,新零售,新零售,盒马日日鲜星期五950ml,8304.0
2025-08-22,新零售,新零售,盒马红颜草莓奶450mL*12,3396.0
2025-08-22,新零售,新零售,简卡原味八连杯100g*8*12,1500.0
2025-08-22,新零售,新零售,简卡原味桶酸1kg*9,495.0
2025-08-22,新零售,新零售,简卡原味袋五连包150g*5*10,930.0
2025-08-22,新零售,新零售,老北京杯装酸牛奶(139g*24),3048.0
2025-08-22,新零售,新零售,脱脂桶（1*6）,108.0
2025-08-22,新零售,新零售,袋装天然酸奶(180g*60),3360.0
2025-08-22,新零售,新零售,袋装无糖酸奶(180g*60),1320.0
2025-08-22,新零售,新零售,象划算风味发酵乳,45.0
2025-08-22,新零售,新零售,雪凝奶皮子酸奶原味800g*12,840.0
2025-08-22,新零售,新零售,雪凝炭烧奶皮子杯酸130g*24,1176.0
2025-08-22,新零售,新零售,雪凝茯苓杯装酸奶150g*4*14,2394.0
2025-08-22,新零售,新零售,雪凝茯苓杯酸纸箱150g*4*14,2072.0
2025-08-23,京东,京东自营,72℃屋型鲜牛乳(950ml*12盒),564.0
2025-08-23,京东,京东自营,72℃鲜牛乳（瓶）900mL,732.0
2025-08-23,京东,京东自营,三元乐活(瓶)450mL*12,192.0
2025-08-23,京东,京东自营,三元乐活950mL*12,972.0
2025-08-23,京东,京东自营,三元乐活有机牛乳450mL*12,48.0
2025-08-23,京东,京东自营,三元乐活瓶装高温杀菌乳450mL*6,76.0
2025-08-23,京东,京东自营,三元乐活（瓶）200mL*20,1280.0
2025-08-23,京东,京东自营,三元南瓜来了450mL*12,72.0
2025-08-23,京东,京东自营,三元每日新鲜950mL*12,468.0
2025-08-23,京东,京东自营,三元纯牛奶180mL*12,3240.0
2025-08-23,京东,京东自营,三元老北京酸牛奶（139g*8*4）,124.0
2025-08-23,京东,京东自营,三元芋你鲜活200mL*20,260.0
2025-08-23,京东,京东自营,三元芋你鲜活450mL*12,168.0
2025-08-23,京东,京东自营,三元草莓黑米三连杯130g*3*8,8.0
2025-08-23,京东,京东自营,三元莓天鲜活450mL*12,24.0
2025-08-23,京东,京东自营,三元青提芝士三连杯130g*3*8,64.0
2025-08-23,京东,京东自营,中优选组合装DS(450ml*2*8),888.0
2025-08-23,京东,京东自营,优选鲜牛乳240ml*20,500.0
2025-08-23,京东,京东自营,全脂桶（1*6）,762.0
2025-08-23,京东,京东自营,天然桶装酸牛奶(1*6),264.0
2025-08-23,京东,京东自营,小康（1*12）,864.0
2025-08-23,京东,京东自营,小脱（1*12）,48.0
2025-08-23,京东,京东自营,极致1+1鲜牛奶900mL*6,114.0
2025-08-23,京东,京东自营,极致A2鲜奶240*20,600.0
2025-08-23,京东,京东自营,极致A2鲜奶900*6,450.0
2025-08-23,京东,京东自营,极致有机鲜牛奶 900ML,858.0
2025-08-23,京东,京东自营,极致有机鲜牛奶240ML,700.0
2025-08-23,京东,京东自营,极致有机鲜牛奶450mL*12,84.0
2025-08-23,京东,京东自营,简卡原味桶酸1kg*9,1017.0
2025-08-23,京东,京东自营,脱脂桶（1*6）,222.0
2025-08-23,京东,京东自营,袋装天然酸奶(180g*60),480.0
2025-08-23,京东,京东自营,轻能利乐冠DSHB-蓝莓+大麦250g*4,234.0
2025-08-23,京东,京东自营,轻能利乐冠DSHB-黄桃+大麦250g*4,306.0
2025-08-23,京东,京东自营,雪凝原味盒酸800g*12,300.0
2025-08-23,京东,京东自营,雪凝奶皮子酸奶原味800g*12,120.0
2025-08-23,京东,京东自营,雪凝炭烧奶皮子酸奶盒装800g*12,48.0
2025-08-23,京东,京东自营,雪凝草莓山楂盒酸800g*12,192.0
2025-08-23,其他,其他,100g原味酸奶,19.0
2025-08-23,其他,其他,72℃屋型鲜牛乳(490ml*12盒),2.0
2025-08-23,其他,其他,72℃屋型鲜牛乳(950ml*12盒),10.0
2025-08-23,其他,其他,72℃鲜牛乳（瓶）900mL,371.0
2025-08-23,其他,其他,三元乐活(瓶)450mL*12,28.0
2025-08-23,其他,其他,三元乐活（瓶）200mL*20,3.0
2025-08-23,其他,其他,三元南瓜来了200mL*20,2.0
2025-08-23,其他,其他,三元可可奶200mL*16,22.0
2025-08-23,其他,其他,三元每日新鲜950mL*12,9.0
2025-08-23,其他,其他,三元牛角包双莓牛奶200mL*16,3.0
2025-08-23,其他,其他,三元牛角包巧克力牛奶200mL*16,9.0
2025-08-23,其他,其他,三元牛角包椰子牛奶200mL*16,3.0
2025-08-23,其他,其他,三元纯牛奶180mL*12,12.0
2025-08-23,其他,其他,三元芋你鲜活200mL*20,33.0
2025-08-23,其他,其他,三元芋你鲜活450mL*12,2.0
2025-08-23,其他,其他,三元草莓黑米三连杯130g*3*8,32.0
2025-08-23,其他,其他,三元草莓黑米杯酸130g*24,18.0
2025-08-23,其他,其他,三元莓天鲜活200mL*20,29.0
2025-08-23,其他,其他,三元青提芝士杯酸130g*24,42.0
2025-08-23,其他,其他,中天酸(480g*12),32.0
2025-08-23,其他,其他,优选瓶装鲜牛乳(450ml*12瓶),48.0
2025-08-23,其他,其他,优选鲜牛乳240ml*20,28.0
2025-08-23,其他,其他,全脂桶（1*6）,13.0
2025-08-23,其他,其他,全脂酸牛奶原味(100g*8),24.0
2025-08-23,其他,其他,原圆形配餐杯100g,216.0
2025-08-23,其他,其他,大大果块桑葚+蓝莓260g*12,33.0
2025-08-23,其他,其他,大果块哈密瓜青提260g*12,15.0
2025-08-23,其他,其他,大果块草莓+桑葚260g*12,51.0
2025-08-23,其他,其他,大果块草莓+黄桃260g*12,18.0
2025-08-23,其他,其他,大果块黄桃+芒果260g*12,31.0
2025-08-23,其他,其他,天然桶装酸牛奶(1*6),8.0
2025-08-23,其他,其他,天然桶装酸牛奶1kg,9.0
2025-08-23,其他,其他,小康（1*12）,62.0
2025-08-23,其他,其他,屋型酸牛奶梨+菠萝480g*12,14.0
2025-08-23,其他,其他,屋型酸牛奶草莓+树莓480g*12,26.0
2025-08-23,其他,其他,极致1+1鲜牛奶240mL*20,40.0
2025-08-23,其他,其他,极致A2鲜奶240*20,113.0
2025-08-23,其他,其他,极致A2鲜奶900*6,17.0
2025-08-23,其他,其他,极致有机鲜牛奶 900ML,76.0
2025-08-23,其他,其他,极致有机鲜牛奶240ML,12.0
2025-08-23,其他,其他,特品纯鲜牛奶(1*60),4143.0
2025-08-23,其他,其他,益菌多原味(125g*8),67.0
2025-08-23,其他,其他,益菌多无蔗糖(125g*8),71.0
2025-08-23,其他,其他,益菌多草莓(125g*8),5.0
2025-08-23,其他,其他,益菌多黄桃(125g*8),8.0
2025-08-23,其他,其他,简卡原味八连杯100g*8*12,11.0
2025-08-23,其他,其他,简卡原味桶酸1kg*9,13.0
2025-08-23,其他,其他,简卡原味袋五连包150g*5*10,29.0
2025-08-23,其他,其他,老北京杯装酸牛奶(139g*24),904.0
2025-08-23,其他,其他,脱脂桶（1*6）,1.0
2025-08-23,其他,其他,袋装天然酸奶(180g*60),460.0
2025-08-23,其他,其他,袋装无糖酸奶(180g*60),725.0
2025-08-23,其他,其他,轻能利乐冠—蓝莓+大麦250g,12.0
2025-08-23,其他,其他,轻能利乐冠—黄桃+大麦250g,21.0
2025-08-23,其他,其他,雪凝原味盒酸800g*12,4.0
2025-08-23,其他,其他,雪凝奶皮子酸奶原味800g*12,10.0
2025-08-23,其他,其他,雪凝茯苓杯装酸奶150g*4*14,404.0
2025-08-23,其他,其他,雪凝草莓山楂盒酸800g*12,2.0
2025-08-23,其他,其他,鲜牛奶(1*60),129.0
2025-08-23,拼多多,多多买菜,100g原味酸奶,160.0
2025-08-23,拼多多,多多买菜,三元乐活950mL*12,132.0
2025-08-23,拼多多,多多买菜,三元乐活（瓶）200mL*20,200.0
2025-08-23,拼多多,多多买菜,三元芋你鲜活200mL*20,240.0
2025-08-23,拼多多,多多买菜,原圆形配餐杯100g,432.0
2025-08-23,拼多多,多多买菜,大果块草莓+黄桃260g*12,60.0
2025-08-23,拼多多,多多买菜,天然桶装酸牛奶1kg,180.0
2025-08-23,拼多多,多多买菜,老北京杯装酸牛奶(139g*24),600.0
2025-08-23,新零售,新零售,72℃鲜牛乳（瓶）900mL,17556.0
2025-08-23,新零售,新零售,三元南瓜来了200mL*20,580.0
2025-08-23,新零售,新零售,三元晚安奶250mL*4*6,4062.0
2025-08-23,新零售,新零售,三元每日新鲜950mL*12,2268.0
2025-08-23,新零售,新零售,三元草莓黑米三连杯130g*3*8,24.0
2025-08-23,新零售,新零售,三元青提芝士三连杯130g*3*8,40.0
2025-08-23,新零售,新零售,中脱（1*12）,1488.0
2025-08-23,新零售,新零售,优选瓶装鲜牛乳(450ml*12瓶),4668.0
2025-08-23,新零售,新零售,全脂桶（1*6）,2148.0
2025-08-23,新零售,新零售,全脂酸牛奶原味(100g*8),636.0
2025-08-23,新零售,新零售,大果块草莓+黄桃260g*12,360.0
2025-08-23,新零售,新零售,大果块黄桃+芒果260g*12,468.0
2025-08-23,新零售,新零售,天然桶装酸牛奶(1*6),1332.0
2025-08-23,新零售,新零售,小康（1*12）,11376.0
2025-08-23,新零售,新零售,屋型酸牛奶草莓+树莓480g*12,996.0
2025-08-23,新零售,新零售,极致1+1鲜牛奶240mL*20,660.0
2025-08-23,新零售,新零售,极致1+1鲜牛奶900mL*6,192.0
2025-08-23,新零售,新零售,极致A2鲜奶240*20,1160.0
2025-08-23,新零售,新零售,极致A2鲜奶900*6,1314.0
2025-08-23,新零售,新零售,极致有机鲜牛奶 900ML,5706.0
2025-08-23,新零售,新零售,极致有机鲜牛奶240ML,6940.0
2025-08-23,新零售,新零售,极致有机鲜牛奶450mL*12,360.0
2025-08-23,新零售,新零售,烤橙子灵芝爆珠杯酸130g*24,120.0
2025-08-23,新零售,新零售,烤橙子陈皮爆珠杯酸130g*24,168.0
2025-08-23,新零售,新零售,特品纯鲜牛奶(1*60),23760.0
2025-08-23,新零售,新零售,益菌多原味(125g*8),1366.0
2025-08-23,新零售,新零售,益菌多无蔗糖(125g*8),378.0
2025-08-23,新零售,新零售,盒马原味桶酸1.5kg*6,3264.0
2025-08-23,新零售,新零售,盒马日日鲜星期六950ml,11340.0
2025-08-23,新零售,新零售,盒马有机桶鲜1.5L*6,5688.0
2025-08-23,新零售,新零售,盒马红颜草莓奶450mL*12,38124.0
2025-08-23,新零售,新零售,简卡原味八连杯100g*8*12,1068.0
2025-08-23,新零售,新零售,简卡原味桶酸1kg*9,423.0
2025-08-23,新零售,新零售,简卡原味袋五连包150g*5*10,950.0
2025-08-23,新零售,新零售,老北京杯装酸牛奶(139g*24),3072.0
2025-08-23,新零售,新零售,脱脂桶（1*6）,66.0
2025-08-23,新零售,新零售,袋装天然酸奶(180g*60),2400.0
2025-08-23,新零售,新零售,袋装无糖酸奶(180g*60),1440.0
2025-08-23,新零售,新零售,象划算风味发酵乳,387.0
2025-08-23,新零售,新零售,雪凝茯苓杯装酸奶150g*4*14,938.0
2025-08-23,新零售,新零售,雪凝茯苓杯酸纸箱150g*4*14,2674.0
2025-08-24,京东,京东自营,72℃屋型鲜牛乳(950ml*12盒),480.0
2025-08-24,京东,京东自营,72℃鲜牛乳（瓶）900mL,480.0
2025-08-24,京东,京东自营,三元乐活(瓶)450mL*12,12.0
2025-08-24,京东,京东自营,三元乐活950mL*12,216.0
2025-08-24,京东,京东自营,三元乐活瓶装高温杀菌乳450mL*6,4.0
2025-08-24,京东,京东自营,三元乐活（瓶）200mL*20,880.0
2025-08-24,京东,京东自营,三元真的好巧200mL*20,340.0
2025-08-24,京东,京东自营,三元真的好巧450mL*12,72.0
2025-08-24,京东,京东自营,三元纯牛奶180mL*12,24.0
2025-08-24,京东,京东自营,三元老北京酸牛奶（139g*8*4）,4.0
2025-08-24,京东,京东自营,三元芋你鲜活200mL*20,20.0
2025-08-24,京东,京东自营,三元芋你鲜活450mL*12,60.0
2025-08-24,京东,京东自营,三元青提芝士三连杯130g*3*8,168.0
2025-08-24,京东,京东自营,优选鲜牛乳240ml*20,900.0
2025-08-24,京东,京东自营,全脂桶（1*6）,186.0
2025-08-24,京东,京东自营,天然桶装酸牛奶(1*6),36.0
2025-08-24,京东,京东自营,小康（1*12）,312.0
2025-08-24,京东,京东自营,极致1+1鲜牛奶900mL*6,132.0
2025-08-24,京东,京东自营,极致A2鲜奶240*20,540.0
2025-08-24,京东,京东自营,极致A2鲜奶900*6,954.0
2025-08-24,京东,京东自营,极致有机鲜牛奶 900ML,1764.0
2025-08-24,京东,京东自营,极致有机鲜牛奶240ML,1540.0
2025-08-24,京东,京东自营,简卡原味桶酸1kg*9,369.0
2025-08-24,京东,京东自营,纸箱180g无蔗糖酸牛奶180g*30,60.0
2025-08-24,京东,京东自营,脱脂桶（1*6）,156.0
2025-08-24,京东,京东自营,袋装天然酸奶(180g*60),1800.0
2025-08-24,京东,京东自营,轻能利乐冠DSHB-蓝莓+大麦250g*4,102.0
2025-08-24,京东,京东自营,轻能利乐冠DSHB-黄桃+大麦250g*4,114.0
2025-08-24,京东,京东自营,雪凝原味盒酸800g*12,24.0
2025-08-24,京东,京东自营,雪凝奶皮子酸奶原味800g*12,60.0
2025-08-24,京东,京东自营,雪凝草莓山楂盒酸800g*12,12.0
2025-08-24,其他,其他,72℃鲜牛乳（瓶）900mL,30.0
2025-08-24,其他,其他,优选瓶装鲜牛乳(450ml*12瓶),60.0
2025-08-24,其他,其他,优选鲜牛乳240ml*20,20.0
2025-08-24,其他,其他,原圆形配餐杯100g,17640.0
2025-08-24,其他,其他,大大果块桑葚+蓝莓260g*12,12.0
2025-08-24,其他,其他,大果块黄桃+芒果260g*12,12.0
2025-08-24,其他,其他,小康（1*12）,24.0
2025-08-24,其他,其他,极致1+1鲜牛奶900mL*6,18.0
2025-08-24,其他,其他,极致A2鲜奶240*20,40.0
2025-08-24,其他,其他,极致有机鲜牛奶 900ML,40.0
2025-08-24,其他,其他,特品纯鲜牛奶(1*60),1320.0
2025-08-24,其他,其他,益菌多原味(125g*8),2.0
2025-08-24,其他,其他,益菌多无蔗糖(125g*8),8.0
2025-08-24,其他,其他,益菌多草莓(125g*8),2.0
2025-08-24,其他,其他,益菌多黄桃(125g*8),2.0
2025-08-24,其他,其他,老北京杯装酸牛奶(139g*24),192.0
2025-08-24,其他,其他,袋装天然酸奶(180g*60),180.0
2025-08-24,其他,其他,袋装无糖酸奶(180g*60),120.0
2025-08-24,其他,其他,雪凝茯苓杯装酸奶150g*4*14,98.0
2025-08-24,新零售,新零售,72℃鲜牛乳（瓶）900mL,17436.0
2025-08-24,新零售,新零售,三元晚安奶250mL*4*6,984.0
2025-08-24,新零售,新零售,三元每日新鲜950mL*12,468.0
2025-08-24,新零售,新零售,三元真的好巧200mL*20,4740.0
2025-08-24,新零售,新零售,三元草莓黑米三连杯130g*3*8,16.0
2025-08-24,新零售,新零售,三元青提芝士三连杯130g*3*8,24.0
2025-08-24,新零售,新零售,中脱（1*12）,1464.0
2025-08-24,新零售,新零售,优选瓶装鲜牛乳(450ml*12瓶),4668.0
2025-08-24,新零售,新零售,全脂桶（1*6）,2274.0
2025-08-24,新零售,新零售,全脂酸牛奶原味(100g*8),696.0
2025-08-24,新零售,新零售,大果块草莓+黄桃260g*12,300.0
2025-08-24,新零售,新零售,大果块黄桃+芒果260g*12,252.0
2025-08-24,新零售,新零售,天然桶装酸牛奶(1*6),1674.0
2025-08-24,新零售,新零售,小康（1*12）,10584.0
2025-08-24,新零售,新零售,屋型酸牛奶草莓+树莓480g*12,300.0
2025-08-24,新零售,新零售,极致1+1鲜牛奶240mL*20,820.0
2025-08-24,新零售,新零售,极致1+1鲜牛奶900mL*6,246.0
2025-08-24,新零售,新零售,极致A2鲜奶240*20,740.0
2025-08-24,新零售,新零售,极致A2鲜奶900*6,1080.0
2025-08-24,新零售,新零售,极致有机鲜牛奶 900ML,5730.0
2025-08-24,新零售,新零售,极致有机鲜牛奶240ML,5760.0
2025-08-24,新零售,新零售,烤橙子灵芝爆珠杯酸130g*24,72.0
2025-08-24,新零售,新零售,烤橙子陈皮爆珠杯酸130g*24,24.0
2025-08-24,新零售,新零售,特品纯鲜牛奶(1*60),22320.0
2025-08-24,新零售,新零售,益菌多原味(125g*8),1116.0
2025-08-24,新零售,新零售,益菌多无蔗糖(125g*8),230.0
2025-08-24,新零售,新零售,盒马原味桶酸1.5kg*6,8112.0
2025-08-24,新零售,新零售,盒马日日鲜星期日950ml,11028.0
2025-08-24,新零售,新零售,盒马红颜草莓奶450mL*12,4176.0
2025-08-24,新零售,新零售,简卡原味八连杯100g*8*12,1308.0
2025-08-24,新零售,新零售,简卡原味桶酸1kg*9,324.0
2025-08-24,新零售,新零售,简卡原味袋五连包150g*5*10,1090.0
2025-08-24,新零售,新零售,老北京杯装酸牛奶(139g*24),2856.0
2025-08-24,新零售,新零售,脱脂桶（1*6）,138.0
2025-08-24,新零售,新零售,袋装天然酸奶(180g*60),1320.0
2025-08-24,新零售,新零售,袋装无糖酸奶(180g*60),720.0
2025-08-24,新零售,新零售,象划算风味发酵乳,27.0
2025-08-24,新零售,新零售,雪凝奶皮子酸奶原味800g*12,72.0
2025-08-24,新零售,新零售,雪凝茯苓杯装酸奶150g*4*14,812.0
2025-08-24,新零售,新零售,雪凝茯苓杯酸纸箱150g*4*14,2688.0
2025-08-25,京东,京东自营,72℃屋型鲜牛乳(950ml*12盒),264.0
2025-08-25,京东,京东自营,72℃鲜牛乳（瓶）900mL,420.0
2025-08-25,京东,京东自营,三元乐活（瓶）200mL*20,1000.0
2025-08-25,京东,京东自营,三元每日新鲜950mL*12,12.0
2025-08-25,京东,京东自营,三元芋你鲜活200mL*20,40.0
2025-08-25,京东,京东自营,三元青提芝士三连杯130g*3*8,40.0
2025-08-25,京东,京东自营,优选鲜牛乳240ml*20,400.0
2025-08-25,京东,京东自营,全脂桶（1*6）,240.0
2025-08-25,京东,京东自营,天然桶装酸牛奶(1*6),60.0
2025-08-25,京东,京东自营,小康（1*12）,108.0
2025-08-25,京东,京东自营,极致1+1鲜牛奶900mL*6,78.0
2025-08-25,京东,京东自营,极致A2鲜奶240*20,420.0
2025-08-25,京东,京东自营,极致A2鲜奶900*6,96.0
2025-08-25,京东,京东自营,极致有机鲜牛奶 900ML,72.0
2025-08-25,京东,京东自营,极致有机鲜牛奶240ML,400.0
2025-08-25,京东,京东自营,脱脂桶（1*6）,120.0
2025-08-25,京东,京东自营,雪凝草莓山楂盒酸800g*12,48.0
2025-08-25,其他,其他,72℃鲜牛乳（瓶）900mL,42.0
2025-08-25,其他,其他,优选瓶装鲜牛乳(450ml*12瓶),60.0
2025-08-25,其他,其他,优选鲜牛乳240ml*20,20.0
2025-08-25,其他,其他,原圆形配餐杯100g,72.0
2025-08-25,其他,其他,小康（1*12）,24.0
2025-08-25,其他,其他,极致1+1鲜牛奶900mL*6,18.0
2025-08-25,其他,其他,极致A2鲜奶240*20,40.0
2025-08-25,其他,其他,极致A2鲜奶900*6,6.0
2025-08-25,其他,其他,极致有机鲜牛奶 900ML,28.0
2025-08-25,其他,其他,特品纯鲜牛奶(1*60),1680.0
2025-08-25,其他,其他,益菌多原味(125g*8),38.0
2025-08-25,其他,其他,益菌多无蔗糖(125g*8),16.0
2025-08-25,其他,其他,益菌多草莓(125g*8),10.0
2025-08-25,其他,其他,益菌多黄桃(125g*8),10.0
2025-08-25,其他,其他,老北京杯装酸牛奶(139g*24),168.0
2025-08-25,其他,其他,袋装天然酸奶(180g*60),120.0
2025-08-25,其他,其他,袋装无糖酸奶(180g*60),60.0
2025-08-25,其他,其他,雪凝茯苓杯装酸奶150g*4*14,98.0
2025-08-25,新零售,新零售,72℃鲜牛乳（瓶）900mL,17658.0
2025-08-25,新零售,新零售,三元每日新鲜950mL*12,792.0
2025-08-25,新零售,新零售,三元牛角包巧克力牛奶200mL*16,1200.0
2025-08-25,新零售,新零售,三元草莓黑米三连杯130g*3*8,8.0
2025-08-25,新零售,新零售,三元青提芝士三连杯130g*3*8,16.0
2025-08-25,新零售,新零售,中脱（1*12）,1740.0
2025-08-25,新零售,新零售,优选瓶装鲜牛乳(450ml*12瓶),3132.0
2025-08-25,新零售,新零售,全脂桶（1*6）,1716.0
2025-08-25,新零售,新零售,全脂酸牛奶原味(100g*8),528.0
2025-08-25,新零售,新零售,大果块草莓+黄桃260g*12,420.0
2025-08-25,新零售,新零售,大果块黄桃+芒果260g*12,348.0
2025-08-25,新零售,新零售,天然桶装酸牛奶(1*6),1416.0
2025-08-25,新零售,新零售,小康（1*12）,9816.0
2025-08-25,新零售,新零售,屋型酸牛奶草莓+树莓480g*12,828.0
2025-08-25,新零售,新零售,极致1+1鲜牛奶240mL*20,720.0
2025-08-25,新零售,新零售,极致1+1鲜牛奶900mL*6,240.0
2025-08-25,新零售,新零售,极致A2鲜奶240*20,780.0
2025-08-25,新零售,新零售,极致A2鲜奶900*6,1224.0
2025-08-25,新零售,新零售,极致有机鲜牛奶 900ML,5268.0
2025-08-25,新零售,新零售,极致有机鲜牛奶240ML,5820.0
2025-08-25,新零售,新零售,极致有机鲜牛奶450mL*12,240.0
2025-08-25,新零售,新零售,特品纯鲜牛奶(1*60),20280.0
2025-08-25,新零售,新零售,益菌多原味(125g*8),1136.0
2025-08-25,新零售,新零售,益菌多无蔗糖(125g*8),255.0
2025-08-25,新零售,新零售,盒马日日鲜星期一950ml,10956.0
2025-08-25,新零售,新零售,盒马有机桶鲜1.5L*6,5292.0
2025-08-25,新零售,新零售,简卡原味八连杯100g*8*12,1416.0
2025-08-25,新零售,新零售,简卡原味桶酸1kg*9,351.0
2025-08-25,新零售,新零售,简卡原味袋五连包150g*5*10,840.0
2025-08-25,新零售,新零售,老北京杯装酸牛奶(139g*24),2232.0
2025-08-25,新零售,新零售,脱脂桶（1*6）,108.0
2025-08-25,新零售,新零售,袋装天然酸奶(180g*60),1680.0
2025-08-25,新零售,新零售,袋装无糖酸奶(180g*60),1920.0
2025-08-25,新零售,新零售,雪凝茯苓杯装酸奶150g*4*14,966.0
2025-08-25,新零售,新零售,雪凝茯苓杯酸纸箱150g*4*14,2282.0
2025-08-26,京东,京东POP,72℃屋型鲜牛乳(950ml*12盒),21.0
2025-08-26,京东,京东POP,72℃鲜牛乳（瓶）900mL,146.0
2025-08-26,京东,京东POP,三元乐活(瓶)450mL*12,132.0
2025-08-26,京东,京东POP,三元乐活950mL*12,328.0
2025-08-26,京东,京东POP,三元乐活有机牛乳450mL*12,6.0
2025-08-26,京东,京东POP,三元乐活（瓶）200mL*20,1182.0
2025-08-26,京东,京东POP,三元南瓜来了200mL*20,77.0
2025-08-26,京东,京东POP,三元南瓜来了450mL*12,6.0
2025-08-26,京东,京东POP,三元牛角包双莓牛奶200mL*16,16.0
2025-08-26,京东,京东POP,三元牛角包椰子牛奶200mL*16,16.0
2025-08-26,京东,京东POP,三元真的好巧200mL*20,275.0
2025-08-26,京东,京东POP,三元真的好巧450mL*12,15.0
2025-08-26,京东,京东POP,三元芋你鲜活200mL*20,56.0
2025-08-26,京东,京东POP,三元芋你鲜活450mL*12,4.0
2025-08-26,京东,京东POP,三元草莓黑米杯酸130g*24,18.0
2025-08-26,京东,京东POP,三元青提芝士杯酸130g*24,69.0
2025-08-26,京东,京东POP,优选瓶装鲜牛乳(450ml*12瓶),234.0
2025-08-26,京东,京东POP,优选鲜牛乳240ml*20,1926.0
2025-08-26,京东,京东POP,大果块草莓+桑葚260g*12,8.0
2025-08-26,京东,京东POP,大果块草莓+黄桃260g*12,6.0
2025-08-26,京东,京东POP,天然桶装酸牛奶1kg,29.0
2025-08-26,京东,京东POP,极致1+1鲜牛奶240mL*20,60.0
2025-08-26,京东,京东POP,极致1+1鲜牛奶900mL*6,4.0
2025-08-26,京东,京东POP,极致A2鲜奶240*20,471.0
2025-08-26,京东,京东POP,极致A2鲜奶900*6,119.0
2025-08-26,京东,京东POP,极致有机鲜牛奶 900ML,338.0
2025-08-26,京东,京东POP,极致有机鲜牛奶240ML,1333.0
2025-08-26,京东,京东POP,极致有机鲜牛奶450mL*12,36.0
2025-08-26,京东,京东POP,烤橙子灵芝爆珠杯酸130g*24,7.0
2025-08-26,京东,京东POP,烤橙子陈皮爆珠杯酸130g*24,18.0
2025-08-26,京东,京东POP,石榴红参爆珠杯酸130g*24,7.0
2025-08-26,京东,京东POP,简卡原味桶酸1kg*9,22.0
2025-08-26,京东,京东POP,简卡原味袋五连包150g*5*10,42.0
2025-08-26,京东,京东POP,老北京杯装酸牛奶(139g*24),276.0
2025-08-26,京东,京东POP,轻能利乐冠—蓝莓+大麦250g,157.0
2025-08-26,京东,京东POP,轻能利乐冠—黄桃+大麦250g,625.0
2025-08-26,京东,京东POP,雪凝原味盒酸800g*12,28.0
2025-08-26,京东,京东POP,雪凝奶皮子酸奶原味800g*12,14.0
2025-08-26,京东,京东POP,雪凝炭烧奶皮子杯酸130g*24,1.0
2025-08-26,京东,京东POP,雪凝炭烧奶皮子酸奶盒装800g*12,4.0
2025-08-26,京东,京东POP,雪凝茯苓杯装酸奶150g*4*14,94.0
2025-08-26,京东,京东POP,雪凝草莓山楂盒酸800g*12,10.0
2025-08-26,京东,京东自营,72℃屋型鲜牛乳(490ml*12盒),36.0
2025-08-26,京东,京东自营,72℃屋型鲜牛乳(950ml*12盒),732.0
2025-08-26,京东,京东自营,72℃鲜牛乳（瓶）900mL,636.0
2025-08-26,京东,京东自营,三元乐活(瓶)450mL*12,132.0
2025-08-26,京东,京东自营,三元乐活950mL*12,360.0
2025-08-26,京东,京东自营,三元乐活有机牛乳200mL*20,200.0
2025-08-26,京东,京东自营,三元乐活有机牛乳450mL*12,204.0
2025-08-26,京东,京东自营,三元乐活瓶装高温杀菌乳450mL*6,64.0
2025-08-26,京东,京东自营,三元乐活（瓶）200mL*20,620.0
2025-08-26,京东,京东自营,三元南瓜来了450mL*12,108.0
2025-08-26,京东,京东自营,三元每日新鲜950mL*12,84.0
2025-08-26,京东,京东自营,三元真的好巧200mL*20,240.0
2025-08-26,京东,京东自营,三元真的好巧450mL*12,48.0
2025-08-26,京东,京东自营,三元老北京酸牛奶（139g*8*4）,72.0
2025-08-26,京东,京东自营,三元芋你鲜活200mL*20,180.0
2025-08-26,京东,京东自营,三元芋你鲜活450mL*12,84.0
2025-08-26,京东,京东自营,三元草莓黑米三连杯130g*3*8,112.0
2025-08-26,京东,京东自营,三元莓天鲜活450mL*12,156.0
2025-08-26,京东,京东自营,三元青提芝士三连杯130g*3*8,160.0
2025-08-26,京东,京东自营,中优选组合装DS(450ml*2*8),872.0
2025-08-26,京东,京东自营,优选鲜牛乳240ml*20,400.0
2025-08-26,京东,京东自营,全脂桶（1*6）,852.0
2025-08-26,京东,京东自营,大大果块桑葚+蓝莓260g*12,12.0
2025-08-26,京东,京东自营,大果块草莓+黄桃260g*12,12.0
2025-08-26,京东,京东自营,大果块黄桃+芒果260g*12,12.0
2025-08-26,京东,京东自营,天然桶装酸牛奶(1*6),396.0
2025-08-26,京东,京东自营,小康（1*12）,960.0
2025-08-26,京东,京东自营,极致1+1鲜牛奶900mL*6,210.0
2025-08-26,京东,京东自营,极致A2鲜奶240*20,600.0
2025-08-26,京东,京东自营,极致A2鲜奶900*6,336.0
2025-08-26,京东,京东自营,极致有机鲜牛奶 900ML,774.0
2025-08-26,京东,京东自营,极致有机鲜牛奶240ML,640.0
2025-08-26,京东,京东自营,益菌多原味酸牛奶DSHB（125g*16）,543.0
2025-08-26,京东,京东自营,益菌多无蔗糖酸牛奶DSHB(125g*16),446.0
2025-08-26,京东,京东自营,简卡原味桶酸1kg*9,639.0
2025-08-26,京东,京东自营,简卡原味袋五连包150g*5*10,30.0
2025-08-26,京东,京东自营,脱脂桶（1*6）,318.0
2025-08-26,京东,京东自营,袋装天然酸奶(180g*60),2880.0
2025-08-26,京东,京东自营,轻能利乐冠DSHB-黄桃+大麦250g*4,48.0
2025-08-26,京东,京东自营,雪凝原味盒酸800g*12,156.0
2025-08-26,京东,京东自营,雪凝奶皮子酸奶原味800g*12,216.0
2025-08-26,京东,京东自营,雪凝炭烧奶皮子酸奶盒装800g*12,72.0
2025-08-26,京东,京东自营,雪凝茯苓杯装酸奶DSHB(150g*8*6),966.0
2025-08-26,京东,京东自营,雪凝草莓山楂盒酸800g*12,204.0
2025-08-26,其他,其他,100g原味酸奶,14.0
2025-08-26,其他,其他,72℃屋型鲜牛乳(490ml*12盒),1.0
2025-08-26,其他,其他,72℃屋型鲜牛乳(950ml*12盒),19.0
2025-08-26,其他,其他,72℃鲜牛乳（瓶）900mL,351.0
2025-08-26,其他,其他,三元乐活(瓶)450mL*12,6.0
2025-08-26,其他,其他,三元乐活有机牛乳200mL*20,15.0
2025-08-26,其他,其他,三元乐活（瓶）200mL*20,869.0
2025-08-26,其他,其他,三元南瓜来了200mL*20,16.0
2025-08-26,其他,其他,三元南瓜来了450mL*12,3.0
2025-08-26,其他,其他,三元可可奶200mL*16,15.0
2025-08-26,其他,其他,三元每日新鲜950mL*12,11.0
2025-08-26,其他,其他,三元牛角包双莓牛奶200mL*16,6.0
2025-08-26,其他,其他,三元牛角包巧克力牛奶200mL*16,3.0
2025-08-26,其他,其他,三元真的好巧200mL*20,38.0
2025-08-26,其他,其他,三元芋你鲜活200mL*20,45.0
2025-08-26,其他,其他,三元草莓黑米三连杯130g*3*8,56.0
2025-08-26,其他,其他,三元草莓黑米杯酸130g*24,121.0
2025-08-26,其他,其他,三元莓天鲜活200mL*20,26.0
2025-08-26,其他,其他,三元青提芝士三连杯130g*3*8,56.0
2025-08-26,其他,其他,三元青提芝士杯酸130g*24,187.0
2025-08-26,其他,其他,中天酸(480g*12),68.0
2025-08-26,其他,其他,优选瓶装鲜牛乳(450ml*12瓶),188.0
2025-08-26,其他,其他,优选鲜牛乳240ml*20,101.0
2025-08-26,其他,其他,全脂桶（1*6）,33.0
2025-08-26,其他,其他,全脂酸牛奶原味(100g*8),26.0
2025-08-26,其他,其他,原圆形配餐杯100g,14166.0
2025-08-26,其他,其他,大大果块桑葚+蓝莓260g*12,123.0
2025-08-26,其他,其他,大果块哈密瓜青提260g*12,45.0
2025-08-26,其他,其他,大果块草莓+桑葚260g*12,52.0
2025-08-26,其他,其他,大果块草莓+黄桃260g*12,96.0
2025-08-26,其他,其他,大果块黄桃+芒果260g*12,77.0
2025-08-26,其他,其他,天然桶装酸牛奶(1*6),13.0
2025-08-26,其他,其他,天然桶装酸牛奶1kg,10.0
2025-08-26,其他,其他,小康（1*12）,38.0
2025-08-26,其他,其他,屋型酸牛奶梨+菠萝480g*12,44.0
2025-08-26,其他,其他,屋型酸牛奶草莓+树莓480g*12,38.0
2025-08-26,其他,其他,极致1+1鲜牛奶240mL*20,50.0
2025-08-26,其他,其他,极致1+1鲜牛奶900mL*6,37.0
2025-08-26,其他,其他,极致A2鲜奶240*20,181.0
2025-08-26,其他,其他,极致A2鲜奶900*6,35.0
2025-08-26,其他,其他,极致有机鲜牛奶 900ML,142.0
2025-08-26,其他,其他,极致有机鲜牛奶240ML,189.0
2025-08-26,其他,其他,极致有机鲜牛奶450mL*12,4.0
2025-08-26,其他,其他,烤橙子灵芝爆珠杯酸130g*24,7.0
2025-08-26,其他,其他,烤橙子陈皮爆珠杯酸130g*24,1.0
2025-08-26,其他,其他,特品纯鲜牛奶(1*60),7416.0
2025-08-26,其他,其他,益菌多原味(125g*8),58.0
2025-08-26,其他,其他,益菌多无蔗糖(125g*8),62.0
2025-08-26,其他,其他,益菌多草莓(125g*8),6.0
2025-08-26,其他,其他,益菌多黄桃(125g*8),5.0
2025-08-26,其他,其他,石榴红参爆珠杯酸130g*24,4.0
2025-08-26,其他,其他,简卡原味八连杯100g*8*12,4.0
2025-08-26,其他,其他,简卡原味桶酸1kg*9,10.0
2025-08-26,其他,其他,简卡原味袋五连包150g*5*10,30.0
2025-08-26,其他,其他,老北京杯装酸牛奶(139g*24),672.0
2025-08-26,其他,其他,袋装天然酸奶(180g*60),520.0
2025-08-26,其他,其他,袋装无糖酸奶(180g*60),525.0
2025-08-26,其他,其他,轻能利乐冠—蓝莓+大麦250g,24.0
2025-08-26,其他,其他,轻能利乐冠—黄桃+大麦250g,24.0
2025-08-26,其他,其他,雪凝原味盒酸800g*12,2.0
2025-08-26,其他,其他,雪凝奶皮子酸奶原味800g*12,6.0
2025-08-26,其他,其他,雪凝炭烧奶皮子酸奶盒装800g*12,2.0
2025-08-26,其他,其他,雪凝茯苓杯装酸奶150g*4*14,484.0
2025-08-26,其他,其他,雪凝草莓山楂盒酸800g*12,1.0
2025-08-26,其他,其他,鲜牛奶(1*60),51.0
2025-08-26,天猫,猫旗,72℃屋型鲜牛乳(950ml*12盒),50.0
2025-08-26,天猫,猫旗,72℃鲜牛乳（瓶）900mL,245.0
2025-08-26,天猫,猫旗,三元乐活(瓶)450mL*12,307.0
2025-08-26,天猫,猫旗,三元乐活950mL*12,1786.0
2025-08-26,天猫,猫旗,三元乐活有机牛乳200mL*20,343.0
2025-08-26,天猫,猫旗,三元乐活有机牛乳450mL*12,47.0
2025-08-26,天猫,猫旗,三元乐活（瓶）200mL*20,5822.0
2025-08-26,天猫,猫旗,三元南瓜来了200mL*20,369.0
2025-08-26,天猫,猫旗,三元南瓜来了450mL*12,65.0
2025-08-26,天猫,猫旗,三元真的好巧200mL*20,2500.0
2025-08-26,天猫,猫旗,三元真的好巧450mL*12,398.0
2025-08-26,天猫,猫旗,三元芋你鲜活200mL*20,215.0
2025-08-26,天猫,猫旗,三元芋你鲜活450mL*12,100.0
2025-08-26,天猫,猫旗,三元草莓黑米杯酸130g*24,126.0
2025-08-26,天猫,猫旗,三元青提芝士杯酸130g*24,172.0
2025-08-26,天猫,猫旗,优选瓶装鲜牛乳(450ml*12瓶),168.0
2025-08-26,天猫,猫旗,优选鲜牛乳240ml*20,137.0
2025-08-26,天猫,猫旗,全脂桶（1*6）,27.0
2025-08-26,天猫,猫旗,大大果块桑葚+蓝莓260g*12,6.0
2025-08-26,天猫,猫旗,大果块草莓+桑葚260g*12,6.0
2025-08-26,天猫,猫旗,大果块草莓+黄桃260g*12,6.0
2025-08-26,天猫,猫旗,大果块黄桃+芒果260g*12,32.0
2025-08-26,天猫,猫旗,天然桶装酸牛奶1kg,158.0
2025-08-26,天猫,猫旗,极致1+1鲜牛奶900mL*6,22.0
2025-08-26,天猫,猫旗,极致A2鲜奶240*20,644.0
2025-08-26,天猫,猫旗,极致A2鲜奶900*6,75.0
2025-08-26,天猫,猫旗,极致有机鲜牛奶 900ML,243.0
2025-08-26,天猫,猫旗,极致有机鲜牛奶240ML,599.0
2025-08-26,天猫,猫旗,极致有机鲜牛奶450mL*12,8.0
2025-08-26,天猫,猫旗,烤橙子灵芝爆珠杯酸130g*24,6.0
2025-08-26,天猫,猫旗,烤橙子陈皮爆珠杯酸130g*24,6.0
2025-08-26,天猫,猫旗,石榴红参爆珠杯酸130g*24,6.0
2025-08-26,天猫,猫旗,简卡原味桶酸1kg*9,22.0
2025-08-26,天猫,猫旗,简卡原味袋五连包150g*5*10,24.0
2025-08-26,天猫,猫旗,老北京杯装酸牛奶(139g*24),1058.0
2025-08-26,天猫,猫旗,轻能利乐冠—蓝莓+大麦250g,91.0
2025-08-26,天猫,猫旗,轻能利乐冠—黄桃+大麦250g,43.0
2025-08-26,天猫,猫旗,雪凝原味盒酸800g*12,219.0
2025-08-26,天猫,猫旗,雪凝奶皮子酸奶原味800g*12,33.0
2025-08-26,天猫,猫旗,雪凝炭烧奶皮子杯酸130g*24,69.0
2025-08-26,天猫,猫旗,雪凝炭烧奶皮子酸奶盒装800g*12,20.0
2025-08-26,天猫,猫旗,雪凝茯苓杯装酸奶150g*4*14,328.0
2025-08-26,天猫,猫旗,雪凝草莓山楂盒酸800g*12,103.0
2025-08-26,天猫,猫超,72℃鲜牛乳（瓶）900mL,33.0
2025-08-26,天猫,猫超,三元乐活(瓶)450mL*12,60.0
2025-08-26,天猫,猫超,三元乐活950mL*12,744.0
2025-08-26,天猫,猫超,三元乐活（瓶）200mL*20,648.0
2025-08-26,天猫,猫超,三元南瓜来了200mL*20,90.0
2025-08-26,天猫,猫超,三元真的好巧200mL*20,265.0
2025-08-26,天猫,猫超,三元草莓黑米杯酸130g*24,45.0
2025-08-26,天猫,猫超,三元青提芝士杯酸130g*24,63.0
2025-08-26,天猫,猫超,优选瓶装鲜牛乳(450ml*12瓶),154.0
2025-08-26,天猫,猫超,优选鲜牛乳240ml*20,1544.0
2025-08-26,天猫,猫超,极致A2鲜奶240*20,167.0
2025-08-26,天猫,猫超,极致A2鲜奶900*6,39.0
2025-08-26,天猫,猫超,极致有机鲜牛奶 900ML,76.0
2025-08-26,天猫,猫超,极致有机鲜牛奶240ML,136.0
2025-08-26,天猫,猫超,烤橙子灵芝爆珠杯酸130g*24,6.0
2025-08-26,天猫,猫超,老北京杯装酸牛奶(139g*24),96.0
2025-08-26,天猫,猫超,雪凝原味盒酸800g*12,8.0
2025-08-26,天猫,猫超,雪凝奶皮子酸奶原味800g*12,16.0
2025-08-26,天猫,猫超,雪凝炭烧奶皮子酸奶盒装800g*12,20.0
2025-08-26,天猫,猫超,雪凝茯苓杯装酸奶150g*4*14,69.0
2025-08-26,天猫,猫超,雪凝草莓山楂盒酸800g*12,4.0
2025-08-26,拼多多,多多买菜,100g原味酸奶,240.0
2025-08-26,拼多多,多多买菜,三元乐活950mL*12,96.0
2025-08-26,拼多多,多多买菜,三元乐活（瓶）200mL*20,80.0
2025-08-26,拼多多,多多买菜,三元芋你鲜活200mL*20,100.0
2025-08-26,拼多多,多多买菜,原圆形配餐杯100g,288.0
2025-08-26,拼多多,多多买菜,天然桶装酸牛奶1kg,144.0
2025-08-26,拼多多,多多买菜,老北京杯装酸牛奶(139g*24),480.0
2025-08-26,拼多多,拼多多,100g原味酸奶,126.0
2025-08-26,拼多多,拼多多,72℃鲜牛乳（瓶）900mL,2620.0
2025-08-26,拼多多,拼多多,三元乐活(瓶)450mL*12,1639.0
2025-08-26,拼多多,拼多多,三元乐活有机牛乳200mL*20,24.0
2025-08-26,拼多多,拼多多,三元乐活有机牛乳450mL*12,9.0
2025-08-26,拼多多,拼多多,三元乐活（瓶）200mL*20,159.0
2025-08-26,拼多多,拼多多,三元南瓜来了200mL*20,21.0
2025-08-26,拼多多,拼多多,三元南瓜来了450mL*12,12.0
2025-08-26,拼多多,拼多多,三元真的好巧200mL*20,392.0
2025-08-26,拼多多,拼多多,三元真的好巧450mL*12,101.0
2025-08-26,拼多多,拼多多,三元芋你鲜活450mL*12,544.0
2025-08-26,拼多多,拼多多,三元草莓黑米杯酸130g*24,6.0
2025-08-26,拼多多,拼多多,三元青提芝士杯酸130g*24,6.0
2025-08-26,拼多多,拼多多,中天酸(480g*12),25.0
2025-08-26,拼多多,拼多多,优选瓶装鲜牛乳(450ml*12瓶),269.0
2025-08-26,拼多多,拼多多,大大果块桑葚+蓝莓260g*12,301.0
2025-08-26,拼多多,拼多多,大果块草莓+桑葚260g*12,372.0
2025-08-26,拼多多,拼多多,大果块草莓+黄桃260g*12,139.0
2025-08-26,拼多多,拼多多,大果块黄桃+芒果260g*12,558.0
2025-08-26,拼多多,拼多多,屋型酸牛奶梨+菠萝480g*12,46.0
2025-08-26,拼多多,拼多多,屋型酸牛奶草莓+树莓480g*12,31.0
2025-08-26,拼多多,拼多多,极致1+1鲜牛奶900mL*6,37.0
2025-08-26,拼多多,拼多多,极致A2鲜奶240*20,484.0
2025-08-26,拼多多,拼多多,极致A2鲜奶900*6,178.0
2025-08-26,拼多多,拼多多,极致有机鲜牛奶 900ML,891.0
2025-08-26,拼多多,拼多多,极致有机鲜牛奶240ML,52.0
2025-08-26,拼多多,拼多多,烤橙子灵芝爆珠杯酸130g*24,52.0
2025-08-26,拼多多,拼多多,烤橙子陈皮爆珠杯酸130g*24,64.0
2025-08-26,拼多多,拼多多,石榴红参爆珠杯酸130g*24,52.0
2025-08-26,拼多多,拼多多,简卡原味桶酸1kg*9,162.0
2025-08-26,拼多多,拼多多,简卡原味袋五连包150g*5*10,5.0
2025-08-26,拼多多,拼多多,轻能利乐冠—蓝莓+大麦250g,297.0
2025-08-26,拼多多,拼多多,轻能利乐冠—黄桃+大麦250g,312.0
2025-08-26,拼多多,拼多多,轻能苗条牛油果燕麦250g*24,113.0
2025-08-26,拼多多,拼多多,轻能苗条红西柚燕麦250g*24,120.0
2025-08-26,拼多多,拼多多,雪凝奶皮子酸奶原味800g*12,6.0
2025-08-26,拼多多,拼多多,雪凝炭烧奶皮子杯酸130g*24,6.0
2025-08-26,拼多多,拼多多,雪凝茯苓杯装酸奶150g*4*14,1961.0
2025-08-26,新零售,新零售,72℃鲜牛乳（瓶）900mL,16524.0
2025-08-26,新零售,新零售,三元南瓜来了200mL*20,1140.0
2025-08-26,新零售,新零售,三元晚安奶250mL*4*6,3204.0
2025-08-26,新零售,新零售,三元每日新鲜950mL*12,864.0
2025-08-26,新零售,新零售,三元草莓黑米三连杯130g*3*8,40.0
2025-08-26,新零售,新零售,三元青提芝士三连杯130g*3*8,16.0
2025-08-26,新零售,新零售,中脱（1*12）,864.0
2025-08-26,新零售,新零售,优选瓶装鲜牛乳(450ml*12瓶),4008.0
2025-08-26,新零售,新零售,全脂桶（1*6）,1692.0
2025-08-26,新零售,新零售,全脂酸牛奶原味(100g*8),492.0
2025-08-26,新零售,新零售,大果块草莓+黄桃260g*12,456.0
2025-08-26,新零售,新零售,大果块黄桃+芒果260g*12,732.0
2025-08-26,新零售,新零售,天然桶装酸牛奶(1*6),1896.0
2025-08-26,新零售,新零售,小康（1*12）,7620.0
2025-08-26,新零售,新零售,屋型酸牛奶草莓+树莓480g*12,732.0
2025-08-26,新零售,新零售,极致1+1鲜牛奶240mL*20,1040.0
2025-08-26,新零售,新零售,极致1+1鲜牛奶900mL*6,222.0
2025-08-26,新零售,新零售,极致A2鲜奶240*20,700.0
2025-08-26,新零售,新零售,极致A2鲜奶900*6,1326.0
2025-08-26,新零售,新零售,极致有机鲜牛奶 900ML,5742.0
2025-08-26,新零售,新零售,极致有机鲜牛奶240ML,5500.0
2025-08-26,新零售,新零售,特品纯鲜牛奶(1*60),20400.0
2025-08-26,新零售,新零售,益菌多原味(125g*8),1181.0
2025-08-26,新零售,新零售,益菌多无蔗糖(125g*8),358.0
2025-08-26,新零售,新零售,盒马原味桶酸1.5kg*6,6276.0
2025-08-26,新零售,新零售,盒马日日鲜星期二950ml,12396.0
2025-08-26,新零售,新零售,盒马红颜草莓奶450mL*12,24444.0
2025-08-26,新零售,新零售,简卡原味八连杯100g*8*12,1584.0
2025-08-26,新零售,新零售,简卡原味桶酸1kg*9,432.0
2025-08-26,新零售,新零售,简卡原味袋五连包150g*5*10,960.0
2025-08-26,新零售,新零售,老北京杯装酸牛奶(139g*24),2616.0
2025-08-26,新零售,新零售,脱脂桶（1*6）,90.0
2025-08-26,新零售,新零售,袋装天然酸奶(180g*60),2040.0
2025-08-26,新零售,新零售,袋装无糖酸奶(180g*60),360.0
2025-08-26,新零售,新零售,象划算风味发酵乳,1107.0
2025-08-26,新零售,新零售,雪凝奶皮子酸奶原味800g*12,900.0
2025-08-26,新零售,新零售,雪凝茯苓杯装酸奶150g*4*14,1358.0
2025-08-26,新零售,新零售,雪凝茯苓杯酸纸箱150g*4*14,2548.0
2025-08-27,京东,京东自营,72℃屋型鲜牛乳(950ml*12盒),276.0
2025-08-27,京东,京东自营,72℃鲜牛乳（瓶）900mL,432.0
2025-08-27,京东,京东自营,三元乐活(瓶)450mL*12,24.0
2025-08-27,京东,京东自营,三元乐活950mL*12,48.0
2025-08-27,京东,京东自营,三元乐活瓶装高温杀菌乳450mL*6,4.0
2025-08-27,京东,京东自营,三元乐活（瓶）200mL*20,800.0
2025-08-27,京东,京东自营,三元南瓜来了450mL*12,12.0
2025-08-27,京东,京东自营,三元每日新鲜950mL*12,156.0
2025-08-27,京东,京东自营,三元纯牛奶180mL*12,2160.0
2025-08-27,京东,京东自营,三元芋你鲜活200mL*20,40.0
2025-08-27,京东,京东自营,三元芋你鲜活450mL*12,36.0
2025-08-27,京东,京东自营,三元草莓黑米三连杯130g*3*8,48.0
2025-08-27,京东,京东自营,三元青提芝士三连杯130g*3*8,136.0
2025-08-27,京东,京东自营,优选瓶装鲜牛乳(450ml*12瓶),12.0
2025-08-27,京东,京东自营,优选鲜牛乳240ml*20,400.0
2025-08-27,京东,京东自营,全脂桶（1*6）,312.0
2025-08-27,京东,京东自营,大果块黄桃+芒果260g*12,24.0
2025-08-27,京东,京东自营,天然桶装酸牛奶(1*6),276.0
2025-08-27,京东,京东自营,小康（1*12）,360.0
2025-08-27,京东,京东自营,小脱（1*12）,36.0
2025-08-27,京东,京东自营,极致1+1鲜牛奶240mL*20,60.0
2025-08-27,京东,京东自营,极致1+1鲜牛奶900mL*6,138.0
2025-08-27,京东,京东自营,极致A2鲜奶240*20,600.0
2025-08-27,京东,京东自营,极致A2鲜奶900*6,174.0
2025-08-27,京东,京东自营,极致有机鲜牛奶 900ML,1188.0
2025-08-27,京东,京东自营,极致有机鲜牛奶240ML,1120.0
2025-08-27,京东,京东自营,极致有机鲜牛奶450mL*12,84.0
2025-08-27,京东,京东自营,益菌多原味酸牛奶DSHB（125g*16）,10.0
2025-08-27,京东,京东自营,益菌多无蔗糖酸牛奶DSHB(125g*16),5.0
2025-08-27,京东,京东自营,简卡原味桶酸1kg*9,99.0
2025-08-27,京东,京东自营,简卡原味袋五连包150g*5*10,50.0
2025-08-27,京东,京东自营,脱脂桶（1*6）,90.0
2025-08-27,京东,京东自营,轻能DSHB牛油果燕麦250g*4*6,72.0
2025-08-27,京东,京东自营,轻能DSHB红西柚燕麦250g*4*6,48.0
2025-08-27,京东,京东自营,轻能利乐冠DSHB-蓝莓+大麦250g*4,6.0
2025-08-27,京东,京东自营,轻能利乐冠DSHB-黄桃+大麦250g*4,12.0
2025-08-27,京东,京东自营,雪凝原味盒酸800g*12,132.0
2025-08-27,京东,京东自营,雪凝奶皮子酸奶原味800g*12,60.0
2025-08-27,京东,京东自营,雪凝茯苓杯装酸奶DSHB(150g*8*6),12.0
2025-08-27,京东,京东自营,雪凝草莓山楂盒酸800g*12,36.0
2025-08-27,其他,其他,72℃鲜牛乳（瓶）900mL,48.0
2025-08-27,其他,其他,三元南瓜来了450mL*12,48.0
2025-08-27,其他,其他,三元芋你鲜活450mL*12,36.0
2025-08-27,其他,其他,优选瓶装鲜牛乳(450ml*12瓶),84.0
2025-08-27,其他,其他,优选鲜牛乳240ml*20,40.0
2025-08-27,其他,其他,原圆形配餐杯100g,72.0
2025-08-27,其他,其他,大果块哈密瓜青提260g*12,12.0
2025-08-27,其他,其他,大果块草莓+黄桃260g*12,12.0
2025-08-27,其他,其他,大果块黄桃+芒果260g*12,12.0
2025-08-27,其他,其他,小康（1*12）,24.0
2025-08-27,其他,其他,极致1+1鲜牛奶900mL*6,18.0
2025-08-27,其他,其他,极致A2鲜奶240*20,40.0
2025-08-27,其他,其他,极致A2鲜奶900*6,6.0
2025-08-27,其他,其他,极致有机鲜牛奶 900ML,28.0
2025-08-27,其他,其他,特品纯鲜牛奶(1*60),1680.0
2025-08-27,其他,其他,益菌多原味(125g*8),15.0
2025-08-27,其他,其他,益菌多无蔗糖(125g*8),16.0
2025-08-27,其他,其他,益菌多草莓(125g*8),2.0
2025-08-27,其他,其他,益菌多黄桃(125g*8),2.0
2025-08-27,其他,其他,老北京杯装酸牛奶(139g*24),192.0
2025-08-27,其他,其他,袋装天然酸奶(180g*60),120.0
2025-08-27,其他,其他,袋装无糖酸奶(180g*60),120.0
2025-08-27,其他,其他,雪凝茯苓杯装酸奶150g*4*14,140.0
2025-08-27,新零售,新零售,72℃鲜牛乳（瓶）900mL,18438.0
2025-08-27,新零售,新零售,三元南瓜来了200mL*20,500.0
2025-08-27,新零售,新零售,三元晚安奶250mL*4*6,810.0
2025-08-27,新零售,新零售,三元每日新鲜950mL*12,1812.0
2025-08-27,新零售,新零售,三元草莓黑米三连杯130g*3*8,32.0
2025-08-27,新零售,新零售,三元青提芝士三连杯130g*3*8,40.0
2025-08-27,新零售,新零售,中脱（1*12）,1404.0
2025-08-27,新零售,新零售,优选瓶装鲜牛乳(450ml*12瓶),3876.0
2025-08-27,新零售,新零售,全脂桶（1*6）,1800.0
2025-08-27,新零售,新零售,全脂酸牛奶原味(100g*8),540.0
2025-08-27,新零售,新零售,大果块草莓+黄桃260g*12,312.0
2025-08-27,新零售,新零售,大果块黄桃+芒果260g*12,528.0
2025-08-27,新零售,新零售,天然桶装酸牛奶(1*6),1296.0
2025-08-27,新零售,新零售,小康（1*12）,8700.0
2025-08-27,新零售,新零售,屋型酸牛奶草莓+树莓480g*12,552.0
2025-08-27,新零售,新零售,极致1+1鲜牛奶240mL*20,760.0
2025-08-27,新零售,新零售,极致1+1鲜牛奶900mL*6,204.0
2025-08-27,新零售,新零售,极致A2鲜奶240*20,820.0
2025-08-27,新零售,新零售,极致A2鲜奶900*6,1080.0
2025-08-27,新零售,新零售,极致有机鲜牛奶 900ML,5520.0
2025-08-27,新零售,新零售,极致有机鲜牛奶240ML,5620.0
2025-08-27,新零售,新零售,极致有机鲜牛奶450mL*12,228.0
2025-08-27,新零售,新零售,特品纯鲜牛奶(1*60),20100.0
2025-08-27,新零售,新零售,益菌多原味(125g*8),1084.0
2025-08-27,新零售,新零售,益菌多无蔗糖(125g*8),274.0
2025-08-27,新零售,新零售,盒马原味桶酸1.5kg*6,9786.0
2025-08-27,新零售,新零售,盒马日日鲜星期三950ml,11076.0
2025-08-27,新零售,新零售,盒马有机桶鲜1.5L*6,5268.0
2025-08-27,新零售,新零售,盒马红颜草莓奶450mL*12,3084.0
2025-08-27,新零售,新零售,简卡原味八连杯100g*8*12,1344.0
2025-08-27,新零售,新零售,简卡原味桶酸1kg*9,279.0
2025-08-27,新零售,新零售,简卡原味袋五连包150g*5*10,760.0
2025-08-27,新零售,新零售,老北京杯装酸牛奶(139g*24),2136.0
2025-08-27,新零售,新零售,脱脂桶（1*6）,102.0
2025-08-27,新零售,新零售,袋装天然酸奶(180g*60),1560.0
2025-08-27,新零售,新零售,袋装无糖酸奶(180g*60),840.0
2025-08-27,新零售,新零售,雪凝茯苓杯装酸奶150g*4*14,994.0
2025-08-27,新零售,新零售,雪凝茯苓杯酸纸箱150g*4*14,2142.0
2025-08-28,京东,京东自营,72℃屋型鲜牛乳(950ml*12盒),840.0
2025-08-28,京东,京东自营,72℃鲜牛乳（瓶）900mL,786.0
2025-08-28,京东,京东自营,三元乐活(瓶)450mL*12,312.0
2025-08-28,京东,京东自营,三元乐活950mL*12,216.0
2025-08-28,京东,京东自营,三元乐活瓶装高温杀菌乳450mL*6,48.0
2025-08-28,京东,京东自营,三元乐活（瓶）200mL*20,1620.0
2025-08-28,京东,京东自营,三元每日新鲜950mL*12,228.0
2025-08-28,京东,京东自营,三元真的好巧200mL*20,80.0
2025-08-28,京东,京东自营,三元真的好巧450mL*12,120.0
2025-08-28,京东,京东自营,三元纯牛奶180mL*12,708.0
2025-08-28,京东,京东自营,三元老北京酸牛奶（139g*8*4）,112.0
2025-08-28,京东,京东自营,三元芋你鲜活200mL*20,120.0
2025-08-28,京东,京东自营,三元芋你鲜活450mL*12,48.0
2025-08-28,京东,京东自营,三元草莓黑米三连杯130g*3*8,40.0
2025-08-28,京东,京东自营,三元青提芝士三连杯130g*3*8,40.0
2025-08-28,京东,京东自营,中优选组合装DS(450ml*2*8),680.0
2025-08-28,京东,京东自营,优选鲜牛乳240ml*20,600.0
2025-08-28,京东,京东自营,全脂桶（1*6）,498.0
2025-08-28,京东,京东自营,大大果块桑葚+蓝莓260g*12,12.0
2025-08-28,京东,京东自营,大果块草莓+黄桃260g*12,12.0
2025-08-28,京东,京东自营,大果块黄桃+芒果260g*12,12.0
2025-08-28,京东,京东自营,天然桶装酸牛奶(1*6),378.0
2025-08-28,京东,京东自营,天然桶装酸牛奶1kg,9.0
2025-08-28,京东,京东自营,小康（1*12）,624.0
2025-08-28,京东,京东自营,小脱（1*12）,60.0
2025-08-28,京东,京东自营,极致1+1鲜牛奶900mL*6,126.0
2025-08-28,京东,京东自营,极致A2鲜奶240*20,960.0
2025-08-28,京东,京东自营,极致A2鲜奶900*6,642.0
2025-08-28,京东,京东自营,极致有机鲜牛奶 900ML,876.0
2025-08-28,京东,京东自营,极致有机鲜牛奶240ML,540.0
2025-08-28,京东,京东自营,简卡原味桶酸1kg*9,783.0
2025-08-28,京东,京东自营,脱脂桶（1*6）,258.0
2025-08-28,京东,京东自营,袋装天然酸奶(180g*60),3120.0
2025-08-28,京东,京东自营,轻能DSHB牛油果燕麦250g*4*6,18.0
2025-08-28,京东,京东自营,轻能DSHB红西柚燕麦250g*4*6,18.0
2025-08-28,京东,京东自营,轻能利乐冠DSHB-蓝莓+大麦250g*4,60.0
2025-08-28,京东,京东自营,轻能利乐冠DSHB-黄桃+大麦250g*4,120.0
2025-08-28,京东,京东自营,雪凝原味盒酸800g*12,216.0
2025-08-28,京东,京东自营,雪凝奶皮子酸奶原味800g*12,180.0
2025-08-28,京东,京东自营,雪凝草莓山楂盒酸800g*12,96.0
2025-08-28,其他,其他,100g原味酸奶,18.0
2025-08-28,其他,其他,72℃屋型鲜牛乳(490ml*12盒),3.0
2025-08-28,其他,其他,72℃屋型鲜牛乳(950ml*12盒),12.0
2025-08-28,其他,其他,72℃鲜牛乳（瓶）900mL,269.0
2025-08-28,其他,其他,三元乐活（瓶）200mL*20,18.0
2025-08-28,其他,其他,三元南瓜来了200mL*20,12.0
2025-08-28,其他,其他,三元可可奶200mL*16,14.0
2025-08-28,其他,其他,三元每日新鲜950mL*12,10.0
2025-08-28,其他,其他,三元牛角包双莓牛奶200mL*16,37.0
2025-08-28,其他,其他,三元牛角包巧克力牛奶200mL*16,40.0
2025-08-28,其他,其他,三元真的好巧200mL*20,2.0
2025-08-28,其他,其他,三元芋你鲜活200mL*20,18.0
2025-08-28,其他,其他,三元草莓黑米杯酸130g*24,30.0
2025-08-28,其他,其他,三元莓天鲜活200mL*20,9.0
2025-08-28,其他,其他,三元青提芝士杯酸130g*24,51.0
2025-08-28,其他,其他,优选瓶装鲜牛乳(450ml*12瓶),84.0
2025-08-28,其他,其他,优选鲜牛乳240ml*20,20.0
2025-08-28,其他,其他,全脂桶（1*6）,13.0
2025-08-28,其他,其他,全脂酸牛奶原味(100g*8),8.0
2025-08-28,其他,其他,原圆形配餐杯100g,2097.0
2025-08-28,其他,其他,大大果块桑葚+蓝莓260g*12,66.0
2025-08-28,其他,其他,大果块哈密瓜青提260g*12,15.0
2025-08-28,其他,其他,大果块草莓+桑葚260g*12,60.0
2025-08-28,其他,其他,大果块草莓+黄桃260g*12,66.0
2025-08-28,其他,其他,大果块黄桃+芒果260g*12,51.0
2025-08-28,其他,其他,天然桶装酸牛奶(1*6),21.0
2025-08-28,其他,其他,天然桶装酸牛奶1kg,13.0
2025-08-28,其他,其他,小康（1*12）,26.0
2025-08-28,其他,其他,屋型酸牛奶梨+菠萝480g*12,30.0
2025-08-28,其他,其他,屋型酸牛奶草莓+树莓480g*12,30.0
2025-08-28,其他,其他,极致A2鲜奶240*20,96.0
2025-08-28,其他,其他,极致A2鲜奶900*6,8.0
2025-08-28,其他,其他,极致有机鲜牛奶 900ML,82.0
2025-08-28,其他,其他,极致有机鲜牛奶240ML,19.0
2025-08-28,其他,其他,烤橙子灵芝爆珠杯酸130g*24,3.0
2025-08-28,其他,其他,烤橙子陈皮爆珠杯酸130g*24,3.0
2025-08-28,其他,其他,特品纯鲜牛奶(1*60),6150.0
2025-08-28,其他,其他,益菌多原味(125g*8),63.0
2025-08-28,其他,其他,益菌多无蔗糖(125g*8),47.0
2025-08-28,其他,其他,益菌多草莓(125g*8),5.0
2025-08-28,其他,其他,益菌多黄桃(125g*8),1.0
2025-08-28,其他,其他,石榴红参爆珠杯酸130g*24,3.0
2025-08-28,其他,其他,简卡原味八连杯100g*8*12,1.0
2025-08-28,其他,其他,简卡原味桶酸1kg*9,29.0
2025-08-28,其他,其他,简卡原味袋五连包150g*5*10,23.0
2025-08-28,其他,其他,老北京杯装酸牛奶(139g*24),308.0
2025-08-28,其他,其他,脱脂桶（1*6）,2.0
2025-08-28,其他,其他,袋装天然酸奶(180g*60),455.0
2025-08-28,其他,其他,袋装无糖酸奶(180g*60),340.0
2025-08-28,其他,其他,轻能利乐冠—蓝莓+大麦250g,9.0
2025-08-28,其他,其他,轻能利乐冠—黄桃+大麦250g,18.0
2025-08-28,其他,其他,轻能苗条牛油果燕麦250g*24,16.0
2025-08-28,其他,其他,雪凝奶皮子酸奶原味800g*12,1.0
2025-08-28,其他,其他,雪凝炭烧奶皮子杯酸130g*24,2.0
2025-08-28,其他,其他,雪凝茯苓杯装酸奶150g*4*14,208.0
2025-08-28,其他,其他,鲜牛奶(1*60),69.0
2025-08-28,拼多多,多多买菜,100g原味酸奶,120.0
2025-08-28,拼多多,多多买菜,三元乐活950mL*12,60.0
2025-08-28,拼多多,多多买菜,三元乐活（瓶）200mL*20,80.0
2025-08-28,拼多多,多多买菜,三元芋你鲜活200mL*20,140.0
2025-08-28,拼多多,多多买菜,原圆形配餐杯100g,216.0
2025-08-28,拼多多,多多买菜,大果块草莓+黄桃260g*12,240.0
2025-08-28,拼多多,多多买菜,天然桶装酸牛奶1kg,144.0
2025-08-28,拼多多,多多买菜,老北京杯装酸牛奶(139g*24),240.0
2025-08-28,新零售,新零售,72℃鲜牛乳（瓶）900mL,14316.0
2025-08-28,新零售,新零售,三元晚安奶250mL*4*6,2388.0
2025-08-28,新零售,新零售,三元每日新鲜950mL*12,1704.0
2025-08-28,新零售,新零售,三元真的好巧200mL*20,5560.0
2025-08-28,新零售,新零售,三元草莓黑米三连杯130g*3*8,32.0
2025-08-28,新零售,新零售,三元青提芝士三连杯130g*3*8,24.0
2025-08-28,新零售,新零售,中脱（1*12）,1548.0
2025-08-28,新零售,新零售,优选瓶装鲜牛乳(450ml*12瓶),4524.0
2025-08-28,新零售,新零售,全脂桶（1*6）,1704.0
2025-08-28,新零售,新零售,全脂酸牛奶原味(100g*8),468.0
2025-08-28,新零售,新零售,大果块草莓+黄桃260g*12,420.0
2025-08-28,新零售,新零售,大果块黄桃+芒果260g*12,336.0
2025-08-28,新零售,新零售,天然桶装酸牛奶(1*6),1506.0
2025-08-28,新零售,新零售,小康（1*12）,9732.0
2025-08-28,新零售,新零售,屋型酸牛奶草莓+树莓480g*12,600.0
2025-08-28,新零售,新零售,极致1+1鲜牛奶240mL*20,940.0
2025-08-28,新零售,新零售,极致1+1鲜牛奶900mL*6,240.0
2025-08-28,新零售,新零售,极致A2鲜奶240*20,900.0
2025-08-28,新零售,新零售,极致A2鲜奶900*6,1332.0
2025-08-28,新零售,新零售,极致有机鲜牛奶 900ML,5310.0
2025-08-28,新零售,新零售,极致有机鲜牛奶240ML,5640.0
2025-08-28,新零售,新零售,烤橙子灵芝爆珠杯酸130g*24,120.0
2025-08-28,新零售,新零售,烤橙子陈皮爆珠杯酸130g*24,120.0
2025-08-28,新零售,新零售,特品纯鲜牛奶(1*60),19380.0
2025-08-28,新零售,新零售,益菌多原味(125g*8),1575.0
2025-08-28,新零售,新零售,益菌多无蔗糖(125g*8),284.0
2025-08-28,新零售,新零售,盒马原味桶酸1.5kg*6,2484.0
2025-08-28,新零售,新零售,盒马日日鲜星期四950ml,10704.0
2025-08-28,新零售,新零售,盒马红颜草莓奶450mL*12,24096.0
2025-08-28,新零售,新零售,简卡原味八连杯100g*8*12,1428.0
2025-08-28,新零售,新零售,简卡原味桶酸1kg*9,360.0
2025-08-28,新零售,新零售,简卡原味袋五连包150g*5*10,720.0
2025-08-28,新零售,新零售,老北京杯装酸牛奶(139g*24),2136.0
2025-08-28,新零售,新零售,脱脂桶（1*6）,120.0
2025-08-28,新零售,新零售,袋装天然酸奶(180g*60),2640.0
2025-08-28,新零售,新零售,袋装无糖酸奶(180g*60),960.0
2025-08-28,新零售,新零售,象划算风味发酵乳,36.0
2025-08-28,新零售,新零售,雪凝奶皮子酸奶原味800g*12,72.0
2025-08-28,新零售,新零售,雪凝茯苓杯装酸奶150g*4*14,1582.0
2025-08-28,新零售,新零售,雪凝茯苓杯酸纸箱150g*4*14,2114.0
2025-08-29,京东,京东POP,72℃屋型鲜牛乳(950ml*12盒),18.0
2025-08-29,京东,京东POP,72℃鲜牛乳（瓶）900mL,81.0
2025-08-29,京东,京东POP,三元乐活(瓶)450mL*12,74.0
2025-08-29,京东,京东POP,三元乐活950mL*12,120.0
2025-08-29,京东,京东POP,三元乐活有机牛乳200mL*20,10.0
2025-08-29,京东,京东POP,三元乐活（瓶）200mL*20,396.0
2025-08-29,京东,京东POP,三元南瓜来了200mL*20,26.0
2025-08-29,京东,京东POP,三元南瓜来了450mL*12,14.0
2025-08-29,京东,京东POP,三元牛角包巧克力牛奶200mL*16,32.0
2025-08-29,京东,京东POP,三元真的好巧200mL*20,112.0
2025-08-29,京东,京东POP,三元真的好巧450mL*12,3.0
2025-08-29,京东,京东POP,三元芋你鲜活200mL*20,10.0
2025-08-29,京东,京东POP,三元草莓黑米杯酸130g*24,9.0
2025-08-29,京东,京东POP,三元青提芝士杯酸130g*24,15.0
2025-08-29,京东,京东POP,优选瓶装鲜牛乳(450ml*12瓶),162.0
2025-08-29,京东,京东POP,优选鲜牛乳240ml*20,1335.0
2025-08-29,京东,京东POP,全脂桶（1*6）,2.0
2025-08-29,京东,京东POP,天然桶装酸牛奶1kg,13.0
2025-08-29,京东,京东POP,极致1+1鲜牛奶240mL*20,35.0
2025-08-29,京东,京东POP,极致1+1鲜牛奶900mL*6,2.0
2025-08-29,京东,京东POP,极致A2鲜奶240*20,216.0
2025-08-29,京东,京东POP,极致A2鲜奶900*6,80.0
2025-08-29,京东,京东POP,极致有机鲜牛奶 900ML,150.0
2025-08-29,京东,京东POP,极致有机鲜牛奶240ML,461.0
2025-08-29,京东,京东POP,极致有机鲜牛奶450mL*12,80.0
2025-08-29,京东,京东POP,烤橙子灵芝爆珠杯酸130g*24,6.0
2025-08-29,京东,京东POP,简卡原味袋五连包150g*5*10,3.0
2025-08-29,京东,京东POP,老北京杯装酸牛奶(139g*24),132.0
2025-08-29,京东,京东POP,轻能利乐冠—蓝莓+大麦250g,28.0
2025-08-29,京东,京东POP,轻能利乐冠—黄桃+大麦250g,236.0
2025-08-29,京东,京东POP,雪凝原味盒酸800g*12,4.0
2025-08-29,京东,京东POP,雪凝奶皮子酸奶原味800g*12,6.0
2025-08-29,京东,京东POP,雪凝炭烧奶皮子杯酸130g*24,12.0
2025-08-29,京东,京东POP,雪凝炭烧奶皮子酸奶盒装800g*12,12.0
2025-08-29,京东,京东POP,雪凝茯苓杯装酸奶150g*4*14,59.0
2025-08-29,京东,京东POP,雪凝草莓山楂盒酸800g*12,1.0
2025-08-29,京东,京东自营,72℃屋型鲜牛乳(950ml*12盒),636.0
2025-08-29,京东,京东自营,72℃鲜牛乳（瓶）900mL,678.0
2025-08-29,京东,京东自营,三元乐活(瓶)450mL*12,48.0
2025-08-29,京东,京东自营,三元乐活950mL*12,132.0
2025-08-29,京东,京东自营,三元乐活瓶装高温杀菌乳450mL*6,4.0
2025-08-29,京东,京东自营,三元乐活（瓶）200mL*20,820.0
2025-08-29,京东,京东自营,三元每日新鲜950mL*12,384.0
2025-08-29,京东,京东自营,三元真的好巧200mL*20,220.0
2025-08-29,京东,京东自营,三元真的好巧450mL*12,12.0
2025-08-29,京东,京东自营,三元纯牛奶180mL*12,300.0
2025-08-29,京东,京东自营,三元老北京酸牛奶（139g*8*4）,12.0
2025-08-29,京东,京东自营,三元芋你鲜活200mL*20,40.0
2025-08-29,京东,京东自营,三元芋你鲜活450mL*12,60.0
2025-08-29,京东,京东自营,三元草莓黑米三连杯130g*3*8,16.0
2025-08-29,京东,京东自营,三元青提芝士三连杯130g*3*8,8.0
2025-08-29,京东,京东自营,优选瓶装鲜牛乳(450ml*12瓶),168.0
2025-08-29,京东,京东自营,优选鲜牛乳240ml*20,500.0
2025-08-29,京东,京东自营,全脂桶（1*6）,396.0
2025-08-29,京东,京东自营,大大果块桑葚+蓝莓260g*12,12.0
2025-08-29,京东,京东自营,大果块草莓+黄桃260g*12,12.0
2025-08-29,京东,京东自营,大果块黄桃+芒果260g*12,36.0
2025-08-29,京东,京东自营,天然桶装酸牛奶(1*6),138.0
2025-08-29,京东,京东自营,天然桶装酸牛奶1kg,9.0
2025-08-29,京东,京东自营,小康（1*12）,732.0
2025-08-29,京东,京东自营,极致1+1鲜牛奶900mL*6,150.0
2025-08-29,京东,京东自营,极致A2鲜奶240*20,240.0
2025-08-29,京东,京东自营,极致A2鲜奶900*6,1182.0
2025-08-29,京东,京东自营,极致有机鲜牛奶 900ML,1878.0
2025-08-29,京东,京东自营,极致有机鲜牛奶240ML,720.0
2025-08-29,京东,京东自营,简卡原味桶酸1kg*9,99.0
2025-08-29,京东,京东自营,脱脂桶（1*6）,126.0
2025-08-29,京东,京东自营,袋装天然酸奶(180g*60),420.0
2025-08-29,京东,京东自营,轻能利乐冠DSHB-蓝莓+大麦250g*4,36.0
2025-08-29,京东,京东自营,轻能利乐冠DSHB-黄桃+大麦250g*4,36.0
2025-08-29,京东,京东自营,雪凝原味盒酸800g*12,24.0
2025-08-29,京东,京东自营,雪凝奶皮子酸奶原味800g*12,84.0
2025-08-29,京东,京东自营,雪凝炭烧奶皮子酸奶盒装800g*12,24.0
2025-08-29,京东,京东自营,雪凝草莓山楂盒酸800g*12,72.0
2025-08-29,其他,其他,72℃鲜牛乳（瓶）900mL,39.0
2025-08-29,其他,其他,三元乐活（瓶）200mL*20,12.0
2025-08-29,其他,其他,三元南瓜来了200mL*20,10.0
2025-08-29,其他,其他,三元草莓黑米三连杯130g*3*8,40.0
2025-08-29,其他,其他,三元青提芝士三连杯130g*3*8,40.0
2025-08-29,其他,其他,优选瓶装鲜牛乳(450ml*12瓶),40.0
2025-08-29,其他,其他,优选鲜牛乳240ml*20,86.0
2025-08-29,其他,其他,原圆形配餐杯100g,72.0
2025-08-29,其他,其他,大大果块桑葚+蓝莓260g*12,18.0
2025-08-29,其他,其他,小康（1*12）,60.0
2025-08-29,其他,其他,极致1+1鲜牛奶240mL*20,10.0
2025-08-29,其他,其他,极致1+1鲜牛奶900mL*6,24.0
2025-08-29,其他,其他,极致A2鲜奶240*20,55.0
2025-08-29,其他,其他,极致A2鲜奶900*6,6.0
2025-08-29,其他,其他,极致有机鲜牛奶 900ML,22.0
2025-08-29,其他,其他,极致有机鲜牛奶240ML,62.0
2025-08-29,其他,其他,特品纯鲜牛奶(1*60),1500.0
2025-08-29,其他,其他,益菌多原味(125g*8),12.0
2025-08-29,其他,其他,益菌多无蔗糖(125g*8),16.0
2025-08-29,其他,其他,益菌多黄桃(125g*8),12.0
2025-08-29,其他,其他,老北京杯装酸牛奶(139g*24),72.0
2025-08-29,其他,其他,袋装天然酸奶(180g*60),120.0
2025-08-29,其他,其他,袋装无糖酸奶(180g*60),180.0
2025-08-29,其他,其他,雪凝炭烧奶皮子酸奶盒装800g*12,204.0
2025-08-29,其他,其他,雪凝茯苓杯装酸奶150g*4*14,28.0
2025-08-29,天猫,猫旗,72℃屋型鲜牛乳(950ml*12盒),40.0
2025-08-29,天猫,猫旗,72℃鲜牛乳（瓶）900mL,128.0
2025-08-29,天猫,猫旗,三元乐活(瓶)450mL*12,222.0
2025-08-29,天猫,猫旗,三元乐活950mL*12,326.0
2025-08-29,天猫,猫旗,三元乐活有机牛乳200mL*20,487.0
2025-08-29,天猫,猫旗,三元乐活有机牛乳450mL*12,5.0
2025-08-29,天猫,猫旗,三元乐活（瓶）200mL*20,3042.0
2025-08-29,天猫,猫旗,三元南瓜来了200mL*20,319.0
2025-08-29,天猫,猫旗,三元南瓜来了450mL*12,29.0
2025-08-29,天猫,猫旗,三元牛角包巧克力牛奶200mL*16,16.0
2025-08-29,天猫,猫旗,三元真的好巧200mL*20,2872.0
2025-08-29,天猫,猫旗,三元真的好巧450mL*12,217.0
2025-08-29,天猫,猫旗,三元芋你鲜活200mL*20,46.0
2025-08-29,天猫,猫旗,三元芋你鲜活450mL*12,9.0
2025-08-29,天猫,猫旗,三元草莓黑米杯酸130g*24,111.0
2025-08-29,天猫,猫旗,三元青提芝士杯酸130g*24,175.0
2025-08-29,天猫,猫旗,优选瓶装鲜牛乳(450ml*12瓶),79.0
2025-08-29,天猫,猫旗,优选鲜牛乳240ml*20,59.0
2025-08-29,天猫,猫旗,全脂桶（1*6）,6.0
2025-08-29,天猫,猫旗,大大果块桑葚+蓝莓260g*12,12.0
2025-08-29,天猫,猫旗,大果块草莓+桑葚260g*12,8.0
2025-08-29,天猫,猫旗,大果块草莓+黄桃260g*12,8.0
2025-08-29,天猫,猫旗,大果块黄桃+芒果260g*12,8.0
2025-08-29,天猫,猫旗,天然桶装酸牛奶1kg,216.0
2025-08-29,天猫,猫旗,极致1+1鲜牛奶900mL*6,9.0
2025-08-29,天猫,猫旗,极致A2鲜奶240*20,282.0
2025-08-29,天猫,猫旗,极致A2鲜奶900*6,34.0
2025-08-29,天猫,猫旗,极致有机鲜牛奶 900ML,111.0
2025-08-29,天猫,猫旗,极致有机鲜牛奶240ML,306.0
2025-08-29,天猫,猫旗,烤橙子灵芝爆珠杯酸130g*24,9.0
2025-08-29,天猫,猫旗,烤橙子陈皮爆珠杯酸130g*24,21.0
2025-08-29,天猫,猫旗,石榴红参爆珠杯酸130g*24,9.0
2025-08-29,天猫,猫旗,简卡原味桶酸1kg*9,33.0
2025-08-29,天猫,猫旗,简卡原味袋五连包150g*5*10,2.0
2025-08-29,天猫,猫旗,老北京杯装酸牛奶(139g*24),430.0
2025-08-29,天猫,猫旗,轻能利乐冠—蓝莓+大麦250g,60.0
2025-08-29,天猫,猫旗,轻能利乐冠—黄桃+大麦250g,48.0
2025-08-29,天猫,猫旗,雪凝原味盒酸800g*12,93.0
2025-08-29,天猫,猫旗,雪凝奶皮子酸奶原味800g*12,12.0
2025-08-29,天猫,猫旗,雪凝炭烧奶皮子杯酸130g*24,39.0
2025-08-29,天猫,猫旗,雪凝炭烧奶皮子酸奶盒装800g*12,20.0
2025-08-29,天猫,猫旗,雪凝茯苓杯装酸奶150g*4*14,190.0
2025-08-29,天猫,猫旗,雪凝草莓山楂盒酸800g*12,35.0
2025-08-29,天猫,猫超,72℃鲜牛乳（瓶）900mL,24.0
2025-08-29,天猫,猫超,三元乐活(瓶)450mL*12,30.0
2025-08-29,天猫,猫超,三元乐活950mL*12,254.0
2025-08-29,天猫,猫超,三元乐活（瓶）200mL*20,306.0
2025-08-29,天猫,猫超,三元南瓜来了200mL*20,35.0
2025-08-29,天猫,猫超,三元真的好巧200mL*20,170.0
2025-08-29,天猫,猫超,三元青提芝士杯酸130g*24,36.0
2025-08-29,天猫,猫超,优选瓶装鲜牛乳(450ml*12瓶),46.0
2025-08-29,天猫,猫超,优选鲜牛乳240ml*20,744.0
2025-08-29,天猫,猫超,极致A2鲜奶240*20,48.0
2025-08-29,天猫,猫超,极致A2鲜奶900*6,18.0
2025-08-29,天猫,猫超,极致有机鲜牛奶 900ML,30.0
2025-08-29,天猫,猫超,极致有机鲜牛奶240ML,82.0
2025-08-29,天猫,猫超,石榴红参爆珠杯酸130g*24,12.0
2025-08-29,天猫,猫超,老北京杯装酸牛奶(139g*24),72.0
2025-08-29,天猫,猫超,雪凝奶皮子酸奶原味800g*12,4.0
2025-08-29,天猫,猫超,雪凝炭烧奶皮子酸奶盒装800g*12,6.0
2025-08-29,天猫,猫超,雪凝茯苓杯装酸奶150g*4*14,51.0
2025-08-29,天猫,猫超,雪凝草莓山楂盒酸800g*12,2.0
2025-08-29,新零售,新零售,72℃鲜牛乳（瓶）900mL,17280.0
2025-08-29,新零售,新零售,三元晚安奶250mL*4*6,708.0
2025-08-29,新零售,新零售,三元每日新鲜950mL*12,2052.0
2025-08-29,新零售,新零售,三元草莓黑米三连杯130g*3*8,8.0
2025-08-29,新零售,新零售,三元青提芝士三连杯130g*3*8,32.0
2025-08-29,新零售,新零售,中脱（1*12）,1308.0
2025-08-29,新零售,新零售,优选瓶装鲜牛乳(450ml*12瓶),4200.0
2025-08-29,新零售,新零售,全脂桶（1*6）,1998.0
2025-08-29,新零售,新零售,全脂酸牛奶原味(100g*8),684.0
2025-08-29,新零售,新零售,大果块草莓+黄桃260g*12,360.0
2025-08-29,新零售,新零售,大果块黄桃+芒果260g*12,492.0
2025-08-29,新零售,新零售,天然桶装酸牛奶(1*6),2034.0
2025-08-29,新零售,新零售,小康（1*12）,9900.0
2025-08-29,新零售,新零售,屋型酸牛奶草莓+树莓480g*12,852.0
2025-08-29,新零售,新零售,极致1+1鲜牛奶240mL*20,660.0
2025-08-29,新零售,新零售,极致1+1鲜牛奶900mL*6,204.0
2025-08-29,新零售,新零售,极致A2鲜奶240*20,940.0
2025-08-29,新零售,新零售,极致A2鲜奶900*6,1254.0
2025-08-29,新零售,新零售,极致有机鲜牛奶 900ML,5106.0
2025-08-29,新零售,新零售,极致有机鲜牛奶240ML,6400.0
2025-08-29,新零售,新零售,极致有机鲜牛奶450mL*12,300.0
2025-08-29,新零售,新零售,烤橙子灵芝爆珠杯酸130g*24,168.0
2025-08-29,新零售,新零售,烤橙子陈皮爆珠杯酸130g*24,216.0
2025-08-29,新零售,新零售,特品纯鲜牛奶(1*60),21660.0
2025-08-29,新零售,新零售,益菌多原味(125g*8),1342.0
2025-08-29,新零售,新零售,益菌多无蔗糖(125g*8),371.0
2025-08-29,新零售,新零售,盒马原味桶酸1.5kg*6,3546.0
2025-08-29,新零售,新零售,盒马日日鲜星期五950ml,10548.0
2025-08-29,新零售,新零售,盒马有机桶鲜1.5L*6,5724.0
2025-08-29,新零售,新零售,盒马红颜草莓奶450mL*12,2880.0
2025-08-29,新零售,新零售,简卡原味八连杯100g*8*12,1716.0
2025-08-29,新零售,新零售,简卡原味桶酸1kg*9,477.0
2025-08-29,新零售,新零售,简卡原味袋五连包150g*5*10,1070.0
2025-08-29,新零售,新零售,老北京杯装酸牛奶(139g*24),3648.0
2025-08-29,新零售,新零售,脱脂桶（1*6）,108.0
2025-08-29,新零售,新零售,袋装天然酸奶(180g*60),2640.0
2025-08-29,新零售,新零售,袋装无糖酸奶(180g*60),1440.0
2025-08-29,新零售,新零售,雪凝茯苓杯装酸奶150g*4*14,1638.0
2025-08-29,新零售,新零售,雪凝茯苓杯酸纸箱150g*4*14,2618.0
2025-08-30,京东,京东自营,72℃屋型鲜牛乳(950ml*12盒),444.0
2025-08-30,京东,京东自营,72℃鲜牛乳（瓶）900mL,900.0
2025-08-30,京东,京东自营,三元乐活(瓶)450mL*12,144.0
2025-08-30,京东,京东自营,三元乐活950mL*12,312.0
2025-08-30,京东,京东自营,三元乐活有机牛乳200mL*20,100.0
2025-08-30,京东,京东自营,三元乐活有机牛乳450mL*12,252.0
2025-08-30,京东,京东自营,三元乐活瓶装高温杀菌乳450mL*6,80.0
2025-08-30,京东,京东自营,三元乐活（瓶）200mL*20,420.0
2025-08-30,京东,京东自营,三元南瓜来了450mL*12,168.0
2025-08-30,京东,京东自营,三元每日新鲜950mL*12,420.0
2025-08-30,京东,京东自营,三元老北京酸牛奶（139g*8*4）,96.0
2025-08-30,京东,京东自营,三元芋你鲜活200mL*20,40.0
2025-08-30,京东,京东自营,三元芋你鲜活450mL*12,72.0
2025-08-30,京东,京东自营,三元草莓黑米三连杯130g*3*8,64.0
2025-08-30,京东,京东自营,三元莓天鲜活450mL*12,348.0
2025-08-30,京东,京东自营,三元青提芝士三连杯130g*3*8,32.0
2025-08-30,京东,京东自营,中优选组合装DS(450ml*2*8),984.0
2025-08-30,京东,京东自营,优选鲜牛乳240ml*20,200.0
2025-08-30,京东,京东自营,全脂桶（1*6）,702.0
2025-08-30,京东,京东自营,天然桶装酸牛奶(1*6),372.0
2025-08-30,京东,京东自营,小康（1*12）,636.0
2025-08-30,京东,京东自营,极致1+1鲜牛奶900mL*6,180.0
2025-08-30,京东,京东自营,极致A2鲜奶240*20,480.0
2025-08-30,京东,京东自营,极致A2鲜奶900*6,456.0
2025-08-30,京东,京东自营,极致有机鲜牛奶 900ML,960.0
2025-08-30,京东,京东自营,极致有机鲜牛奶240ML,700.0
2025-08-30,京东,京东自营,简卡原味桶酸1kg*9,711.0
2025-08-30,京东,京东自营,纸箱180g无蔗糖酸牛奶180g*30,150.0
2025-08-30,京东,京东自营,脱脂桶（1*6）,246.0
2025-08-30,京东,京东自营,袋装天然酸奶(180g*60),3420.0
2025-08-30,京东,京东自营,轻能利乐冠DSHB-蓝莓+大麦250g*4,78.0
2025-08-30,京东,京东自营,轻能利乐冠DSHB-黄桃+大麦250g*4,150.0
2025-08-30,京东,京东自营,雪凝原味盒酸800g*12,48.0
2025-08-30,京东,京东自营,雪凝奶皮子酸奶原味800g*12,120.0
2025-08-30,京东,京东自营,雪凝炭烧奶皮子酸奶盒装800g*12,192.0
2025-08-30,京东,京东自营,雪凝草莓山楂盒酸800g*12,36.0
2025-08-30,其他,其他,100g原味酸奶,32.0
2025-08-30,其他,其他,72℃屋型鲜牛乳(490ml*12盒),2.0
2025-08-30,其他,其他,72℃屋型鲜牛乳(950ml*12盒),16.0
2025-08-30,其他,其他,72℃鲜牛乳（瓶）900mL,419.0
2025-08-30,其他,其他,三元乐活(瓶)450mL*12,12.0
2025-08-30,其他,其他,三元乐活（瓶）200mL*20,6.0
2025-08-30,其他,其他,三元南瓜来了200mL*20,6.0
2025-08-30,其他,其他,三元南瓜来了450mL*12,3.0
2025-08-30,其他,其他,三元可可奶200mL*16,36.0
2025-08-30,其他,其他,三元每日新鲜950mL*12,18.0
2025-08-30,其他,其他,三元牛角包双莓牛奶200mL*16,3.0
2025-08-30,其他,其他,三元牛角包椰子牛奶200mL*16,12.0
2025-08-30,其他,其他,三元芋你鲜活200mL*20,24.0
2025-08-30,其他,其他,三元芋你鲜活450mL*12,2.0
2025-08-30,其他,其他,三元草莓黑米杯酸130g*24,75.0
2025-08-30,其他,其他,三元莓天鲜活200mL*20,3.0
2025-08-30,其他,其他,三元青提芝士杯酸130g*24,27.0
2025-08-30,其他,其他,中天酸(480g*12),42.0
2025-08-30,其他,其他,优选瓶装鲜牛乳(450ml*12瓶),132.0
2025-08-30,其他,其他,优选鲜牛乳240ml*20,28.0
2025-08-30,其他,其他,全脂桶（1*6）,19.0
2025-08-30,其他,其他,全脂酸牛奶原味(100g*8),17.0
2025-08-30,其他,其他,原圆形配餐杯100g,18945.0
2025-08-30,其他,其他,大大果块桑葚+蓝莓260g*12,27.0
2025-08-30,其他,其他,大果块哈密瓜青提260g*12,30.0
2025-08-30,其他,其他,大果块草莓+桑葚260g*12,81.0
2025-08-30,其他,其他,大果块草莓+黄桃260g*12,81.0
2025-08-30,其他,其他,大果块黄桃+芒果260g*12,51.0
2025-08-30,其他,其他,天然桶装酸牛奶(1*6),12.0
2025-08-30,其他,其他,天然桶装酸牛奶1kg,13.0
2025-08-30,其他,其他,小康（1*12）,112.0
2025-08-30,其他,其他,屋型酸牛奶梨+菠萝480g*12,16.0
2025-08-30,其他,其他,屋型酸牛奶草莓+树莓480g*12,28.0
2025-08-30,其他,其他,极致A2鲜奶240*20,107.0
2025-08-30,其他,其他,极致A2鲜奶900*6,44.0
2025-08-30,其他,其他,极致有机鲜牛奶 900ML,140.0
2025-08-30,其他,其他,极致有机鲜牛奶240ML,12.0
2025-08-30,其他,其他,极致有机鲜牛奶450mL*12,2.0
2025-08-30,其他,其他,烤橙子灵芝爆珠杯酸130g*24,6.0
2025-08-30,其他,其他,烤橙子陈皮爆珠杯酸130g*24,3.0
2025-08-30,其他,其他,特品纯鲜牛奶(1*60),6654.0
2025-08-30,其他,其他,益菌多原味(125g*8),68.0
2025-08-30,其他,其他,益菌多无蔗糖(125g*8),71.0
2025-08-30,其他,其他,益菌多草莓(125g*8),9.0
2025-08-30,其他,其他,益菌多黄桃(125g*8),8.0
2025-08-30,其他,其他,石榴红参爆珠杯酸130g*24,3.0
2025-08-30,其他,其他,简卡原味八连杯100g*8*12,6.0
2025-08-30,其他,其他,简卡原味桶酸1kg*9,9.0
2025-08-30,其他,其他,简卡原味袋五连包150g*5*10,24.0
2025-08-30,其他,其他,老北京杯装酸牛奶(139g*24),628.0
2025-08-30,其他,其他,脱脂桶（1*6）,2.0
2025-08-30,其他,其他,袋装天然酸奶(180g*60),220.0
2025-08-30,其他,其他,袋装无糖酸奶(180g*60),780.0
2025-08-30,其他,其他,象划算风味发酵乳,63.0
2025-08-30,其他,其他,轻能利乐冠—蓝莓+大麦250g,3.0
2025-08-30,其他,其他,轻能利乐冠—黄桃+大麦250g,9.0
2025-08-30,其他,其他,轻能苗条牛油果燕麦250g*24,4.0
2025-08-30,其他,其他,轻能苗条红西柚燕麦250g*24,8.0
2025-08-30,其他,其他,雪凝奶皮子酸奶原味800g*12,2.0
2025-08-30,其他,其他,雪凝炭烧奶皮子杯酸130g*24,3.0
2025-08-30,其他,其他,雪凝炭烧奶皮子酸奶盒装800g*12,1.0
2025-08-30,其他,其他,雪凝茯苓杯装酸奶150g*4*14,274.0
2025-08-30,其他,其他,雪凝草莓山楂盒酸800g*12,4.0
2025-08-30,其他,其他,鲜牛奶(1*60),162.0
2025-08-30,天猫,猫旗,72℃屋型鲜牛乳(950ml*12盒),1.0
2025-08-30,天猫,猫旗,三元乐活（瓶）200mL*20,5.0
2025-08-30,天猫,猫旗,三元牛角包巧克力牛奶200mL*16,16.0
2025-08-30,天猫,猫旗,三元真的好巧200mL*20,2.0
2025-08-30,天猫,猫旗,三元草莓黑米杯酸130g*24,5.0
2025-08-30,天猫,猫旗,三元青提芝士杯酸130g*24,1.0
2025-08-30,天猫,猫旗,极致有机鲜牛奶240ML,8.0
2025-08-30,天猫,猫旗,简卡原味桶酸1kg*9,1.0
2025-08-30,天猫,猫旗,老北京杯装酸牛奶(139g*24),3.0
2025-08-30,天猫,猫旗,雪凝原味盒酸800g*12,3.0
2025-08-30,天猫,猫旗,雪凝草莓山楂盒酸800g*12,1.0
2025-08-30,拼多多,多多买菜,100g原味酸奶,90.0
2025-08-30,拼多多,多多买菜,三元乐活950mL*12,216.0
2025-08-30,拼多多,多多买菜,三元乐活（瓶）200mL*20,180.0
2025-08-30,拼多多,多多买菜,三元芋你鲜活200mL*20,160.0
2025-08-30,拼多多,多多买菜,三元莓天鲜活450mL*12,120.0
2025-08-30,拼多多,多多买菜,原圆形配餐杯100g,864.0
2025-08-30,拼多多,多多买菜,大果块草莓+黄桃260g*12,240.0
2025-08-30,拼多多,多多买菜,天然桶装酸牛奶1kg,90.0
2025-08-30,拼多多,多多买菜,老北京杯装酸牛奶(139g*24),600.0
2025-08-30,新零售,新零售,72℃鲜牛乳（瓶）900mL,16530.0
2025-08-30,新零售,新零售,三元南瓜来了200mL*20,1080.0
2025-08-30,新零售,新零售,三元晚安奶250mL*4*6,4290.0
2025-08-30,新零售,新零售,三元每日新鲜950mL*12,1716.0
2025-08-30,新零售,新零售,三元牛角包巧克力牛奶200mL*16,1296.0
2025-08-30,新零售,新零售,三元草莓黑米三连杯130g*3*8,16.0
2025-08-30,新零售,新零售,三元青提芝士三连杯130g*3*8,32.0
2025-08-30,新零售,新零售,中脱（1*12）,1248.0
2025-08-30,新零售,新零售,优选瓶装鲜牛乳(450ml*12瓶),4248.0
2025-08-30,新零售,新零售,全脂桶（1*6）,2010.0
2025-08-30,新零售,新零售,全脂酸牛奶原味(100g*8),588.0
2025-08-30,新零售,新零售,大果块草莓+黄桃260g*12,372.0
2025-08-30,新零售,新零售,大果块黄桃+芒果260g*12,516.0
2025-08-30,新零售,新零售,天然桶装酸牛奶(1*6),1776.0
2025-08-30,新零售,新零售,小康（1*12）,9804.0
2025-08-30,新零售,新零售,屋型酸牛奶草莓+树莓480g*12,1152.0
2025-08-30,新零售,新零售,极致1+1鲜牛奶240mL*20,800.0
2025-08-30,新零售,新零售,极致1+1鲜牛奶900mL*6,204.0
2025-08-30,新零售,新零售,极致A2鲜奶240*20,740.0
2025-08-30,新零售,新零售,极致A2鲜奶900*6,1170.0
2025-08-30,新零售,新零售,极致有机鲜牛奶 900ML,5412.0
2025-08-30,新零售,新零售,极致有机鲜牛奶240ML,5540.0
2025-08-30,新零售,新零售,烤橙子灵芝爆珠杯酸130g*24,144.0
2025-08-30,新零售,新零售,烤橙子陈皮爆珠杯酸130g*24,216.0
2025-08-30,新零售,新零售,特品纯鲜牛奶(1*60),22380.0
2025-08-30,新零售,新零售,益菌多原味(125g*8),1620.0
2025-08-30,新零售,新零售,益菌多无蔗糖(125g*8),319.0
2025-08-30,新零售,新零售,盒马原味桶酸1.5kg*6,3798.0
2025-08-30,新零售,新零售,盒马日日鲜星期六950ml,13332.0
2025-08-30,新零售,新零售,盒马红颜草莓奶450mL*12,32256.0
2025-08-30,新零售,新零售,简卡原味八连杯100g*8*12,1572.0
2025-08-30,新零售,新零售,简卡原味桶酸1kg*9,423.0
2025-08-30,新零售,新零售,简卡原味袋五连包150g*5*10,1000.0
2025-08-30,新零售,新零售,老北京杯装酸牛奶(139g*24),3720.0
2025-08-30,新零售,新零售,脱脂桶（1*6）,120.0
2025-08-30,新零售,新零售,袋装天然酸奶(180g*60),2760.0
2025-08-30,新零售,新零售,袋装无糖酸奶(180g*60),1320.0
2025-08-30,新零售,新零售,雪凝奶皮子酸奶原味800g*12,120.0
2025-08-30,新零售,新零售,雪凝炭烧奶皮子杯酸130g*24,1104.0
2025-08-30,新零售,新零售,雪凝茯苓杯装酸奶150g*4*14,1540.0
2025-08-30,新零售,新零售,雪凝茯苓杯酸纸箱150g*4*14,2898.0
2025-08-31,京东,京东POP,72℃屋型鲜牛乳(950ml*12盒),1.0
2025-08-31,京东,京东POP,72℃鲜牛乳（瓶）900mL,2.0
2025-08-31,京东,京东POP,三元每日新鲜950mL*12,5.0
2025-08-31,京东,京东POP,大果块草莓+黄桃260g*12,2.0
2025-08-31,京东,京东POP,极致有机鲜牛奶450mL*12,8.0
2025-08-31,京东,京东POP,轻能苗条牛油果燕麦250g*24,2.0
2025-08-31,京东,京东自营,72℃屋型鲜牛乳(490ml*12盒),48.0
2025-08-31,京东,京东自营,72℃屋型鲜牛乳(950ml*12盒),396.0
2025-08-31,京东,京东自营,72℃鲜牛乳（瓶）900mL,558.0
2025-08-31,京东,京东自营,三元乐活(瓶)450mL*12,192.0
2025-08-31,京东,京东自营,三元乐活950mL*12,120.0
2025-08-31,京东,京东自营,三元乐活瓶装高温杀菌乳450mL*6,4.0
2025-08-31,京东,京东自营,三元乐活（瓶）200mL*20,1240.0
2025-08-31,京东,京东自营,三元每日新鲜950mL*12,300.0
2025-08-31,京东,京东自营,三元纯牛奶180mL*12,1164.0
2025-08-31,京东,京东自营,三元芋你鲜活200mL*20,80.0
2025-08-31,京东,京东自营,三元芋你鲜活450mL*12,60.0
2025-08-31,京东,京东自营,优选瓶装鲜牛乳(450ml*12瓶),24.0
2025-08-31,京东,京东自营,优选鲜牛乳240ml*20,500.0
2025-08-31,京东,京东自营,全脂桶（1*6）,354.0
2025-08-31,京东,京东自营,大大果块桑葚+蓝莓260g*12,12.0
2025-08-31,京东,京东自营,大果块草莓+黄桃260g*12,12.0
2025-08-31,京东,京东自营,大果块黄桃+芒果260g*12,12.0
2025-08-31,京东,京东自营,天然桶装酸牛奶(1*6),66.0
2025-08-31,京东,京东自营,小康（1*12）,48.0
2025-08-31,京东,京东自营,极致1+1鲜牛奶240mL*20,80.0
2025-08-31,京东,京东自营,极致1+1鲜牛奶900mL*6,78.0
2025-08-31,京东,京东自营,极致A2鲜奶240*20,580.0
2025-08-31,京东,京东自营,极致A2鲜奶900*6,1242.0
2025-08-31,京东,京东自营,极致有机鲜牛奶 900ML,1854.0
2025-08-31,京东,京东自营,极致有机鲜牛奶240ML,1600.0
2025-08-31,京东,京东自营,极致有机鲜牛奶450mL*12,84.0
2025-08-31,京东,京东自营,简卡原味桶酸1kg*9,234.0
2025-08-31,京东,京东自营,纸箱180g无蔗糖酸牛奶180g*30,150.0
2025-08-31,京东,京东自营,脱脂桶（1*6）,180.0
2025-08-31,京东,京东自营,轻能利乐冠DSHB-蓝莓+大麦250g*4,12.0
2025-08-31,京东,京东自营,轻能利乐冠DSHB-黄桃+大麦250g*4,114.0
2025-08-31,京东,京东自营,雪凝原味盒酸800g*12,24.0
2025-08-31,京东,京东自营,雪凝奶皮子酸奶原味800g*12,96.0
2025-08-31,京东,京东自营,雪凝草莓山楂盒酸800g*12,36.0
2025-08-31,其他,其他,72℃鲜牛乳（瓶）900mL,48.0
2025-08-31,其他,其他,优选瓶装鲜牛乳(450ml*12瓶),84.0
2025-08-31,其他,其他,优选鲜牛乳240ml*20,20.0
2025-08-31,其他,其他,原圆形配餐杯100g,11736.0
2025-08-31,其他,其他,小康（1*12）,12.0
2025-08-31,其他,其他,极致1+1鲜牛奶900mL*6,18.0
2025-08-31,其他,其他,极致A2鲜奶240*20,40.0
2025-08-31,其他,其他,极致A2鲜奶900*6,6.0
2025-08-31,其他,其他,极致有机鲜牛奶 900ML,40.0
2025-08-31,其他,其他,特品纯鲜牛奶(1*60),1920.0
2025-08-31,其他,其他,益菌多原味(125g*8),15.0
2025-08-31,其他,其他,益菌多无蔗糖(125g*8),16.0
2025-08-31,其他,其他,益菌多草莓(125g*8),2.0
2025-08-31,其他,其他,益菌多黄桃(125g*8),2.0
2025-08-31,其他,其他,老北京杯装酸牛奶(139g*24),192.0
2025-08-31,其他,其他,袋装天然酸奶(180g*60),180.0
2025-08-31,其他,其他,袋装无糖酸奶(180g*60),180.0
2025-08-31,其他,其他,雪凝茯苓杯装酸奶150g*4*14,126.0
2025-08-31,天猫,猫旗,三元芋你鲜活200mL*20,2.0
2025-08-31,天猫,猫旗,极致1+1鲜牛奶240mL*20,10.0
2025-08-31,天猫,猫旗,极致有机鲜牛奶450mL*12,8.0
2025-08-31,天猫,猫旗,轻能苗条红西柚燕麦250g*24,18.0
2025-08-31,新零售,新零售,72℃鲜牛乳（瓶）900mL,20916.0
2025-08-31,新零售,新零售,三元晚安奶250mL*4*6,1524.0
2025-08-31,新零售,新零售,三元每日新鲜950mL*12,1296.0
2025-08-31,新零售,新零售,三元草莓黑米三连杯130g*3*8,8.0
2025-08-31,新零售,新零售,三元青提芝士三连杯130g*3*8,24.0
2025-08-31,新零售,新零售,中脱（1*12）,1452.0
2025-08-31,新零售,新零售,优选瓶装鲜牛乳(450ml*12瓶),5016.0
2025-08-31,新零售,新零售,全脂桶（1*6）,2106.0
2025-08-31,新零售,新零售,全脂酸牛奶原味(100g*8),564.0
2025-08-31,新零售,新零售,大果块草莓+黄桃260g*12,252.0
2025-08-31,新零售,新零售,大果块黄桃+芒果260g*12,432.0
2025-08-31,新零售,新零售,天然桶装酸牛奶(1*6),1440.0
2025-08-31,新零售,新零售,小康（1*12）,9864.0
2025-08-31,新零售,新零售,屋型酸牛奶草莓+树莓480g*12,360.0
2025-08-31,新零售,新零售,极致1+1鲜牛奶240mL*20,800.0
2025-08-31,新零售,新零售,极致1+1鲜牛奶900mL*6,258.0
2025-08-31,新零售,新零售,极致A2鲜奶240*20,1080.0
2025-08-31,新零售,新零售,极致A2鲜奶900*6,1416.0
2025-08-31,新零售,新零售,极致有机鲜牛奶 900ML,6054.0
2025-08-31,新零售,新零售,极致有机鲜牛奶240ML,6940.0
2025-08-31,新零售,新零售,极致有机鲜牛奶450mL*12,300.0
2025-08-31,新零售,新零售,烤橙子灵芝爆珠杯酸130g*24,72.0
2025-08-31,新零售,新零售,烤橙子陈皮爆珠杯酸130g*24,96.0
2025-08-31,新零售,新零售,特品纯鲜牛奶(1*60),22920.0
2025-08-31,新零售,新零售,益菌多原味(125g*8),1050.0
2025-08-31,新零售,新零售,益菌多无蔗糖(125g*8),269.0
2025-08-31,新零售,新零售,盒马原味桶酸1.5kg*6,8244.0
2025-08-31,新零售,新零售,盒马日日鲜星期日950ml,12720.0
2025-08-31,新零售,新零售,盒马有机桶鲜1.5L*6,6300.0
2025-08-31,新零售,新零售,盒马红颜草莓奶450mL*12,4092.0
2025-08-31,新零售,新零售,简卡原味八连杯100g*8*12,1176.0
2025-08-31,新零售,新零售,简卡原味桶酸1kg*9,261.0
2025-08-31,新零售,新零售,简卡原味袋五连包150g*5*10,670.0
2025-08-31,新零售,新零售,老北京杯装酸牛奶(139g*24),2184.0
2025-08-31,新零售,新零售,脱脂桶（1*6）,108.0
2025-08-31,新零售,新零售,袋装天然酸奶(180g*60),1560.0
2025-08-31,新零售,新零售,袋装无糖酸奶(180g*60),480.0
2025-08-31,新零售,新零售,雪凝茯苓杯装酸奶150g*4*14,574.0
2025-08-31,新零售,新零售,雪凝茯苓杯酸纸箱150g*4*14,2128.0
