统计日期,平台,子平台,产品名称,销售数量,销售金额
2026-7-19,京东,京东POP,250S极致娟姗纯牛奶250mL*12,18,392.3658
2026-7-19,京东,京东POP,250S极致有机纯牛奶250mL*12,6,144.7548
2026-7-19,京东,京东POP,250ml方巧(1*24),21,673.3125
2026-7-19,京东,京东POP,250ml舒释奶（全脂)(1*12),37,735.8819
2026-7-19,京东,京东POP,三元3.3g全脂纯牛奶无菌砖（200ml*24）卡皮巴拉,181,5182.7178
2026-7-19,京东,京东POP,三元3.3g方白纯牛奶（250mL*24）,498,15303.5898
2026-7-19,京东,京东POP,三元3.3g方白脱脂无菌砖(250ml*24),82,2239.8792
2026-7-19,京东,京东POP,三元北京纯牛奶低脂（250mL*10）,2,37.027
2026-7-19,京东,京东POP,三元北京纯牛奶全脂（250mL*10）,703,13003.9534
2026-7-19,京东,京东POP,三元纯牛奶足球礼盒（250ml*12）,2,42.42
2026-7-19,京东,京东POP,体验装 200M单盒,12,14.43325
2026-7-19,京东,京东POP,体验装 极全单盒,3,5.083275
2026-7-19,京东,京东POP,常温版极致三代全脂纯牛奶,16,347.2624
2026-7-19,京东,京东POP,极小智有机A2纯牛奶200mL*10,73,1349.1349
2026-7-19,京东,京东POP,极致A2精巧装200ml*10,212,3306.9244
2026-7-19,京东,京东POP,极致三代低脂纯牛奶（250ml*12）,33,717.5025
2026-7-19,京东,京东POP,极致高品质全脂纯牛奶（250ml*16）,501,13582.5108
2026-7-19,京东,京东POP,梦幻盖极致A2纯牛奶250ml*12,12,379.5504
2026-7-19,京东,京东POP,梦幻盖极致有机纯牛奶（250ml*12）,31,822.7679
2026-7-19,京东,京东POP,简卡原味钻酸奶200g*10,6,132.0222
2026-7-19,京东,京东POP,钻石装极致有机纯牛奶（200ml*10）,65,1328.6845
2026-7-19,天猫,猫旗,250S极致娟姗纯牛奶250mL*12,17,370.5677
2026-7-19,天猫,猫旗,250S极致有机纯牛奶250mL*12,8,193.0064
2026-7-19,天猫,猫旗,250ml方巧(1*24),123,3943.6875
2026-7-19,天猫,猫旗,250ml舒释奶（全脂)(1*12),2,39.7774
2026-7-19,天猫,猫旗,三元3.3g全脂纯牛奶无菌砖（200ml*24）卡皮巴拉,31,887.6478
2026-7-19,天猫,猫旗,三元3.3g方白纯牛奶（250mL*24）,746,22924.6546
2026-7-19,天猫,猫旗,三元3.3g方白脱脂无菌砖(250ml*24),102,2786.1912
2026-7-19,天猫,猫旗,三元北京纯牛奶低脂（250mL*10）,6,111.081
2026-7-19,天猫,猫旗,三元北京纯牛奶全脂（250mL*10）,13,240.4714
2026-7-19,天猫,猫旗,三元晚安牛奶（250ml*10）,4,103.9372
2026-7-19,天猫,猫旗,体验装 有机单盒,6,12.0629
2026-7-19,天猫,猫旗,体验装 极致A2精巧单盒,5,13.17883333
2026-7-19,天猫,猫旗,体验装 极致娟姗拆单盒,126,228.88005
2026-7-19,天猫,猫旗,体验装 特品脱脂拆单盒,36,35.78955
2026-7-19,天猫,猫旗,体验装单盒方巧,186,248.484375
2026-7-19,天猫,猫旗,体验装单盒特品,258,313.509775
2026-7-19,天猫,猫旗,北京纯全脂拆单盒,115,212.7247
2026-7-19,天猫,猫旗,小方白卡皮巴拉脱脂纯牛奶（200mL*24）,15,357.8955
2026-7-19,天猫,猫旗,常温版极致三代全脂纯牛奶,1,21.7039
2026-7-19,天猫,猫旗,极小智有机A2纯牛奶200mL*10,9,166.3317
2026-7-19,天猫,猫旗,极致A2精巧装200ml*10,17,265.1779
2026-7-19,天猫,猫旗,极致三代低脂纯牛奶（250ml*12）,36,782.73
2026-7-19,天猫,猫旗,极致高品质全脂纯牛奶（250ml*16）,122,3307.5176
2026-7-19,天猫,猫旗,梦幻盖极致A2纯牛奶250ml*12,9,284.6628
2026-7-19,天猫,猫旗,梦幻盖极致有机纯牛奶（250ml*12）,10,265.409
2026-7-19,天猫,猫旗,简卡原味钻酸奶200g*10,10,220.037
2026-7-19,天猫,猫旗,钻石装极致有机纯牛奶（200ml*10）,4,81.7652
2026-7-19,小程序及其他,小程序及其他,250S极致娟姗纯牛奶250mL*12,1,21.7981
2026-7-19,小程序及其他,小程序及其他,250S极致有机纯牛奶250mL*12,8,193.0064
2026-7-19,小程序及其他,小程序及其他,250ml方巧(1*24),7,224.4375
2026-7-19,小程序及其他,小程序及其他,250ml舒释奶（全脂)(1*12),5,99.4435
2026-7-19,小程序及其他,小程序及其他,三元3.3g全脂纯牛奶无菌砖（200ml*24）卡皮巴拉,1,28.6338
2026-7-19,小程序及其他,小程序及其他,三元3.3g方白纯牛奶（250mL*24）,439,13490.5139
2026-7-19,小程序及其他,小程序及其他,三元3.3g方白脱脂无菌砖(250ml*24),8,218.5248
2026-7-19,小程序及其他,小程序及其他,三元A2纯牛奶DS200ml*10,5,76.5035
2026-7-19,小程序及其他,小程序及其他,三元北京纯牛奶低脂（250mL*10）,4,74.054
2026-7-19,小程序及其他,小程序及其他,三元北京纯牛奶全脂（250mL*10）,4,73.9912
2026-7-19,小程序及其他,小程序及其他,三元晚安牛奶（250ml*10）,4,103.9372
2026-7-19,小程序及其他,小程序及其他,小方白卡皮巴拉脱脂纯牛奶（200mL*24）,6,143.1582
2026-7-19,小程序及其他,小程序及其他,常温版极致三代全脂纯牛奶,31,672.8209
2026-7-19,小程序及其他,小程序及其他,极小智有机A2纯牛奶200mL*10,1,18.4813
2026-7-19,小程序及其他,小程序及其他,极致A2精巧装200ml*10,185,2885.7595
2026-7-19,小程序及其他,小程序及其他,极致三代低脂纯牛奶（250ml*12）,99,2152.5075
2026-7-19,小程序及其他,小程序及其他,极致高品质全脂纯牛奶（250ml*16）,6,162.6648
2026-7-19,小程序及其他,小程序及其他,梦幻盖极致A2纯牛奶250ml*12,33,1043.7636
2026-7-19,小程序及其他,小程序及其他,梦幻盖极致有机纯牛奶（250ml*12）,2,53.0818
2026-7-19,小程序及其他,小程序及其他,简卡原味钻酸奶200g*10,27,594.0999
2026-7-19,小程序及其他,小程序及其他,贴画,1,0
2026-7-19,小程序及其他,小程序及其他,钻石装极致有机纯牛奶（200ml*10）,32,654.1216
2026-7-19,抖音,抖音,250S极致娟姗纯牛奶250mL*12,350,7629.335
2026-7-19,抖音,抖音,250ml方巧(1*24),254,8143.875
2026-7-19,抖音,抖音,三元3.3g全脂纯牛奶无菌砖（200ml*24）卡皮巴拉,14,400.8732
2026-7-19,抖音,抖音,三元3.3g方白纯牛奶（250mL*24）,3025,92958.5525
2026-7-19,抖音,抖音,三元3.3g方白脱脂无菌砖(250ml*24),261,7129.3716
2026-7-19,抖音,抖音,三元北京纯牛奶低脂（250mL*10）,16,296.216
2026-7-19,抖音,抖音,三元北京纯牛奶全脂（250mL*10）,28,517.9384
2026-7-19,抖音,抖音,三元晚安牛奶（250ml*10）,10,259.843
2026-7-19,抖音,抖音,三元纯牛奶足球礼盒（250ml*12）,580,12301.8
2026-7-19,抖音,抖音,北京纯全脂拆单盒,1594,2948.54932
2026-7-19,抖音,抖音,听装三元畅倍益益生菌奶粉700g*6,2,0
2026-7-19,抖音,抖音,小方白卡皮巴拉脱脂纯牛奶（200mL*24）,8,190.8776
2026-7-19,抖音,抖音,常温版极致三代全脂纯牛奶,47,1020.0833
2026-7-19,抖音,抖音,极小智有机A2纯牛奶200mL*10,9,166.3317
2026-7-19,抖音,抖音,极致A2精巧装200ml*10,84,1310.2908
2026-7-19,抖音,抖音,极致三代低脂纯牛奶（250ml*12）,43,934.9275
2026-7-19,抖音,抖音,极致高品质全脂纯牛奶（250ml*16）,1452,39364.8816
2026-7-19,抖音,抖音,梦幻盖极致有机纯牛奶（250ml*12）,34,902.3906
2026-7-19,抖音,抖音,简卡原味钻酸奶200g*10,6,132.0222
2026-7-19,抖音,抖音,钻石装极致有机纯牛奶（200ml*10）,9,183.9717
2026-7-19,拼多多,拼多多,250S极致娟姗纯牛奶250mL*12,7,152.5867
2026-7-19,拼多多,拼多多,250ml方巧(1*24),21,673.3125
2026-7-19,拼多多,拼多多,250ml舒释奶（全脂)(1*12),14,278.4418
2026-7-19,拼多多,拼多多,三元3.3g方白纯牛奶（250mL*24）,1122,34479.1722
2026-7-19,拼多多,拼多多,三元3.3g方白脱脂无菌砖(250ml*24),1000,27315.6
2026-7-19,拼多多,拼多多,三元北京纯牛奶全脂（250mL*10）,3,55.4934
2026-7-19,拼多多,拼多多,体验装单盒方巧,128,171
2026-7-19,拼多多,拼多多,小方白卡皮巴拉脱脂纯牛奶（200mL*24）,46,1097.5462
2026-7-19,拼多多,拼多多,极小智有机A2纯牛奶200mL*10,23,425.0699
2026-7-19,拼多多,拼多多,极致A2精巧装200ml*10,4,62.3948
2026-7-19,拼多多,拼多多,极致三代低脂纯牛奶（250ml*12）,15,326.1375
2026-7-19,拼多多,拼多多,极致高品质全脂纯牛奶（250ml*16）,70,1897.756
2026-7-19,拼多多,拼多多,梦幻盖极致A2纯牛奶250ml*12,3,94.8876
2026-7-19,拼多多,拼多多,梦幻盖极致有机纯牛奶（250ml*12）,16,424.6544
2026-7-19,拼多多,拼多多,简卡原味钻酸奶200g*10,3,66.0111
2026-7-19,拼多多,拼多多,钻石装极致有机纯牛奶（200ml*10）,18,367.9434
2026-7-19,新零售,新零售,250S极致娟姗纯牛奶250mL*12,1,21.7981
2026-7-19,新零售,新零售,三元3.2g小方枕全脂利乐枕-电商(227ml*16),4185,84930.39
2026-7-19,新零售,新零售,三元3.3g方白纯牛奶（250mL*24）,14,430.2214
2026-7-19,新零售,新零售,三元3.3g方白脱脂无菌砖(250ml*24),3,81.9468
2026-7-19,新零售,新零售,三元北京纯牛奶全脂（250mL*10）,172,3181.6216
2026-7-19,新零售,新零售,极小智有机A2纯牛奶200mL*10,2,36.9626
2026-7-19,新零售,新零售,极致三代低脂纯牛奶（250ml*12）,4,86.97
2026-7-19,新零售,新零售,极致高品质全脂纯牛奶（250ml*16）,2,54.2216
2026-7-19,新零售,新零售,梦幻盖极致有机纯牛奶（250ml*12）,3,79.6227
2026-7-20,京东,京东POP,250S极致娟姗纯牛奶250mL*12,11,239.7791
2026-7-20,京东,京东POP,250S极致有机纯牛奶250mL*12,3,72.3774
2026-7-20,京东,京东POP,250ml方巧(1*24),26,833.625
2026-7-20,京东,京东POP,250ml舒释奶（全脂)(1*12),19,377.8853
2026-7-20,京东,京东POP,三元3.3g全脂纯牛奶无菌砖（200ml*24）卡皮巴拉,189,5411.7882
2026-7-20,京东,京东POP,三元3.3g方白纯牛奶（250mL*24）,458,14074.3858
2026-7-20,京东,京东POP,三元3.3g方白脱脂无菌砖(250ml*24),69,1884.7764
2026-7-20,京东,京东POP,三元北京纯牛奶低脂（250mL*10）,3,55.5405
2026-7-20,京东,京东POP,三元北京纯牛奶全脂（250mL*10）,580,10728.724
2026-7-20,京东,京东POP,三元纯牛奶足球礼盒（250ml*12）,10,212.1
2026-7-20,京东,京东POP,体验装 200M单盒,48,57.733
2026-7-20,京东,京东POP,常温版极致三代全脂纯牛奶,35,759.6365
2026-7-20,京东,京东POP,极小智有机A2纯牛奶200mL*10,52,961.0276
2026-7-20,京东,京东POP,极致A2精巧装200ml*10,217,3384.9179
2026-7-20,京东,京东POP,极致三代低脂纯牛奶（250ml*12）,9,195.6825
2026-7-20,京东,京东POP,极致高品质全脂纯牛奶（250ml*16）,310,8404.348
2026-7-20,京东,京东POP,梦幻盖极致A2纯牛奶250ml*12,13,411.1796
2026-7-20,京东,京东POP,梦幻盖极致有机纯牛奶（250ml*12）,21,557.3589
2026-7-20,京东,京东POP,简卡原味钻酸奶200g*10,2,44.0074
2026-7-20,京东,京东POP,钻石装极致有机纯牛奶（200ml*10）,71,1451.3323
2026-7-20,天猫,猫旗,250S极致娟姗纯牛奶250mL*12,14,305.1734
2026-7-20,天猫,猫旗,250S极致有机纯牛奶250mL*12,10,241.258
2026-7-20,天猫,猫旗,250ml方巧(1*24),107,3430.6875
2026-7-20,天猫,猫旗,250ml舒释奶（全脂)(1*12),6,119.3322
2026-7-20,天猫,猫旗,三元3.3g全脂纯牛奶无菌砖（200ml*24）卡皮巴拉,19,544.0422
2026-7-20,天猫,猫旗,三元3.3g方白纯牛奶（250mL*24）,943,28978.4843
2026-7-20,天猫,猫旗,三元3.3g方白脱脂无菌砖(250ml*24),70,1912.092
2026-7-20,天猫,猫旗,三元北京纯牛奶低脂（250mL*10）,3,55.5405
2026-7-20,天猫,猫旗,三元北京纯牛奶全脂（250mL*10）,14,258.9692
2026-7-20,天猫,猫旗,三元晚安牛奶（250ml*10）,8,207.8744
2026-7-20,天猫,猫旗,三元纯牛奶足球礼盒（250ml*12）,2,42.42
2026-7-20,天猫,猫旗,体验装 有机单盒,6,12.0629
2026-7-20,天猫,猫旗,体验装 极致A2精巧单盒,5,13.17883333
2026-7-20,天猫,猫旗,体验装 极致娟姗拆单盒,66,119.88955
2026-7-20,天猫,猫旗,体验装 特品脱脂拆单盒,48,47.7194
2026-7-20,天猫,猫旗,体验装单盒方巧,150,200.390625
2026-7-20,天猫,猫旗,体验装单盒特品,216,262.4733
2026-7-20,天猫,猫旗,北京纯全脂拆单盒,140,258.9692
2026-7-20,天猫,猫旗,小方白卡皮巴拉脱脂纯牛奶（200mL*24）,14,334.0358
2026-7-20,天猫,猫旗,常温版极致三代全脂纯牛奶,13,282.1507
2026-7-20,天猫,猫旗,极小智有机A2纯牛奶200mL*10,12,221.7756
2026-7-20,天猫,猫旗,极致A2精巧装200ml*10,33,514.7571
2026-7-20,天猫,猫旗,极致三代低脂纯牛奶（250ml*12）,22,478.335
2026-7-20,天猫,猫旗,极致高品质全脂纯牛奶（250ml*16）,130,3524.404
2026-7-20,天猫,猫旗,梦幻盖极致A2纯牛奶250ml*12,8,253.0336
2026-7-20,天猫,猫旗,梦幻盖极致有机纯牛奶（250ml*12）,18,477.7362
2026-7-20,天猫,猫旗,简卡原味钻酸奶200g*10,6,132.0222
2026-7-20,天猫,猫旗,钻石装极致有机纯牛奶（200ml*10）,1,20.4413
2026-7-20,小程序及其他,小程序及其他,250ml方巧(1*24),7,224.4375
2026-7-20,小程序及其他,小程序及其他,250ml舒释奶（全脂)(1*12),3,59.6661
2026-7-20,小程序及其他,小程序及其他,三元3.3g全脂纯牛奶无菌砖（200ml*24）卡皮巴拉,5,143.169
2026-7-20,小程序及其他,小程序及其他,三元3.3g方白纯牛奶（250mL*24）,409,12568.6109
2026-7-20,小程序及其他,小程序及其他,三元3.3g方白脱脂无菌砖(250ml*24),18,491.6808
2026-7-20,小程序及其他,小程序及其他,三元A2纯牛奶DS200ml*10,10,153.007
2026-7-20,小程序及其他,小程序及其他,三元北京纯牛奶低脂（250mL*10）,7,129.5945
2026-7-20,小程序及其他,小程序及其他,三元北京纯牛奶全脂（250mL*10）,4,73.9912
2026-7-20,小程序及其他,小程序及其他,三元晚安牛奶（250ml*10）,6,155.9058
2026-7-20,小程序及其他,小程序及其他,北京纯低脂拆单盒,18,33.3243
2026-7-20,小程序及其他,小程序及其他,小方白卡皮巴拉脱脂纯牛奶（200mL*24）,4,95.4388
2026-7-20,小程序及其他,小程序及其他,常温版极致三代全脂纯牛奶,47,1020.0833
2026-7-20,小程序及其他,小程序及其他,极小智有机A2纯牛奶200mL*10,1,18.4813
2026-7-20,小程序及其他,小程序及其他,极致A2精巧装200ml*10,164,2558.1868
2026-7-20,小程序及其他,小程序及其他,极致三代低脂纯牛奶（250ml*12）,87,1891.5975
2026-7-20,小程序及其他,小程序及其他,极致高品质全脂纯牛奶（250ml*16）,4,108.4432
2026-7-20,小程序及其他,小程序及其他,梦幻盖极致A2纯牛奶250ml*12,22,695.8424
2026-7-20,小程序及其他,小程序及其他,梦幻盖极致有机纯牛奶（250ml*12）,3,79.6227
2026-7-20,小程序及其他,小程序及其他,简卡原味钻酸奶200g*10,34,748.1258
2026-7-20,小程序及其他,小程序及其他,钻石装极致有机纯牛奶（200ml*10）,30,613.239
2026-7-20,抖音,抖音,250S极致娟姗纯牛奶250mL*12,254,5536.7174
2026-7-20,抖音,抖音,250ml方巧(1*24),201,6444.5625
2026-7-20,抖音,抖音,三元3.3g全脂纯牛奶无菌砖（200ml*24）卡皮巴拉,15,429.507
2026-7-20,抖音,抖音,三元3.3g方白纯牛奶（250mL*24）,3252,99934.2852
2026-7-20,抖音,抖音,三元3.3g方白脱脂无菌砖(250ml*24),273,7457.1588
2026-7-20,抖音,抖音,三元北京纯牛奶低脂（250mL*10）,14,259.189
2026-7-20,抖音,抖音,三元北京纯牛奶全脂（250mL*10）,22,406.9516
2026-7-20,抖音,抖音,三元晚安牛奶（250ml*10）,15,389.7645
2026-7-20,抖音,抖音,三元纯牛奶足球礼盒（250ml*12）,567,12026.07
2026-7-20,抖音,抖音,北京纯低脂拆单盒,24,44.4324
2026-7-20,抖音,抖音,北京纯全脂拆单盒,1880,3477.5864
2026-7-20,抖音,抖音,听装三元畅倍益益生菌奶粉700g*6,1,0
2026-7-20,抖音,抖音,小方白卡皮巴拉脱脂纯牛奶（200mL*24）,6,143.1582
2026-7-20,抖音,抖音,常温版极致三代全脂纯牛奶,66,1432.4574
2026-7-20,抖音,抖音,极小智有机A2纯牛奶200mL*10,2,36.9626
2026-7-20,抖音,抖音,极致A2精巧装200ml*10,76,1185.5012
2026-7-20,抖音,抖音,极致三代低脂纯牛奶（250ml*12）,29,630.5325
2026-7-20,抖音,抖音,极致高品质全脂纯牛奶（250ml*16）,1053,28547.6724
2026-7-20,抖音,抖音,梦幻盖极致有机纯牛奶（250ml*12）,15,398.1135
2026-7-20,抖音,抖音,简卡原味钻酸奶200g*10,3,66.0111
2026-7-20,抖音,抖音,钻石装极致有机纯牛奶（200ml*10）,9,183.9717
2026-7-20,拼多多,拼多多,250S极致娟姗纯牛奶250mL*12,8,174.3848
2026-7-20,拼多多,拼多多,250ml方巧(1*24),26,833.625
2026-7-20,拼多多,拼多多,250ml舒释奶（全脂)(1*12),21,417.6627
2026-7-20,拼多多,拼多多,三元3.3g方白纯牛奶（250mL*24）,1036,31836.3836
2026-7-20,拼多多,拼多多,三元3.3g方白脱脂无菌砖(250ml*24),1052,28736.0112
2026-7-20,拼多多,拼多多,三元北京纯牛奶全脂（250mL*10）,4,73.9912
2026-7-20,拼多多,拼多多,三元晚安牛奶（250ml*10）,1,25.9843
2026-7-20,拼多多,拼多多,体验装单盒方巧,136,181.6875
2026-7-20,拼多多,拼多多,小方白卡皮巴拉脱脂纯牛奶（200mL*24）,53,1264.5641
2026-7-20,拼多多,拼多多,常温版极致三代全脂纯牛奶,2,43.4078
2026-7-20,拼多多,拼多多,极小智有机A2纯牛奶200mL*10,7,129.3691
2026-7-20,拼多多,拼多多,极致A2精巧装200ml*10,22,343.1714
2026-7-20,拼多多,拼多多,极致三代低脂纯牛奶（250ml*12）,6,130.455
2026-7-20,拼多多,拼多多,极致高品质全脂纯牛奶（250ml*16）,96,2602.6368
2026-7-20,拼多多,拼多多,梦幻盖极致有机纯牛奶（250ml*12）,14,371.5726
2026-7-20,拼多多,拼多多,钻石装极致有机纯牛奶（200ml*10）,6,122.6478
2026-7-20,新零售,新零售,250S极致娟姗纯牛奶250mL*12,1,21.7981
2026-7-20,新零售,新零售,三元3.3g方白纯牛奶（250mL*24）,23,706.7923
2026-7-20,新零售,新零售,三元3.3g方白脱脂无菌砖(250ml*24),11,300.4716
2026-7-20,新零售,新零售,三元北京纯牛奶全脂（250mL*10）,676,12504.5128
2026-7-20,新零售,新零售,极小智有机A2纯牛奶200mL*10,4,73.9252
2026-7-20,新零售,新零售,极致三代低脂纯牛奶（250ml*12）,5,108.7125
2026-7-20,新零售,新零售,梦幻盖极致有机纯牛奶（250ml*12）,3,79.6227
2026-7-21,京东,京东POP,250S极致娟姗纯牛奶250mL*12,11,239.7791
2026-7-21,京东,京东POP,250S极致有机纯牛奶250mL*12,4,96.5032
2026-7-21,京东,京东POP,250ml方巧(1*24),31,993.9375
2026-7-21,京东,京东POP,250ml舒释奶（全脂)(1*12),26,517.1062
2026-7-21,京东,京东POP,三元3.3g全脂纯牛奶无菌砖（200ml*24）卡皮巴拉,202,5784.0276
2026-7-21,京东,京东POP,三元3.3g方白纯牛奶（250mL*24）,442,13582.7042
2026-7-21,京东,京东POP,三元3.3g方白脱脂无菌砖(250ml*24),81,2212.5636
2026-7-21,京东,京东POP,三元北京纯牛奶低脂（250mL*10）,1,18.5135
2026-7-21,京东,京东POP,三元北京纯牛奶全脂（250mL*10）,464,8582.9792
2026-7-21,京东,京东POP,三元纯牛奶足球礼盒（250ml*12）,6,127.26
2026-7-21,京东,京东POP,体验装 200M单盒,42,50.516375
2026-7-21,京东,京东POP,体验装单盒方巧,4,5.34375
2026-7-21,京东,京东POP,常温版极致三代全脂纯牛奶,16,347.2624
2026-7-21,京东,京东POP,极小智有机A2纯牛奶200mL*10,56,1034.9528
2026-7-21,京东,京东POP,极致A2精巧装200ml*10,221,3447.3127
2026-7-21,京东,京东POP,极致三代低脂纯牛奶（250ml*12）,15,326.1375
2026-7-21,京东,京东POP,极致高品质全脂纯牛奶（250ml*16）,83,2250.1964
2026-7-21,京东,京东POP,梦幻盖极致A2纯牛奶250ml*12,9,284.6628
2026-7-21,京东,京东POP,梦幻盖极致有机纯牛奶（250ml*12）,35,928.9315
2026-7-21,京东,京东POP,简卡原味钻酸奶200g*10,6,132.0222
2026-7-21,京东,京东POP,钻石装极致有机纯牛奶（200ml*10）,72,1471.7736
2026-7-21,天猫,猫旗,250S极致娟姗纯牛奶250mL*12,16,348.7696
2026-7-21,天猫,猫旗,250S极致有机纯牛奶250mL*12,12,289.5096
2026-7-21,天猫,猫旗,250ml方巧(1*24),80,2565
2026-7-21,天猫,猫旗,250ml舒释奶（全脂)(1*12),6,119.3322
2026-7-21,天猫,猫旗,三元3.3g全脂纯牛奶无菌砖（200ml*24）卡皮巴拉,20,572.676
2026-7-21,天猫,猫旗,三元3.3g方白纯牛奶（250mL*24）,891,27380.5191
2026-7-21,天猫,猫旗,三元3.3g方白脱脂无菌砖(250ml*24),86,2349.1416
2026-7-21,天猫,猫旗,三元北京纯牛奶低脂（250mL*10）,3,55.5405
2026-7-21,天猫,猫旗,三元北京纯牛奶全脂（250mL*10）,15,277.467
2026-7-21,天猫,猫旗,三元晚安牛奶（250ml*10）,2,51.9686
2026-7-21,天猫,猫旗,体验装 有机单盒,6,12.0629
2026-7-21,天猫,猫旗,体验装 极全单盒,12,20.3331
2026-7-21,天猫,猫旗,体验装 极致A2精巧单盒,6,15.8146
2026-7-21,天猫,猫旗,体验装 极致娟姗拆单盒,76,138.0546333
2026-7-21,天猫,猫旗,体验装 特品脱脂拆单盒,48,47.7194
2026-7-21,天猫,猫旗,体验装单盒方巧,126,168.328125
2026-7-21,天猫,猫旗,体验装单盒特品,168,204.1459
2026-7-21,天猫,猫旗,北京纯全脂拆单盒,114,210.87492
2026-7-21,天猫,猫旗,小方白卡皮巴拉脱脂纯牛奶（200mL*24）,15,357.8955
2026-7-21,天猫,猫旗,常温版极致三代全脂纯牛奶,2,43.4078
2026-7-21,天猫,猫旗,极小智有机A2纯牛奶200mL*10,15,277.2195
2026-7-21,天猫,猫旗,极致A2精巧装200ml*10,28,436.7636
2026-7-21,天猫,猫旗,极致三代低脂纯牛奶（250ml*12）,21,456.5925
2026-7-21,天猫,猫旗,极致高品质全脂纯牛奶（250ml*16）,97,2629.7476
2026-7-21,天猫,猫旗,梦幻盖极致A2纯牛奶250ml*12,3,94.8876
2026-7-21,天猫,猫旗,梦幻盖极致有机纯牛奶（250ml*12）,9,238.8681
2026-7-21,天猫,猫旗,简卡原味钻酸奶200g*10,15,330.0555
2026-7-21,天猫,猫旗,芭芭农场DM单,1,0
2026-7-21,天猫,猫旗,芭芭农场纸箱,1,0
2026-7-21,天猫,猫旗,钻石装极致有机纯牛奶（200ml*10）,1,20.4413
2026-7-21,天猫,猫超,250ML利乐砖高钙牛奶(1*20),252,6662.5524
2026-7-21,天猫,猫超,250S极致娟姗纯牛奶250mL*12,52,1133.5012
2026-7-21,天猫,猫超,250ml方巧(1*24),1420,45528.75
2026-7-21,天猫,猫超,三元3.2g小方枕全脂利乐枕-电商(227ml*16),651,13211.394
2026-7-21,天猫,猫超,三元3.3g全脂纯牛奶无菌砖（200ml*24）卡皮巴拉,16298,466673.6724
2026-7-21,天猫,猫超,三元3.3g方白纯牛奶（250mL*24）,2336,71785.5136
2026-7-21,天猫,猫超,三元3.3g方白脱脂无菌砖(250ml*24),1058,28899.9048
2026-7-21,天猫,猫超,冰岛式酸奶（200g*24）,325,14571.895
2026-7-21,天猫,猫超,小方白卡皮巴拉低脂高钙牛奶（200mL*24）,259,6816.7764
2026-7-21,天猫,猫超,小方白卡皮巴拉脱脂纯牛奶（200mL*24）,1462,34882.8814
2026-7-21,天猫,猫超,极小智有机A2纯牛奶200mL*10,236,4361.5868
2026-7-21,天猫,猫超,极致A2精巧装200ml*10,353,5506.3411
2026-7-21,天猫,猫超,极致三代低脂纯牛奶（250ml*12）,22,478.335
2026-7-21,天猫,猫超,极致高品质全脂纯牛奶（250ml*16）,876,23749.0608
2026-7-21,天猫,猫超,梦幻盖极致有机纯牛奶（250ml*12）,410,10881.769
2026-7-21,天猫,猫超,简卡原味钻酸奶200g*10,45,990.1665
2026-7-21,天猫,猫超,钻石包极致有机纯牛奶（200ml*21）,1754,63596.3566
2026-7-21,小程序及其他,小程序及其他,250S极致有机纯牛奶250mL*12,10,241.258
2026-7-21,小程序及其他,小程序及其他,250ml方巧(1*24),11,352.6875
2026-7-21,小程序及其他,小程序及其他,三元3.3g全脂纯牛奶无菌砖（200ml*24）卡皮巴拉,1,28.6338
2026-7-21,小程序及其他,小程序及其他,三元3.3g方白纯牛奶（250mL*24）,311,9557.0611
2026-7-21,小程序及其他,小程序及其他,三元3.3g方白脱脂无菌砖(250ml*24),14,382.4184
2026-7-21,小程序及其他,小程序及其他,三元北京纯牛奶低脂（250mL*10）,5,92.5675
2026-7-21,小程序及其他,小程序及其他,三元北京纯牛奶全脂（250mL*10）,3,55.4934
2026-7-21,小程序及其他,小程序及其他,三元晚安牛奶（250ml*10）,6,155.9058
2026-7-21,小程序及其他,小程序及其他,小方白卡皮巴拉脱脂纯牛奶（200mL*24）,7,167.0179
2026-7-21,小程序及其他,小程序及其他,常温版极致三代全脂纯牛奶,36,781.3404
2026-7-21,小程序及其他,小程序及其他,极小智有机A2纯牛奶200mL*10,10,184.813
2026-7-21,小程序及其他,小程序及其他,极致A2精巧装200ml*10,111,1731.4557
2026-7-21,小程序及其他,小程序及其他,极致三代低脂纯牛奶（250ml*12）,103,2239.4775
2026-7-21,小程序及其他,小程序及其他,极致高品质全脂纯牛奶（250ml*16）,4,108.4432
2026-7-21,小程序及其他,小程序及其他,梦幻盖极致A2纯牛奶250ml*12,22,695.8424
2026-7-21,小程序及其他,小程序及其他,简卡原味钻酸奶200g*10,36,792.1332
2026-7-21,小程序及其他,小程序及其他,钻石装极致有机纯牛奶（200ml*10）,26,531.4738
2026-7-21,抖音,抖音,250S极致娟姗纯牛奶250mL*12,334,7280.5654
2026-7-21,抖音,抖音,250ml方巧(1*24),162,5194.125
2026-7-21,抖音,抖音,250ml舒释奶（全脂)(1*12),1,19.8887
2026-7-21,抖音,抖音,三元3.3g全脂纯牛奶无菌砖（200ml*24）卡皮巴拉,13,372.2394
2026-7-21,抖音,抖音,三元3.3g方白纯牛奶（250mL*24）,2702,83032.7302
2026-7-21,抖音,抖音,三元3.3g方白脱脂无菌砖(250ml*24),216,5900.1696
2026-7-21,抖音,抖音,三元北京纯牛奶低脂（250mL*10）,23,425.8105
2026-7-21,抖音,抖音,三元北京纯牛奶全脂（250mL*10）,385,7121.653
2026-7-21,抖音,抖音,三元纯牛奶足球礼盒（250ml*12）,1294,27445.74
2026-7-21,抖音,抖音,北京纯低脂拆单盒,340,629.459
2026-7-21,抖音,抖音,北京纯全脂拆单盒,4608,8523.78624
2026-7-21,抖音,抖音,小方白卡皮巴拉脱脂纯牛奶（200mL*24）,4,95.4388
2026-7-21,抖音,抖音,常温版极致三代全脂纯牛奶,77,1671.2003
2026-7-21,抖音,抖音,极致A2精巧装200ml*10,45,701.9415
2026-7-21,抖音,抖音,极致三代低脂纯牛奶（250ml*12）,26,565.305
2026-7-21,抖音,抖音,极致高品质全脂纯牛奶（250ml*16）,1960,53137.168
2026-7-21,抖音,抖音,梦幻盖极致有机纯牛奶（250ml*12）,13,345.0317
2026-7-21,抖音,抖音,简卡原味钻酸奶200g*10,9,198.0333
2026-7-21,抖音,抖音,钻石装极致有机纯牛奶（200ml*10）,9,183.9717
2026-7-21,拼多多,拼多多,250S极致娟姗纯牛奶250mL*12,15,326.9715
2026-7-21,拼多多,拼多多,250ml方巧(1*24),25,801.5625
2026-7-21,拼多多,拼多多,250ml舒释奶（全脂)(1*12),23,457.4401
2026-7-21,拼多多,拼多多,三元3.3g方白纯牛奶（250mL*24）,1165,35800.5665
2026-7-21,拼多多,拼多多,三元3.3g方白脱脂无菌砖(250ml*24),950,25949.82
2026-7-21,拼多多,拼多多,三元北京纯牛奶全脂（250mL*10）,2,36.9956
2026-7-21,拼多多,拼多多,三元晚安牛奶（250ml*10）,2,51.9686
2026-7-21,拼多多,拼多多,体验装单盒方巧,120,160.3125
2026-7-21,拼多多,拼多多,小方白卡皮巴拉脱脂纯牛奶（200mL*24）,54,1288.4238
2026-7-21,拼多多,拼多多,常温版极致三代全脂纯牛奶,2,43.4078
2026-7-21,拼多多,拼多多,极小智有机A2纯牛奶200mL*10,20,369.626
2026-7-21,拼多多,拼多多,极致A2精巧装200ml*10,9,140.3883
2026-7-21,拼多多,拼多多,极致三代低脂纯牛奶（250ml*12）,5,108.7125
2026-7-21,拼多多,拼多多,极致高品质全脂纯牛奶（250ml*16）,56,1518.2048
2026-7-21,拼多多,拼多多,梦幻盖极致A2纯牛奶250ml*12,2,63.2584
2026-7-21,拼多多,拼多多,梦幻盖极致有机纯牛奶（250ml*12）,8,212.3272
2026-7-21,拼多多,拼多多,钻石装极致有机纯牛奶（200ml*10）,6,122.6478
2026-7-21,新零售,新零售,200M特品纯牛奶（200ml*24）,4080,118987.896
2026-7-21,新零售,新零售,200S极致有机纯牛奶200mL*10,7308,131231.2176
2026-7-21,新零售,新零售,250ML利乐砖高钙牛奶(1*20),331,8751.2097
2026-7-21,新零售,新零售,250S极致娟姗纯牛奶250mL*12,1997,43530.8057
2026-7-21,新零售,新零售,250ml方巧(1*24),1510,48414.375
2026-7-21,新零售,新零售,三元3.2g小方枕全脂利乐枕-电商(227ml*16),1164,23622.216
2026-7-21,新零售,新零售,三元3.3g全脂纯牛奶无菌砖（200ml*24）卡皮巴拉,3157,90396.9066
2026-7-21,新零售,新零售,三元3.3g方白纯牛奶（250mL*24）,5721,175806.9021
2026-7-21,新零售,新零售,三元3.3g方白脱脂无菌砖(250ml*24),1634,44633.6904
2026-7-21,新零售,新零售,常温版极致三代全脂纯牛奶,1628,35333.9492
2026-7-21,新零售,新零售,极小智有机A2纯牛奶200mL*10,9,166.3317
2026-7-21,新零售,新零售,极致A2精巧装200mL*20,1500,42802.65
2026-7-21,新零售,新零售,极致A2精巧装200ml*10,468,7300.1916
2026-7-21,新零售,新零售,极致三代低脂纯牛奶（250ml*12）,2266,49268.505
2026-7-21,新零售,新零售,极致高品质全脂纯牛奶（250ml*16）,134,3632.8472
2026-7-21,新零售,新零售,梦幻盖极致有机纯牛奶（250ml*12）,1868,49578.4012
2026-7-21,新零售,新零售,简卡原味钻酸奶200g*10,392,8625.4504
2026-7-21,新零售,新零售,钻石包极致有机纯牛奶（200ml*21）,68,2465.5372
2026-7-22,京东,京东POP,250S极致娟姗纯牛奶250mL*12,9,196.1829
2026-7-22,京东,京东POP,250ml方巧(1*24),53,1699.3125
2026-7-22,京东,京东POP,250ml舒释奶（全脂)(1*12),31,616.5497
2026-7-22,京东,京东POP,三元3.3g全脂纯牛奶无菌砖（200ml*24）卡皮巴拉,126,3607.8588
2026-7-22,京东,京东POP,三元3.3g方白纯牛奶（250mL*24）,662,20343.3262
2026-7-22,京东,京东POP,三元3.3g方白脱脂无菌砖(250ml*24),81,2212.5636
2026-7-22,京东,京东POP,三元北京纯牛奶低脂（250mL*10）,2,37.027
2026-7-22,京东,京东POP,三元北京纯牛奶全脂（250mL*10）,473,8749.4594
2026-7-22,京东,京东POP,三元纯牛奶足球礼盒（250ml*12）,10,212.1
2026-7-22,京东,京东POP,体验装 200M单盒,24,28.8665
2026-7-22,京东,京东POP,体验装 极全单盒,3,5.083275
2026-7-22,京东,京东POP,体验装单盒方巧,4,5.34375
2026-7-22,京东,京东POP,常温版极致三代全脂纯牛奶,29,629.4131
2026-7-22,京东,京东POP,极小智有机A2纯牛奶200mL*10,46,850.1398
2026-7-22,京东,京东POP,极致A2精巧装200ml*10,223,3478.5101
2026-7-22,京东,京东POP,极致三代低脂纯牛奶（250ml*12）,4,86.97
2026-7-22,京东,京东POP,极致高品质全脂纯牛奶（250ml*16）,52,1409.7616
2026-7-22,京东,京东POP,梦幻盖极致A2纯牛奶250ml*12,11,347.9212
2026-7-22,京东,京东POP,梦幻盖极致有机纯牛奶（250ml*12）,25,663.5225
2026-7-22,京东,京东POP,简卡原味钻酸奶200g*10,2,44.0074
2026-7-22,京东,京东POP,钻石装极致有机纯牛奶（200ml*10）,54,1103.8302
2026-7-22,京东,京东自营,250ML利乐砖高钙牛奶(1*20),4508,119185.6596
2026-7-22,京东,京东自营,250S极致有机纯牛奶250mL*12,996,24029.2968
2026-7-22,京东,京东自营,三元3.3g方白脱脂无菌砖(250ml*24),9416,257203.6896
2026-7-22,京东,京东自营,常温版极致三代全脂纯牛奶,2276,49398.0764
2026-7-22,京东,京东自营,极小智有机A2纯牛奶200mL*10,3438,63538.7094
2026-7-22,京东,京东自营,极致4.0高蛋白纯牛奶250mL*24,1965,102308.3145
2026-7-22,京东,京东自营,极致三代低脂纯牛奶（250ml*12）,2288,49746.84
2026-7-22,京东,京东自营,梦幻盖极致A2纯牛奶250ml*12,1224,38714.1408
2026-7-22,京东,京东自营,梦幻盖极致娟姗纯牛奶（250ml*10）,1984,53000.7744
2026-7-22,京东,京东自营,简卡原味钻酸奶200g*10,179,3938.6623
2026-7-22,天猫,猫旗,250S极致娟姗纯牛奶250mL*12,27,588.5487
2026-7-22,天猫,猫旗,250S极致有机纯牛奶250mL*12,6,144.7548
2026-7-22,天猫,猫旗,250ml方巧(1*24),77,2468.8125
2026-7-22,天猫,猫旗,250ml舒释奶（全脂)(1*12),16,318.2192
2026-7-22,天猫,猫旗,丁禹兮水杯,4,0
2026-7-22,天猫,猫旗,三元3.3g全脂纯牛奶无菌砖（200ml*24）卡皮巴拉,22,629.9436
2026-7-22,天猫,猫旗,三元3.3g方白纯牛奶（250mL*24）,691,21234.4991
2026-7-22,天猫,猫旗,三元3.3g方白脱脂无菌砖(250ml*24),63,1720.8828
2026-7-22,天猫,猫旗,三元北京纯牛奶低脂（250mL*10）,1,18.5135
2026-7-22,天猫,猫旗,三元北京纯牛奶全脂（250mL*10）,7,129.4846
2026-7-22,天猫,猫旗,三元晚安牛奶（250ml*10）,7,181.8901
2026-7-22,天猫,猫旗,体验装 有机单盒,24,48.2516
2026-7-22,天猫,猫旗,体验装 极致A2精巧单盒,6,15.8146
2026-7-22,天猫,猫旗,体验装 极致娟姗拆单盒,30,54.49525
2026-7-22,天猫,猫旗,体验装 特品脱脂拆单盒,84,83.50895
2026-7-22,天猫,猫旗,体验装单盒方巧,168,224.4375
2026-7-22,天猫,猫旗,体验装单盒特品,120,145.8185
2026-7-22,天猫,猫旗,北京纯全脂拆单盒,142,262.66876
2026-7-22,天猫,猫旗,小方白卡皮巴拉脱脂纯牛奶（200mL*24）,9,214.7373
2026-7-22,天猫,猫旗,常温版极致三代全脂纯牛奶,3,65.1117
2026-7-22,天猫,猫旗,极小智有机A2纯牛奶200mL*10,8,147.8504
2026-7-22,天猫,猫旗,极致A2精巧装200ml*10,28,436.7636
2026-7-22,天猫,猫旗,极致三代低脂纯牛奶（250ml*12）,20,434.85
2026-7-22,天猫,猫旗,极致高品质全脂纯牛奶（250ml*16）,93,2521.3044
2026-7-22,天猫,猫旗,梦幻盖极致有机纯牛奶（250ml*12）,14,371.5726
2026-7-22,天猫,猫旗,简卡原味钻酸奶200g*10,6,132.0222
2026-7-22,天猫,猫旗,芭芭农场DM单,1,0
2026-7-22,天猫,猫旗,芭芭农场纸箱,1,0
2026-7-22,天猫,猫超,三元3.2g小方枕全脂利乐枕-电商(227ml*16),350,7102.9
2026-7-22,天猫,猫超,三元北京纯牛奶全脂（250mL*10）,500,9248.9
2026-7-22,小程序及其他,小程序及其他,250S极致有机纯牛奶250mL*12,13,313.6354
2026-7-22,小程序及其他,小程序及其他,250ml方巧(1*24),9,288.5625
2026-7-22,小程序及其他,小程序及其他,250ml舒释奶（全脂)(1*12),7,139.2209
2026-7-22,小程序及其他,小程序及其他,三元3.3g全脂纯牛奶无菌砖（200ml*24）卡皮巴拉,8,229.0704
2026-7-22,小程序及其他,小程序及其他,三元3.3g方白纯牛奶（250mL*24）,375,11523.7875
2026-7-22,小程序及其他,小程序及其他,三元3.3g方白脱脂无菌砖(250ml*24),21,573.6276
2026-7-22,小程序及其他,小程序及其他,三元A2纯牛奶DS200ml*10,8,122.4056
2026-7-22,小程序及其他,小程序及其他,三元北京纯牛奶低脂（250mL*10）,9,166.6215
2026-7-22,小程序及其他,小程序及其他,三元北京纯牛奶全脂（250mL*10）,4,73.9912
2026-7-22,小程序及其他,小程序及其他,三元晚安牛奶（250ml*10）,21,545.6703
2026-7-22,小程序及其他,小程序及其他,北京纯低脂拆单盒,8,14.8108
2026-7-22,小程序及其他,小程序及其他,小方白卡皮巴拉脱脂纯牛奶（200mL*24）,10,238.597
2026-7-22,小程序及其他,小程序及其他,常温版极致三代全脂纯牛奶,44,954.9716
2026-7-22,小程序及其他,小程序及其他,极小智有机A2纯牛奶200mL*10,6,110.8878
2026-7-22,小程序及其他,小程序及其他,极致A2精巧装200ml*10,100,1559.87
2026-7-22,小程序及其他,小程序及其他,极致三代低脂纯牛奶（250ml*12）,90,1956.825
2026-7-22,小程序及其他,小程序及其他,极致高品质全脂纯牛奶（250ml*16）,2,54.2216
2026-7-22,小程序及其他,小程序及其他,梦幻盖极致A2纯牛奶250ml*12,29,917.2468
2026-7-22,小程序及其他,小程序及其他,梦幻盖极致有机纯牛奶（250ml*12）,8,212.3272
2026-7-22,小程序及其他,小程序及其他,浮球杯,1,0
2026-7-22,小程序及其他,小程序及其他,简卡原味钻酸奶200g*10,28,616.1036
2026-7-22,小程序及其他,小程序及其他,钻石装极致有机纯牛奶（200ml*10）,21,429.2673
2026-7-22,抖音,抖音,250S极致娟姗纯牛奶250mL*12,69,1504.0689
2026-7-22,抖音,抖音,250ml方巧(1*24),72,2308.5
2026-7-22,抖音,抖音,丁禹兮水杯,12,0
2026-7-22,抖音,抖音,三元3.3g全脂纯牛奶无菌砖（200ml*24）卡皮巴拉,10,286.338
2026-7-22,抖音,抖音,三元3.3g方白纯牛奶（250mL*24）,1576,48430.6376
2026-7-22,抖音,抖音,三元3.3g方白脱脂无菌砖(250ml*24),124,3387.1344
2026-7-22,抖音,抖音,三元北京纯牛奶全脂（250mL*10）,46,850.8988
2026-7-22,抖音,抖音,三元纯牛奶足球礼盒（250ml*12）,138,2926.98
2026-7-22,抖音,抖音,冰霸杯,11,0
2026-7-22,抖音,抖音,北京纯全脂拆单盒,1290,2386.2162
2026-7-22,抖音,抖音,听装三元畅倍益益生菌奶粉700g*6,2,0
2026-7-22,抖音,抖音,小方白卡皮巴拉脱脂纯牛奶（200mL*24）,16,381.7552
2026-7-22,抖音,抖音,常温版极致三代全脂纯牛奶,4,86.8156
2026-7-22,抖音,抖音,月亮椅,51,0
2026-7-22,抖音,抖音,极小智有机A2纯牛奶200mL*10,1,18.4813
2026-7-22,抖音,抖音,极致A2精巧装200ml*10,47,733.1389
2026-7-22,抖音,抖音,极致三代低脂纯牛奶（250ml*12）,24,521.82
2026-7-22,抖音,抖音,极致高品质全脂纯牛奶（250ml*16）,193,5232.3844
2026-7-22,抖音,抖音,梦幻盖极致有机纯牛奶（250ml*12）,3,79.6227
2026-7-22,抖音,抖音,简卡原味钻酸奶200g*10,4,88.0148
2026-7-22,抖音,抖音,赠品保温杯,28,0
2026-7-22,抖音,抖音,钻石装极致有机纯牛奶（200ml*10）,6,122.6478
2026-7-22,抖音,抖音,铅笔套装,1,0
2026-7-22,拼多多,拼多多,250S极致娟姗纯牛奶250mL*12,6,130.7886
2026-7-22,拼多多,拼多多,250ml方巧(1*24),17,545.0625
2026-7-22,拼多多,拼多多,250ml舒释奶（全脂)(1*12),17,338.1079
2026-7-22,拼多多,拼多多,丁禹兮水杯,3,0
2026-7-22,拼多多,拼多多,三元3.3g方白纯牛奶（250mL*24）,1129,34694.2829
2026-7-22,拼多多,拼多多,三元3.3g方白脱脂无菌砖(250ml*24),980,26769.288
2026-7-22,拼多多,拼多多,三元北京纯牛奶全脂（250mL*10）,3,55.4934
2026-7-22,拼多多,拼多多,三元晚安牛奶（250ml*10）,1,25.9843
2026-7-22,拼多多,拼多多,体验装单盒方巧,176,235.125
2026-7-22,拼多多,拼多多,小方白卡皮巴拉脱脂纯牛奶（200mL*24）,40,954.388
2026-7-22,拼多多,拼多多,常温版极致三代全脂纯牛奶,2,43.4078
2026-7-22,拼多多,拼多多,极小智有机A2纯牛奶200mL*10,8,147.8504
2026-7-22,拼多多,拼多多,极致A2精巧装200ml*10,13,202.7831
2026-7-22,拼多多,拼多多,极致三代低脂纯牛奶（250ml*12）,11,239.1675
2026-7-22,拼多多,拼多多,极致高品质全脂纯牛奶（250ml*16）,81,2195.9748
2026-7-22,拼多多,拼多多,梦幻盖极致有机纯牛奶（250ml*12）,19,504.2771
2026-7-22,拼多多,拼多多,简卡原味钻酸奶200g*10,4,88.0148
2026-7-22,拼多多,拼多多,钻石装极致有机纯牛奶（200ml*10）,12,245.2956
2026-7-22,新零售,新零售,200S极致有机纯牛奶200mL*10,222,3986.4984
2026-7-22,新零售,新零售,250S极致娟姗纯牛奶250mL*12,100,2179.81
2026-7-22,新零售,新零售,250ml方巧(1*24),45,1442.8125
2026-7-22,新零售,新零售,三元3.2g小方枕全脂利乐枕-电商(227ml*16),1512,30684.528
2026-7-22,新零售,新零售,三元3.3g全脂纯牛奶无菌砖（200ml*24）卡皮巴拉,283,8103.3654
2026-7-22,新零售,新零售,三元3.3g方白纯牛奶（250mL*24）,6016,184872.2816
2026-7-22,新零售,新零售,三元3.3g方白脱脂无菌砖(250ml*24),84,2294.5104
2026-7-22,新零售,新零售,三元北京纯牛奶全脂（250mL*10）,339,6270.7542
2026-7-22,新零售,新零售,常温版极致三代全脂纯牛奶,40,868.156
2026-7-22,新零售,新零售,极小智有机A2纯牛奶200mL*10,8,147.8504
2026-7-22,新零售,新零售,极致三代低脂纯牛奶（250ml*12）,34,739.245
2026-7-22,新零售,新零售,极致高品质全脂纯牛奶（250ml*16）,8,216.8864
2026-7-22,新零售,新零售,梦幻盖极致有机纯牛奶（250ml*12）,36,955.4724
2026-7-23,京东,京东POP,250S极致娟姗纯牛奶250mL*12,9,196.1829
2026-7-23,京东,京东POP,250S极致有机纯牛奶250mL*12,5,120.629
2026-7-23,京东,京东POP,250ml方巧(1*24),18,577.125
2026-7-23,京东,京东POP,250ml舒释奶（全脂)(1*12),33,656.3271
2026-7-23,京东,京东POP,三元3.3g全脂纯牛奶无菌砖（200ml*24）卡皮巴拉,239,6843.4782
2026-7-23,京东,京东POP,三元3.3g方白纯牛奶（250mL*24）,680,20896.468
2026-7-23,京东,京东POP,三元3.3g方白脱脂无菌砖(250ml*24),92,2513.0352
2026-7-23,京东,京东POP,三元北京纯牛奶低脂（250mL*10）,1,18.5135
2026-7-23,京东,京东POP,三元北京纯牛奶全脂（250mL*10）,585,10821.213
2026-7-23,京东,京东POP,三元纯牛奶足球礼盒（250ml*12）,6,127.26
2026-7-23,京东,京东POP,体验装 200M单盒,66,79.382875
2026-7-23,京东,京东POP,体验装单盒方巧,4,5.34375
2026-7-23,京东,京东POP,常温版极致三代全脂纯牛奶,147,3190.4733
2026-7-23,京东,京东POP,极小智有机A2纯牛奶200mL*10,46,850.1398
2026-7-23,京东,京东POP,极致A2精巧装200ml*10,197,3072.9439
2026-7-23,京东,京东POP,极致三代低脂纯牛奶（250ml*12）,14,304.395
2026-7-23,京东,京东POP,极致高品质全脂纯牛奶（250ml*16）,94,2548.4152
2026-7-23,京东,京东POP,梦幻盖极致A2纯牛奶250ml*12,13,411.1796
2026-7-23,京东,京东POP,梦幻盖极致有机纯牛奶（250ml*12）,58,1539.3722
2026-7-23,京东,京东POP,简卡原味钻酸奶200g*10,10,220.037
2026-7-23,京东,京东POP,钻石装极致有机纯牛奶（200ml*10）,96,1962.3648
2026-7-23,京东,京东自营,简卡原味钻酸奶200g*10,1573,34611.8201
2026-7-23,天猫,猫旗,250S极致娟姗纯牛奶250mL*12,25,544.9525
2026-7-23,天猫,猫旗,250S极致有机纯牛奶250mL*12,9,217.1322
2026-7-23,天猫,猫旗,250ml方巧(1*24),89,2853.5625
2026-7-23,天猫,猫旗,250ml舒释奶（全脂)(1*12),6,119.3322
2026-7-23,天猫,猫旗,三元3.3g全脂纯牛奶无菌砖（200ml*24）卡皮巴拉,32,916.2816
2026-7-23,天猫,猫旗,三元3.3g方白纯牛奶（250mL*24）,907,27872.2007
2026-7-23,天猫,猫旗,三元3.3g方白脱脂无菌砖(250ml*24),87,2376.4572
2026-7-23,天猫,猫旗,三元北京纯牛奶低脂（250mL*10）,1,18.5135
2026-7-23,天猫,猫旗,三元北京纯牛奶全脂（250mL*10）,18,332.9604
2026-7-23,天猫,猫旗,三元晚安牛奶（250ml*10）,11,285.8273
2026-7-23,天猫,猫旗,三元纯牛奶足球礼盒（250ml*12）,2,42.42
2026-7-23,天猫,猫旗,体验装 有机单盒,48,96.5032
2026-7-23,天猫,猫旗,体验装 极致A2精巧单盒,12,31.6292
2026-7-23,天猫,猫旗,体验装 极致娟姗拆单盒,114,207.08195
2026-7-23,天猫,猫旗,体验装 特品脱脂拆单盒,78,77.544025
2026-7-23,天猫,猫旗,体验装单盒方巧,174,232.453125
2026-7-23,天猫,猫旗,体验装单盒特品,138,167.691275
2026-7-23,天猫,猫旗,北京纯全脂拆单盒,140,258.9692
2026-7-23,天猫,猫旗,小方白卡皮巴拉脱脂纯牛奶（200mL*24）,17,405.6149
2026-7-23,天猫,猫旗,极小智有机A2纯牛奶200mL*10,5,92.4065
2026-7-23,天猫,猫旗,极致A2精巧装200ml*10,5,77.9935
2026-7-23,天猫,猫旗,极致三代低脂纯牛奶（250ml*12）,28,608.79
2026-7-23,天猫,猫旗,极致高品质全脂纯牛奶（250ml*16）,86,2331.5288
2026-7-23,天猫,猫旗,梦幻盖极致A2纯牛奶250ml*12,3,94.8876
2026-7-23,天猫,猫旗,梦幻盖极致有机纯牛奶（250ml*12）,17,451.1953
2026-7-23,天猫,猫旗,简卡原味钻酸奶200g*10,8,176.0296
2026-7-23,天猫,猫旗,芭芭农场DM单,2,0
2026-7-23,天猫,猫旗,芭芭农场纸箱,2,0
2026-7-23,天猫,猫旗,钻石装极致有机纯牛奶（200ml*10）,2,40.8826
2026-7-23,小程序及其他,小程序及其他,250S极致娟姗纯牛奶250mL*12,13,283.3753
2026-7-23,小程序及其他,小程序及其他,250S极致有机纯牛奶250mL*12,3,72.3774
2026-7-23,小程序及其他,小程序及其他,250ml方巧(1*24),28,897.75
2026-7-23,小程序及其他,小程序及其他,250ml舒释奶（全脂)(1*12),7,139.2209
2026-7-23,小程序及其他,小程序及其他,三元3.3g全脂纯牛奶无菌砖（200ml*24）卡皮巴拉,4,114.5352
2026-7-23,小程序及其他,小程序及其他,三元3.3g方白纯牛奶（250mL*24）,433,13306.1333
2026-7-23,小程序及其他,小程序及其他,三元3.3g方白脱脂无菌砖(250ml*24),109,2977.4004
2026-7-23,小程序及其他,小程序及其他,三元A2纯牛奶DS200ml*10,5,76.5035
2026-7-23,小程序及其他,小程序及其他,三元北京纯牛奶低脂（250mL*10）,2,37.027
2026-7-23,小程序及其他,小程序及其他,三元北京纯牛奶全脂（250mL*10）,2,36.9956
2026-7-23,小程序及其他,小程序及其他,三元晚安牛奶（250ml*10）,25,649.6075
2026-7-23,小程序及其他,小程序及其他,北京纯低脂拆单盒,10,18.5135
2026-7-23,小程序及其他,小程序及其他,小方白卡皮巴拉脱脂纯牛奶（200mL*24）,6,143.1582
2026-7-23,小程序及其他,小程序及其他,常温版极致三代全脂纯牛奶,46,998.3794
2026-7-23,小程序及其他,小程序及其他,极小智有机A2纯牛奶200mL*10,11,203.2943
2026-7-23,小程序及其他,小程序及其他,极致A2精巧装200ml*10,164,2558.1868
2026-7-23,小程序及其他,小程序及其他,极致三代低脂纯牛奶（250ml*12）,111,2413.4175
2026-7-23,小程序及其他,小程序及其他,极致高品质全脂纯牛奶（250ml*16）,4,108.4432
2026-7-23,小程序及其他,小程序及其他,梦幻盖极致A2纯牛奶250ml*12,38,1201.9096
2026-7-23,小程序及其他,小程序及其他,梦幻盖极致有机纯牛奶（250ml*12）,16,424.6544
2026-7-23,小程序及其他,小程序及其他,简卡原味钻酸奶200g*10,50,1100.185
2026-7-23,小程序及其他,小程序及其他,贴画,1,0
2026-7-23,小程序及其他,小程序及其他,钻石装极致有机纯牛奶（200ml*10）,28,572.3564
2026-7-23,抖音,抖音,250S极致娟姗纯牛奶250mL*12,50,1089.905
2026-7-23,抖音,抖音,250ml方巧(1*24),60,1923.75
2026-7-23,抖音,抖音,三元3.3g全脂纯牛奶无菌砖（200ml*24）卡皮巴拉,13,372.2394
2026-7-23,抖音,抖音,三元3.3g方白纯牛奶（250mL*24）,569,17485.4269
2026-7-23,抖音,抖音,三元3.3g方白脱脂无菌砖(250ml*24),52,1420.4112
2026-7-23,抖音,抖音,三元北京纯牛奶低脂（250mL*10）,2,37.027
2026-7-23,抖音,抖音,三元北京纯牛奶全脂（250mL*10）,6,110.9868
2026-7-23,抖音,抖音,三元纯牛奶足球礼盒（250ml*12）,7,148.47
2026-7-23,抖音,抖音,北京纯全脂拆单盒,108,199.77624
2026-7-23,抖音,抖音,小方白卡皮巴拉脱脂纯牛奶（200mL*24）,4,95.4388
2026-7-23,抖音,抖音,常温版极致三代全脂纯牛奶,6,130.2234
2026-7-23,抖音,抖音,极致A2精巧装200ml*10,11,171.5857
2026-7-23,抖音,抖音,极致三代低脂纯牛奶（250ml*12）,35,760.9875
2026-7-23,抖音,抖音,极致高品质全脂纯牛奶（250ml*16）,103,2792.4124
2026-7-23,抖音,抖音,梦幻盖极致有机纯牛奶（250ml*12）,4,106.1636
2026-7-23,抖音,抖音,钻石装极致有机纯牛奶（200ml*10）,3,61.3239
2026-7-23,拼多多,拼多多,250S极致娟姗纯牛奶250mL*12,4,87.1924
2026-7-23,拼多多,拼多多,250ml方巧(1*24),27,865.6875
2026-7-23,拼多多,拼多多,250ml舒释奶（全脂)(1*12),26,517.1062
2026-7-23,拼多多,拼多多,三元3.3g方白纯牛奶（250mL*24）,1182,36322.9782
2026-7-23,拼多多,拼多多,三元3.3g方白脱脂无菌砖(250ml*24),1035,28271.646
2026-7-23,拼多多,拼多多,三元北京纯牛奶全脂（250mL*10）,6,110.9868
2026-7-23,拼多多,拼多多,三元晚安牛奶（250ml*10）,4,103.9372
2026-7-23,拼多多,拼多多,体验装单盒方巧,96,128.25
2026-7-23,拼多多,拼多多,小方白卡皮巴拉脱脂纯牛奶（200mL*24）,49,1169.1253
2026-7-23,拼多多,拼多多,常温版极致三代全脂纯牛奶,6,130.2234
2026-7-23,拼多多,拼多多,极小智有机A2纯牛奶200mL*10,10,184.813
2026-7-23,拼多多,拼多多,极致A2精巧装200ml*10,2,31.1974
2026-7-23,拼多多,拼多多,极致三代低脂纯牛奶（250ml*12）,3,65.2275
2026-7-23,拼多多,拼多多,极致高品质全脂纯牛奶（250ml*16）,97,2629.7476
2026-7-23,拼多多,拼多多,梦幻盖极致A2纯牛奶250ml*12,2,63.2584
2026-7-23,拼多多,拼多多,梦幻盖极致有机纯牛奶（250ml*12）,14,371.5726
2026-7-23,拼多多,拼多多,简卡原味钻酸奶200g*10,5,110.0185
2026-7-23,拼多多,拼多多,钻石装极致有机纯牛奶（200ml*10）,6,122.6478
2026-7-23,新零售,新零售,200S极致有机纯牛奶200mL*10,30,538.716
2026-7-23,新零售,新零售,250ML利乐砖高钙牛奶(1*20),20,528.774
2026-7-23,新零售,新零售,250S极致娟姗纯牛奶250mL*12,48,1046.3088
2026-7-23,新零售,新零售,250ml方巧(1*24),200,6412.5
2026-7-23,新零售,新零售,三元3.2g小方枕全脂利乐枕-电商(227ml*16),2515,51039.41
2026-7-23,新零售,新零售,三元3.3g全脂纯牛奶无菌砖（200ml*24）卡皮巴拉,198,5669.4924
2026-7-23,新零售,新零售,三元3.3g方白纯牛奶（250mL*24）,218,6699.1618
2026-7-23,新零售,新零售,三元3.3g方白脱脂无菌砖(250ml*24),160,4370.496
2026-7-23,新零售,新零售,三元北京纯牛奶全脂（250mL*10）,1050,19422.69
2026-7-23,新零售,新零售,常温版极致三代全脂纯牛奶,120,2604.468
2026-7-23,新零售,新零售,极小智有机A2纯牛奶200mL*10,6,110.8878
2026-7-23,新零售,新零售,极致A2精巧装200ml*10,90,1403.883
2026-7-23,新零售,新零售,极致三代低脂纯牛奶（250ml*12）,85,1848.1125
2026-7-23,新零售,新零售,极致高品质全脂纯牛奶（250ml*16）,12,325.3296
2026-7-23,新零售,新零售,梦幻盖极致有机纯牛奶（250ml*12）,468,12421.1412
2026-7-24,京东,京东POP,250S极致娟姗纯牛奶250mL*12,17,370.5677
2026-7-24,京东,京东POP,250S极致有机纯牛奶250mL*12,1,24.1258
2026-7-24,京东,京东POP,250ml方巧(1*24),24,769.5
2026-7-24,京东,京东POP,250ml舒释奶（全脂)(1*12),19,377.8853
2026-7-24,京东,京东POP,三元3.3g全脂纯牛奶无菌砖（200ml*24）卡皮巴拉,243,6958.0134
2026-7-24,京东,京东POP,三元3.3g方白纯牛奶（250mL*24）,704,21633.9904
2026-7-24,京东,京东POP,三元3.3g方白脱脂无菌砖(250ml*24),112,3059.3472
2026-7-24,京东,京东POP,三元北京纯牛奶低脂（250mL*10）,1,18.5135
2026-7-24,京东,京东POP,三元北京纯牛奶全脂（250mL*10）,572,10580.7416
2026-7-24,京东,京东POP,三元纯牛奶足球礼盒（250ml*12）,12,254.52
2026-7-24,京东,京东POP,体验装 200M单盒,36,43.29975
2026-7-24,京东,京东POP,常温版极致三代全脂纯牛奶,70,1519.273
2026-7-24,京东,京东POP,极小智有机A2纯牛奶200mL*10,63,1164.3219
2026-7-24,京东,京东POP,极致A2精巧装200ml*10,234,3650.0958
2026-7-24,京东,京东POP,极致三代低脂纯牛奶（250ml*12）,26,565.305
2026-7-24,京东,京东POP,极致高品质全脂纯牛奶（250ml*16）,66,1789.3128
2026-7-24,京东,京东POP,梦幻盖极致A2纯牛奶250ml*12,7,221.4044
2026-7-24,京东,京东POP,梦幻盖极致有机纯牛奶（250ml*12）,39,1035.0951
2026-7-24,京东,京东POP,简卡原味钻酸奶200g*10,4,88.0148
2026-7-24,京东,京东POP,钻石装极致有机纯牛奶（200ml*10）,42,858.5346
2026-7-24,京东,京东自营,250ML利乐砖高钙牛奶(1*20),2000,52877.4
2026-7-24,京东,京东自营,250ml方巧(1*24),2000,64125
2026-7-24,京东,京东自营,三元3.3g方白纯牛奶（250mL*24）,2000,61460.2
2026-7-24,京东,京东自营,小方白卡皮巴拉脱脂纯牛奶（200mL*24）,4000,95438.8
2026-7-24,京东,京东自营,极致A2精巧装16入,2000,47740
2026-7-24,京东,京东自营,极致高品质全脂纯牛奶（250ml*16）,8000,216886.4
2026-7-24,京东,京东自营,梦幻盖极致有机纯牛奶（250ml*12）,2000,53081.8
2026-7-24,京东,京东自营,钻石包极致有机纯牛奶（200ml*21）,2000,72515.8
2026-7-24,天猫,猫旗,250S极致娟姗纯牛奶250mL*12,18,392.3658
2026-7-24,天猫,猫旗,250S极致有机纯牛奶250mL*12,6,144.7548
2026-7-24,天猫,猫旗,250ml方巧(1*24),65,2084.0625
2026-7-24,天猫,猫旗,250ml舒释奶（全脂)(1*12),13,258.5531
2026-7-24,天猫,猫旗,三元3.3g全脂纯牛奶无菌砖（200ml*24）卡皮巴拉,17,486.7746
2026-7-24,天猫,猫旗,三元3.3g方白纯牛奶（250mL*24）,847,26028.3947
2026-7-24,天猫,猫旗,三元3.3g方白脱脂无菌砖(250ml*24),94,2567.6664
2026-7-24,天猫,猫旗,三元北京纯牛奶低脂（250mL*10）,5,92.5675
2026-7-24,天猫,猫旗,三元北京纯牛奶全脂（250mL*10）,14,258.9692
2026-7-24,天猫,猫旗,三元晚安牛奶（250ml*10）,2,51.9686
2026-7-24,天猫,猫旗,体验装 极致娟姗拆单盒,6,10.89905
2026-7-24,天猫,猫旗,体验装 特品脱脂拆单盒,42,41.754475
2026-7-24,天猫,猫旗,体验装单盒方巧,216,288.5625
2026-7-24,天猫,猫旗,体验装单盒特品,246,298.927925
2026-7-24,天猫,猫旗,北京纯全脂拆单盒,142,262.66876
2026-7-24,天猫,猫旗,小方白卡皮巴拉脱脂纯牛奶（200mL*24）,10,238.597
2026-7-24,天猫,猫旗,常温版极致三代全脂纯牛奶,3,65.1117
2026-7-24,天猫,猫旗,极致A2精巧装200ml*10,15,233.9805
2026-7-24,天猫,猫旗,极致三代低脂纯牛奶（250ml*12）,24,521.82
2026-7-24,天猫,猫旗,极致高品质全脂纯牛奶（250ml*16）,101,2738.1908
2026-7-24,天猫,猫旗,梦幻盖极致A2纯牛奶250ml*12,2,63.2584
2026-7-24,天猫,猫旗,梦幻盖极致有机纯牛奶（250ml*12）,6,159.2454
2026-7-24,天猫,猫旗,简卡原味钻酸奶200g*10,6,132.0222
2026-7-24,天猫,猫超,250ML利乐砖高钙牛奶(1*20),259,6847.6233
2026-7-24,天猫,猫超,250S极致娟姗纯牛奶250mL*12,52,1133.5012
2026-7-24,天猫,猫超,250ml方巧(1*24),895,28695.9375
2026-7-24,天猫,猫超,三元3.2g小方枕全脂利乐枕-电商(227ml*16),600,12176.4
2026-7-24,天猫,猫超,三元3.3g全脂纯牛奶无菌砖（200ml*24）卡皮巴拉,11413,326797.5594
2026-7-24,天猫,猫超,三元3.3g方白纯牛奶（250mL*24）,5463,167878.5363
2026-7-24,天猫,猫超,三元3.3g方白脱脂无菌砖(250ml*24),2186,59711.9016
2026-7-24,天猫,猫超,三元纯牛奶足球礼盒（250ml*12）,230,4878.3
2026-7-24,天猫,猫超,冰岛式酸奶（200g*24）,656,29412.8096
2026-7-24,天猫,猫超,小方白卡皮巴拉低脂高钙牛奶（200mL*24）,717,18871.1532
2026-7-24,天猫,猫超,小方白卡皮巴拉脱脂纯牛奶（200mL*24）,358,8541.7726
2026-7-24,天猫,猫超,极小智有机A2纯牛奶200mL*10,187,3456.0031
2026-7-24,天猫,猫超,极致A2精巧装200ml*10,316,4929.1892
2026-7-24,天猫,猫超,极致三代低脂纯牛奶（250ml*12）,122,2652.585
2026-7-24,天猫,猫超,极致高品质全脂纯牛奶（250ml*16）,1128,30580.9824
2026-7-24,天猫,猫超,梦幻盖极致有机纯牛奶（250ml*12）,316,8386.9244
2026-7-24,天猫,猫超,简卡原味钻酸奶200g*10,41,902.1517
2026-7-24,天猫,猫超,钻石包极致有机纯牛奶（200ml*21）,3692,133864.1668
2026-7-24,小程序及其他,小程序及其他,250S极致娟姗纯牛奶250mL*12,1,21.7981
2026-7-24,小程序及其他,小程序及其他,250S极致有机纯牛奶250mL*12,8,193.0064
2026-7-24,小程序及其他,小程序及其他,250ml方巧(1*24),12,384.75
2026-7-24,小程序及其他,小程序及其他,250ml舒释奶（全脂)(1*12),3,59.6661
2026-7-24,小程序及其他,小程序及其他,三元3.3g方白纯牛奶（250mL*24）,404,12414.9604
2026-7-24,小程序及其他,小程序及其他,三元3.3g方白脱脂无菌砖(250ml*24),13,355.1028
2026-7-24,小程序及其他,小程序及其他,三元A2纯牛奶DS200ml*10,11,168.3077
2026-7-24,小程序及其他,小程序及其他,三元北京纯牛奶低脂（250mL*10）,2,37.027
2026-7-24,小程序及其他,小程序及其他,三元北京纯牛奶全脂（250mL*10）,10,184.978
2026-7-24,小程序及其他,小程序及其他,三元晚安牛奶（250ml*10）,11,285.8273
2026-7-24,小程序及其他,小程序及其他,北京纯低脂拆单盒,12,22.2162
2026-7-24,小程序及其他,小程序及其他,小方白卡皮巴拉脱脂纯牛奶（200mL*24）,5,119.2985
2026-7-24,小程序及其他,小程序及其他,常温版极致三代全脂纯牛奶,39,846.4521
2026-7-24,小程序及其他,小程序及其他,极小智有机A2纯牛奶200mL*10,2,36.9626
2026-7-24,小程序及其他,小程序及其他,极致A2精巧装200ml*10,114,1778.2518
2026-7-24,小程序及其他,小程序及其他,极致三代低脂纯牛奶（250ml*12）,113,2456.9025
2026-7-24,小程序及其他,小程序及其他,极致高品质全脂纯牛奶（250ml*16）,6,162.6648
2026-7-24,小程序及其他,小程序及其他,梦幻盖极致A2纯牛奶250ml*12,36,1138.6512
2026-7-24,小程序及其他,小程序及其他,梦幻盖极致有机纯牛奶（250ml*12）,13,345.0317
2026-7-24,小程序及其他,小程序及其他,简卡原味钻酸奶200g*10,16,352.0592
2026-7-24,小程序及其他,小程序及其他,钻石装极致有机纯牛奶（200ml*10）,24,490.5912
2026-7-24,抖音,抖音,250S极致娟姗纯牛奶250mL*12,187,4076.2447
2026-7-24,抖音,抖音,250ml方巧(1*24),145,4649.0625
2026-7-24,抖音,抖音,三元3.3g全脂纯牛奶无菌砖（200ml*24）卡皮巴拉,18,515.4084
2026-7-24,抖音,抖音,三元3.3g方白纯牛奶（250mL*24）,2958,90899.6358
2026-7-24,抖音,抖音,三元3.3g方白脱脂无菌砖(250ml*24),153,4179.2868
2026-7-24,抖音,抖音,三元北京纯牛奶低脂（250mL*10）,10,185.135
2026-7-24,抖音,抖音,三元北京纯牛奶全脂（250mL*10）,251,4642.9478
2026-7-24,抖音,抖音,三元纯牛奶足球礼盒（250ml*12）,784,16628.64
2026-7-24,抖音,抖音,北京纯低脂拆单盒,802,1484.7827
2026-7-24,抖音,抖音,北京纯全脂拆单盒,1422,2630.38716
2026-7-24,抖音,抖音,小方白卡皮巴拉脱脂纯牛奶（200mL*24）,12,286.3164
2026-7-24,抖音,抖音,常温版极致三代全脂纯牛奶,25,542.5975
2026-7-24,抖音,抖音,极小智有机A2纯牛奶200mL*10,10,184.813
2026-7-24,抖音,抖音,极致A2精巧装200ml*10,52,811.1324
2026-7-24,抖音,抖音,极致三代低脂纯牛奶（250ml*12）,35,760.9875
2026-7-24,抖音,抖音,极致高品质全脂纯牛奶（250ml*16）,1236,33508.9488
2026-7-24,抖音,抖音,梦幻盖极致有机纯牛奶（250ml*12）,14,371.5726
2026-7-24,抖音,抖音,简卡原味钻酸奶200g*10,8,176.0296
2026-7-24,抖音,抖音,钻石装极致有机纯牛奶（200ml*10）,3,61.3239
2026-7-24,拼多多,拼多多,250S极致娟姗纯牛奶250mL*12,8,174.3848
2026-7-24,拼多多,拼多多,250ml方巧(1*24),29,929.8125
2026-7-24,拼多多,拼多多,250ml舒释奶（全脂)(1*12),12,238.6644
2026-7-24,拼多多,拼多多,三元3.3g方白纯牛奶（250mL*24）,1286,39518.9086
2026-7-24,拼多多,拼多多,三元3.3g方白脱脂无菌砖(250ml*24),938,25622.0328
2026-7-24,拼多多,拼多多,三元北京纯牛奶全脂（250mL*10）,3,55.4934
2026-7-24,拼多多,拼多多,三元纯牛奶足球礼盒（250ml*12）,2,42.42
2026-7-24,拼多多,拼多多,体验装单盒方巧,168,224.4375
2026-7-24,拼多多,拼多多,小方白卡皮巴拉脱脂纯牛奶（200mL*24）,52,1240.7044
2026-7-24,拼多多,拼多多,极小智有机A2纯牛奶200mL*10,6,110.8878
2026-7-24,拼多多,拼多多,极致A2精巧装200ml*10,8,124.7896
2026-7-24,拼多多,拼多多,极致三代低脂纯牛奶（250ml*12）,8,173.94
2026-7-24,拼多多,拼多多,极致高品质全脂纯牛奶（250ml*16）,85,2304.418
2026-7-24,拼多多,拼多多,梦幻盖极致A2纯牛奶250ml*12,1,31.6292
2026-7-24,拼多多,拼多多,梦幻盖极致有机纯牛奶（250ml*12）,9,238.8681
2026-7-24,拼多多,拼多多,钻石装极致有机纯牛奶（200ml*10）,8,163.5304
2026-7-24,新零售,新零售,250S极致娟姗纯牛奶250mL*12,2,43.5962
2026-7-24,新零售,新零售,三元3.3g方白纯牛奶（250mL*24）,27,829.7127
2026-7-24,新零售,新零售,三元3.3g方白脱脂无菌砖(250ml*24),9,245.8404
2026-7-24,新零售,新零售,极小智有机A2纯牛奶200mL*10,5,92.4065
2026-7-24,新零售,新零售,极致三代低脂纯牛奶（250ml*12）,5,108.7125
2026-7-24,新零售,新零售,梦幻盖极致有机纯牛奶（250ml*12）,7,185.7863
2026-7-25,京东,京东POP,250S极致娟姗纯牛奶250mL*12,15,326.9715
2026-7-25,京东,京东POP,250ml方巧(1*24),31,993.9375
2026-7-25,京东,京东POP,250ml舒释奶（全脂)(1*12),20,397.774
2026-7-25,京东,京东POP,三元3.3g全脂纯牛奶无菌砖（200ml*24）卡皮巴拉,327,9363.2526
2026-7-25,京东,京东POP,三元3.3g方白纯牛奶（250mL*24）,792,24338.2392
2026-7-25,京东,京东POP,三元3.3g方白脱脂无菌砖(250ml*24),108,2950.0848
2026-7-25,京东,京东POP,三元北京纯牛奶全脂（250mL*10）,635,11746.103
2026-7-25,京东,京东POP,三元纯牛奶足球礼盒（250ml*12）,7,148.47
2026-7-25,京东,京东POP,体验装 200M单盒,12,14.43325
2026-7-25,京东,京东POP,体验装单盒方巧,8,10.6875
2026-7-25,京东,京东POP,常温版极致三代全脂纯牛奶,14,303.8546
2026-7-25,京东,京东POP,极小智有机A2纯牛奶200mL*10,49,905.5837
2026-7-25,京东,京东POP,极致A2精巧装200ml*10,293,4570.4191
2026-7-25,京东,京东POP,极致三代低脂纯牛奶（250ml*12）,5,108.7125
2026-7-25,京东,京东POP,极致高品质全脂纯牛奶（250ml*16）,75,2033.31
2026-7-25,京东,京东POP,梦幻盖极致A2纯牛奶250ml*12,4,126.5168
2026-7-25,京东,京东POP,梦幻盖极致有机纯牛奶（250ml*12）,44,1167.7996
2026-7-25,京东,京东POP,简卡原味钻酸奶200g*10,5,110.0185
2026-7-25,京东,京东POP,钻石装极致有机纯牛奶（200ml*10）,48,981.1824
2026-7-25,京东,京东自营,250ML利乐砖高钙牛奶(1*20),2340,61866.558
2026-7-25,京东,京东自营,250ml方巧(1*24),7256,232645.5
2026-7-25,京东,京东自营,三元3.2g小方枕全脂利乐枕-电商(227ml*16),5267,106888.498
2026-7-25,京东,京东自营,三元3.3g全脂纯牛奶无菌砖（200ml*24）卡皮巴拉,57696,1652055.725
2026-7-25,京东,京东自营,三元3.3g方白纯牛奶（250mL*24）,68352,2100463.795
2026-7-25,京东,京东自营,三元3.3g方白脱脂无菌砖(250ml*24),5988,163565.8128
2026-7-25,京东,京东自营,三元纯牛奶足球礼盒（250ml*12）,2216,47001.36
2026-7-25,京东,京东自营,冰岛式酸奶（200g*24）,7960,356899.336
2026-7-25,京东,京东自营,小方白卡皮巴拉低脂高钙牛奶（200mL*24）,10738,282619.8648
2026-7-25,京东,京东自营,小方白卡皮巴拉脱脂纯牛奶（200mL*24）,13316,317715.7652
2026-7-25,京东,京东自营,常温版极致三代全脂纯牛奶,660,14324.574
2026-7-25,京东,京东自营,极小智有机A2纯牛奶200mL*10,906,16744.0578
2026-7-25,京东,京东自营,极致4.0高蛋白纯牛奶250mL*24,1089,56699.1117
2026-7-25,京东,京东自营,极致A2精巧装16入,5436,129757.32
2026-7-25,京东,京东自营,极致A2精巧装200ml*10,4524,70568.5188
2026-7-25,京东,京东自营,极致三代低脂纯牛奶（250ml*12）,984,21394.62
2026-7-25,京东,京东自营,极致有机低脂纯牛奶（200ml*21）,1284,49639.0548
2026-7-25,京东,京东自营,极致高品质全脂纯牛奶（250ml*16）,27240,738498.192
2026-7-25,京东,京东自营,梦幻盖极致A2纯牛奶250ml*12,268,8476.6256
2026-7-25,京东,京东自营,梦幻盖极致娟姗纯牛奶（250ml*10）,1144,30560.9304
2026-7-25,京东,京东自营,梦幻盖极致有机纯牛奶（250ml*12）,8396,222837.3964
2026-7-25,京东,京东自营,简卡原味钻酸奶200g*10,952,20947.5224
2026-7-25,京东,京东自营,钻石包极致有机纯牛奶（200ml*21）,21420,776644.218
2026-7-25,天猫,猫旗,250S极致娟姗纯牛奶250mL*12,23,501.3563
2026-7-25,天猫,猫旗,250S极致有机纯牛奶250mL*12,7,168.8806
2026-7-25,天猫,猫旗,250ml方巧(1*24),62,1987.875
2026-7-25,天猫,猫旗,三元3.3g全脂纯牛奶无菌砖（200ml*24）卡皮巴拉,24,687.2112
2026-7-25,天猫,猫旗,三元3.3g方白纯牛奶（250mL*24）,789,24246.0489
2026-7-25,天猫,猫旗,三元3.3g方白脱脂无菌砖(250ml*24),80,2185.248
2026-7-25,天猫,猫旗,三元北京纯牛奶低脂（250mL*10）,2,37.027
2026-7-25,天猫,猫旗,三元北京纯牛奶全脂（250mL*10）,12,221.9736
2026-7-25,天猫,猫旗,三元纯牛奶足球礼盒（250ml*12）,1,21.21
2026-7-25,天猫,猫旗,体验装 极致娟姗拆单盒,4,7.266033333
2026-7-25,天猫,猫旗,体验装 特品脱脂拆单盒,42,41.754475
2026-7-25,天猫,猫旗,体验装单盒方巧,150,200.390625
2026-7-25,天猫,猫旗,体验装单盒特品,120,145.8185
2026-7-25,天猫,猫旗,北京纯全脂拆单盒,122,225.67316
2026-7-25,天猫,猫旗,小方白卡皮巴拉脱脂纯牛奶（200mL*24）,3,71.5791
2026-7-25,天猫,猫旗,常温版极致三代全脂纯牛奶,8,173.6312
2026-7-25,天猫,猫旗,极小智有机A2纯牛奶200mL*10,15,277.2195
2026-7-25,天猫,猫旗,极致A2精巧装200ml*10,22,343.1714
2026-7-25,天猫,猫旗,极致三代低脂纯牛奶（250ml*12）,23,500.0775
2026-7-25,天猫,猫旗,极致高品质全脂纯牛奶（250ml*16）,92,2494.1936
2026-7-25,天猫,猫旗,梦幻盖极致A2纯牛奶250ml*12,1,31.6292
2026-7-25,天猫,猫旗,梦幻盖极致有机纯牛奶（250ml*12）,18,477.7362
2026-7-25,天猫,猫旗,简卡原味钻酸奶200g*10,14,308.0518
2026-7-25,天猫,猫旗,钻石装极致有机纯牛奶（200ml*10）,2,40.8826
2026-7-25,小程序及其他,小程序及其他,250ml方巧(1*24),9,288.5625
2026-7-25,小程序及其他,小程序及其他,250ml舒释奶（全脂)(1*12),8,159.1096
2026-7-25,小程序及其他,小程序及其他,三元3.3g全脂纯牛奶无菌砖（200ml*24）卡皮巴拉,7,200.4366
2026-7-25,小程序及其他,小程序及其他,三元3.3g方白纯牛奶（250mL*24）,463,14228.0363
2026-7-25,小程序及其他,小程序及其他,三元3.3g方白脱脂无菌砖(250ml*24),20,546.312
2026-7-25,小程序及其他,小程序及其他,三元A2纯牛奶DS200ml*10,4,61.2028
2026-7-25,小程序及其他,小程序及其他,三元北京纯牛奶全脂（250mL*10）,6,110.9868
2026-7-25,小程序及其他,小程序及其他,三元晚安牛奶（250ml*10）,7,181.8901
2026-7-25,小程序及其他,小程序及其他,北京纯低脂拆单盒,16,29.6216
2026-7-25,小程序及其他,小程序及其他,小方白卡皮巴拉脱脂纯牛奶（200mL*24）,11,262.4567
2026-7-25,小程序及其他,小程序及其他,常温版极致三代全脂纯牛奶,26,564.3014
2026-7-25,小程序及其他,小程序及其他,极小智有机A2纯牛奶200mL*10,5,92.4065
2026-7-25,小程序及其他,小程序及其他,极致A2精巧装200ml*10,103,1606.6661
2026-7-25,小程序及其他,小程序及其他,极致三代低脂纯牛奶（250ml*12）,80,1739.4
2026-7-25,小程序及其他,小程序及其他,极致高品质全脂纯牛奶（250ml*16）,4,108.4432
2026-7-25,小程序及其他,小程序及其他,梦幻盖极致A2纯牛奶250ml*12,28,885.6176
2026-7-25,小程序及其他,小程序及其他,梦幻盖极致有机纯牛奶（250ml*12）,16,424.6544
2026-7-25,小程序及其他,小程序及其他,简卡原味钻酸奶200g*10,31,682.1147
2026-7-25,小程序及其他,小程序及其他,钻石装极致有机纯牛奶（200ml*10）,24,490.5912
2026-7-25,抖音,抖音,250S极致娟姗纯牛奶250mL*12,304,6626.6224
2026-7-25,抖音,抖音,250ml方巧(1*24),166,5322.375
2026-7-25,抖音,抖音,三元3.3g全脂纯牛奶无菌砖（200ml*24）卡皮巴拉,13,372.2394
2026-7-25,抖音,抖音,三元3.3g方白纯牛奶（250mL*24）,3444,105834.4644
2026-7-25,抖音,抖音,三元3.3g方白脱脂无菌砖(250ml*24),371,10134.0876
2026-7-25,抖音,抖音,三元北京纯牛奶低脂（250mL*10）,8,148.108
2026-7-25,抖音,抖音,三元北京纯牛奶全脂（250mL*10）,301,5567.8378
2026-7-25,抖音,抖音,三元晚安牛奶（250ml*10）,5,129.9215
2026-7-25,抖音,抖音,三元纯牛奶足球礼盒（250ml*12）,962,20404.02
2026-7-25,抖音,抖音,北京纯低脂拆单盒,1092,2021.6742
2026-7-25,抖音,抖音,北京纯全脂拆单盒,3038,5619.63164
2026-7-25,抖音,抖音,小方白卡皮巴拉脱脂纯牛奶（200mL*24）,12,286.3164
2026-7-25,抖音,抖音,常温版极致三代全脂纯牛奶,19,412.3741
2026-7-25,抖音,抖音,极小智有机A2纯牛奶200mL*10,10,184.813
2026-7-25,抖音,抖音,极致A2精巧装200ml*10,40,623.948
2026-7-25,抖音,抖音,极致三代低脂纯牛奶（250ml*12）,25,543.5625
2026-7-25,抖音,抖音,极致高品质全脂纯牛奶（250ml*16）,1754,47552.3432
2026-7-25,抖音,抖音,梦幻盖极致有机纯牛奶（250ml*12）,17,451.1953
2026-7-25,抖音,抖音,简卡原味钻酸奶200g*10,4,88.0148
2026-7-25,抖音,抖音,钻石装极致有机纯牛奶（200ml*10）,3,61.3239
2026-7-25,拼多多,拼多多,250S极致娟姗纯牛奶250mL*12,4,87.1924
2026-7-25,拼多多,拼多多,250ml方巧(1*24),14,448.875
2026-7-25,拼多多,拼多多,250ml舒释奶（全脂)(1*12),22,437.5514
2026-7-25,拼多多,拼多多,三元3.3g方白纯牛奶（250mL*24）,1273,39119.4173
2026-7-25,拼多多,拼多多,三元3.3g方白脱脂无菌砖(250ml*24),790,21579.324
2026-7-25,拼多多,拼多多,三元北京纯牛奶全脂（250mL*10）,3,55.4934
2026-7-25,拼多多,拼多多,三元晚安牛奶（250ml*10）,1,25.9843
2026-7-25,拼多多,拼多多,体验装单盒方巧,200,267.1875
2026-7-25,拼多多,拼多多,小方白卡皮巴拉脱脂纯牛奶（200mL*24）,42,1002.1074
2026-7-25,拼多多,拼多多,常温版极致三代全脂纯牛奶,2,43.4078
2026-7-25,拼多多,拼多多,极小智有机A2纯牛奶200mL*10,7,129.3691
2026-7-25,拼多多,拼多多,极致A2精巧装200ml*10,11,171.5857
2026-7-25,拼多多,拼多多,极致三代低脂纯牛奶（250ml*12）,18,391.365
2026-7-25,拼多多,拼多多,极致高品质全脂纯牛奶（250ml*16）,107,2900.8556
2026-7-25,拼多多,拼多多,梦幻盖极致有机纯牛奶（250ml*12）,23,610.4407
2026-7-25,拼多多,拼多多,简卡原味钻酸奶200g*10,3,66.0111
2026-7-25,拼多多,拼多多,钻石装极致有机纯牛奶（200ml*10）,6,122.6478
2026-7-25,新零售,新零售,250S极致娟姗纯牛奶250mL*12,3,65.3943
2026-7-25,新零售,新零售,三元3.2g小方枕全脂利乐枕-电商(227ml*16),35,710.29
2026-7-25,新零售,新零售,三元3.3g方白纯牛奶（250mL*24）,9,276.5709
2026-7-25,新零售,新零售,三元3.3g方白脱脂无菌砖(250ml*24),3,81.9468
2026-7-25,新零售,新零售,三元北京纯牛奶全脂（250mL*10）,123,2275.2294
2026-7-25,新零售,新零售,极小智有机A2纯牛奶200mL*10,1,18.4813
2026-7-25,新零售,新零售,极致三代低脂纯牛奶（250ml*12）,1,21.7425
2026-7-25,新零售,新零售,极致高品质全脂纯牛奶（250ml*16）,4,108.4432
2026-7-25,新零售,新零售,梦幻盖极致有机纯牛奶（250ml*12）,157,4166.9213
2026-7-26,京东,京东POP,250S极致娟姗纯牛奶250mL*12,3,65.3943
2026-7-26,京东,京东POP,250ml方巧(1*24),36,1154.25
2026-7-26,京东,京东POP,250ml舒释奶（全脂)(1*12),12,238.6644
2026-7-26,京东,京东POP,三元3.3g全脂纯牛奶无菌砖（200ml*24）卡皮巴拉,254,7272.9852
2026-7-26,京东,京东POP,三元3.3g方白纯牛奶（250mL*24）,800,24584.08
2026-7-26,京东,京东POP,三元3.3g方白脱脂无菌砖(250ml*24),92,2513.0352
2026-7-26,京东,京东POP,三元北京纯牛奶全脂（250mL*10）,579,10710.2262
2026-7-26,京东,京东POP,三元纯牛奶足球礼盒（250ml*12）,8,169.68
2026-7-26,京东,京东POP,体验装 200M单盒,48,57.733
2026-7-26,京东,京东POP,常温版极致三代全脂纯牛奶,4,86.8156
2026-7-26,京东,京东POP,极小智有机A2纯牛奶200mL*10,42,776.2146
2026-7-26,京东,京东POP,极致A2精巧装200ml*10,230,3587.701
2026-7-26,京东,京东POP,极致三代低脂纯牛奶（250ml*12）,7,152.1975
2026-7-26,京东,京东POP,极致高品质全脂纯牛奶（250ml*16）,58,1572.4264
2026-7-26,京东,京东POP,梦幻盖极致A2纯牛奶250ml*12,6,189.7752
2026-7-26,京东,京东POP,梦幻盖极致有机纯牛奶（250ml*12）,18,477.7362
2026-7-26,京东,京东POP,简卡原味钻酸奶200g*10,12,264.0444
2026-7-26,京东,京东POP,钻石装极致有机纯牛奶（200ml*10）,58,1185.5954
2026-7-26,京东,京东自营,极致A2精巧装200ml*10,2348,36625.7476
2026-7-26,京东,京东自营,极致高品质全脂纯牛奶（250ml*16）,7144,193679.5552
2026-7-26,天猫,猫旗,250S极致娟姗纯牛奶250mL*12,23,501.3563
2026-7-26,天猫,猫旗,250S极致有机纯牛奶250mL*12,8,193.0064
2026-7-26,天猫,猫旗,250ml方巧(1*24),68,2180.25
2026-7-26,天猫,猫旗,250ml舒释奶（全脂)(1*12),12,238.6644
2026-7-26,天猫,猫旗,三元3.3g全脂纯牛奶无菌砖（200ml*24）卡皮巴拉,39,1116.7182
2026-7-26,天猫,猫旗,三元3.3g方白纯牛奶（250mL*24）,620,19052.662
2026-7-26,天猫,猫旗,三元3.3g方白脱脂无菌砖(250ml*24),108,2950.0848
2026-7-26,天猫,猫旗,三元北京纯牛奶低脂（250mL*10）,1,18.5135
2026-7-26,天猫,猫旗,三元北京纯牛奶全脂（250mL*10）,3,55.4934
2026-7-26,天猫,猫旗,三元晚安牛奶（250ml*10）,5,129.9215
2026-7-26,天猫,猫旗,三元纯牛奶足球礼盒（250ml*12）,2,42.42
2026-7-26,天猫,猫旗,体验装 极致A2精巧单盒,5,13.17883333
2026-7-26,天猫,猫旗,体验装 极致娟姗拆单盒,46,83.55938333
2026-7-26,天猫,猫旗,体验装 特品脱脂拆单盒,66,65.614175
2026-7-26,天猫,猫旗,体验装单盒方巧,144,192.375
2026-7-26,天猫,猫旗,体验装单盒特品,186,226.018675
2026-7-26,天猫,猫旗,北京纯全脂拆单盒,193,357.00754
2026-7-26,天猫,猫旗,小方白卡皮巴拉脱脂纯牛奶（200mL*24）,5,119.2985
2026-7-26,天猫,猫旗,常温版极致三代全脂纯牛奶,8,173.6312
2026-7-26,天猫,猫旗,极小智有机A2纯牛奶200mL*10,23,425.0699
2026-7-26,天猫,猫旗,极致A2精巧装200ml*10,24,374.3688
2026-7-26,天猫,猫旗,极致三代低脂纯牛奶（250ml*12）,25,543.5625
2026-7-26,天猫,猫旗,极致高品质全脂纯牛奶（250ml*16）,87,2358.6396
2026-7-26,天猫,猫旗,梦幻盖极致A2纯牛奶250ml*12,2,63.2584
2026-7-26,天猫,猫旗,梦幻盖极致有机纯牛奶（250ml*12）,14,371.5726
2026-7-26,天猫,猫旗,简卡原味钻酸奶200g*10,7,154.0259
2026-7-26,天猫,猫旗,钻石装极致有机纯牛奶（200ml*10）,6,122.6478
2026-7-26,天猫,猫超,250ML利乐砖高钙牛奶(1*20),177,4679.6499
2026-7-26,天猫,猫超,250S极致娟姗纯牛奶250mL*12,86,1874.6366
2026-7-26,天猫,猫超,250ml方巧(1*24),3581,114815.8125
2026-7-26,天猫,猫超,三元3.3g全脂纯牛奶无菌砖（200ml*24）卡皮巴拉,6673,191073.3474
2026-7-26,天猫,猫超,三元3.3g方白纯牛奶（250mL*24）,4913,150976.9813
2026-7-26,天猫,猫超,冰岛式酸奶（200g*24）,542,24301.4372
2026-7-26,天猫,猫超,小方白卡皮巴拉低脂高钙牛奶（200mL*24）,100,2631.96
2026-7-26,天猫,猫超,小方白卡皮巴拉脱脂纯牛奶（200mL*24）,135,3221.0595
2026-7-26,天猫,猫超,极小智有机A2纯牛奶200mL*10,155,2864.6015
2026-7-26,天猫,猫超,极致A2精巧装200ml*10,199,3104.1413
2026-7-26,天猫,猫超,极致三代低脂纯牛奶（250ml*12）,98,2130.765
2026-7-26,天猫,猫超,极致高品质全脂纯牛奶（250ml*16）,293,7943.4644
2026-7-26,天猫,猫超,梦幻盖极致有机纯牛奶（250ml*12）,423,11226.8007
2026-7-26,天猫,猫超,简卡原味钻酸奶200g*10,46,1012.1702
2026-7-26,天猫,猫超,钻石包极致有机纯牛奶（200ml*21）,948,34372.4892
2026-7-26,小程序及其他,小程序及其他,250S极致有机纯牛奶250mL*12,4,96.5032
2026-7-26,小程序及其他,小程序及其他,250ml方巧(1*24),17,545.0625
2026-7-26,小程序及其他,小程序及其他,250ml舒释奶（全脂)(1*12),9,178.9983
2026-7-26,小程序及其他,小程序及其他,三元3.3g全脂纯牛奶无菌砖（200ml*24）卡皮巴拉,2,57.2676
2026-7-26,小程序及其他,小程序及其他,三元3.3g方白纯牛奶（250mL*24）,436,13398.3236
2026-7-26,小程序及其他,小程序及其他,三元3.3g方白脱脂无菌砖(250ml*24),18,491.6808
2026-7-26,小程序及其他,小程序及其他,三元A2纯牛奶DS200ml*10,11,168.3077
2026-7-26,小程序及其他,小程序及其他,三元北京纯牛奶低脂（250mL*10）,5,92.5675
2026-7-26,小程序及其他,小程序及其他,三元北京纯牛奶全脂（250mL*10）,1,18.4978
2026-7-26,小程序及其他,小程序及其他,三元晚安牛奶（250ml*10）,11,285.8273
2026-7-26,小程序及其他,小程序及其他,小方白卡皮巴拉脱脂纯牛奶（200mL*24）,9,214.7373
2026-7-26,小程序及其他,小程序及其他,常温版极致三代全脂纯牛奶,35,759.6365
2026-7-26,小程序及其他,小程序及其他,极小智有机A2纯牛奶200mL*10,5,92.4065
2026-7-26,小程序及其他,小程序及其他,极致A2精巧装200ml*10,56,873.5272
2026-7-26,小程序及其他,小程序及其他,极致三代低脂纯牛奶（250ml*12）,119,2587.3575
2026-7-26,小程序及其他,小程序及其他,梦幻盖极致A2纯牛奶250ml*12,24,759.1008
2026-7-26,小程序及其他,小程序及其他,梦幻盖极致有机纯牛奶（250ml*12）,4,106.1636
2026-7-26,小程序及其他,小程序及其他,简卡原味钻酸奶200g*10,23,506.0851
2026-7-26,小程序及其他,小程序及其他,钻石装极致有机纯牛奶（200ml*10）,18,367.9434
2026-7-26,抖音,抖音,250S极致娟姗纯牛奶250mL*12,439,9569.3659
2026-7-26,抖音,抖音,250ml方巧(1*24),139,4456.6875
2026-7-26,抖音,抖音,三元3.3g全脂纯牛奶无菌砖（200ml*24）卡皮巴拉,15,429.507
2026-7-26,抖音,抖音,三元3.3g方白纯牛奶（250mL*24）,4078,125317.3478
2026-7-26,抖音,抖音,三元3.3g方白脱脂无菌砖(250ml*24),326,8904.8856
2026-7-26,抖音,抖音,三元北京纯牛奶低脂（250mL*10）,17,314.7295
2026-7-26,抖音,抖音,三元北京纯牛奶全脂（250mL*10）,490,9063.922
2026-7-26,抖音,抖音,三元晚安牛奶（250ml*10）,3,77.9529
2026-7-26,抖音,抖音,三元纯牛奶足球礼盒（250ml*12）,1544,32748.24
2026-7-26,抖音,抖音,北京纯低脂拆单盒,1384,2562.2684
2026-7-26,抖音,抖音,北京纯全脂拆单盒,1774,3281.50972
2026-7-26,抖音,抖音,小方白卡皮巴拉脱脂纯牛奶（200mL*24）,6,143.1582
2026-7-26,抖音,抖音,常温版极致三代全脂纯牛奶,49,1063.4911
2026-7-26,抖音,抖音,极小智有机A2纯牛奶200mL*10,4,73.9252
2026-7-26,抖音,抖音,极致A2精巧装200ml*10,99,1544.2713
2026-7-26,抖音,抖音,极致三代低脂纯牛奶（250ml*12）,40,869.7
2026-7-26,抖音,抖音,极致高品质全脂纯牛奶（250ml*16）,1498,40611.9784
2026-7-26,抖音,抖音,梦幻盖极致有机纯牛奶（250ml*12）,25,663.5225
2026-7-26,抖音,抖音,简卡原味钻酸奶200g*10,4,88.0148
2026-7-26,抖音,抖音,钻石装极致有机纯牛奶（200ml*10）,9,183.9717
2026-7-26,拼多多,拼多多,250S极致娟姗纯牛奶250mL*12,7,152.5867
2026-7-26,拼多多,拼多多,250ml方巧(1*24),20,641.25
2026-7-26,拼多多,拼多多,250ml舒释奶（全脂)(1*12),12,238.6644
2026-7-26,拼多多,拼多多,三元3.3g全脂纯牛奶无菌砖（200ml*24）卡皮巴拉,4,114.5352
2026-7-26,拼多多,拼多多,三元3.3g方白纯牛奶（250mL*24）,1287,39549.6387
2026-7-26,拼多多,拼多多,三元3.3g方白脱脂无菌砖(250ml*24),1042,28462.8552
2026-7-26,拼多多,拼多多,三元晚安牛奶（250ml*10）,4,103.9372
2026-7-26,拼多多,拼多多,三元纯牛奶足球礼盒（250ml*12）,2,42.42
2026-7-26,拼多多,拼多多,体验装单盒方巧,104,138.9375
2026-7-26,拼多多,拼多多,小方白卡皮巴拉脱脂纯牛奶（200mL*24）,41,978.2477
2026-7-26,拼多多,拼多多,常温版极致三代全脂纯牛奶,4,86.8156
2026-7-26,拼多多,拼多多,极小智有机A2纯牛奶200mL*10,10,184.813
2026-7-26,拼多多,拼多多,极致A2精巧装200ml*10,11,171.5857
2026-7-26,拼多多,拼多多,极致三代低脂纯牛奶（250ml*12）,5,108.7125
2026-7-26,拼多多,拼多多,极致高品质全脂纯牛奶（250ml*16）,76,2060.4208
2026-7-26,拼多多,拼多多,梦幻盖极致有机纯牛奶（250ml*12）,11,291.9499
2026-7-26,拼多多,拼多多,简卡原味钻酸奶200g*10,3,66.0111
2026-7-26,拼多多,拼多多,钻石装极致有机纯牛奶（200ml*10）,22,449.7086
2026-7-26,新零售,新零售,200S极致有机纯牛奶200mL*10,731,13126.7132
2026-7-26,新零售,新零售,250ML利乐砖高钙牛奶(1*20),351,9279.9837
2026-7-26,新零售,新零售,250S极致娟姗纯牛奶250mL*12,1457,31759.8317
2026-7-26,新零售,新零售,250ml方巧(1*24),125,4007.8125
2026-7-26,新零售,新零售,三元3.2g小方枕全脂利乐枕-电商(227ml*16),1221,24778.974
2026-7-26,新零售,新零售,三元3.3g全脂纯牛奶无菌砖（200ml*24）卡皮巴拉,1726,49421.9388
2026-7-26,新零售,新零售,三元3.3g方白纯牛奶（250mL*24）,14,430.2214
2026-7-26,新零售,新零售,三元3.3g方白脱脂无菌砖(250ml*24),58,1584.3048
2026-7-26,新零售,新零售,三元北京纯牛奶全脂（250mL*10）,73,1350.3394
2026-7-26,新零售,新零售,常温版极致三代全脂纯牛奶,520,11286.028
2026-7-26,新零售,新零售,极小智有机A2纯牛奶200mL*10,3,55.4439
2026-7-26,新零售,新零售,极致A2精巧装200ml*10,528,8236.1136
2026-7-26,新零售,新零售,极致三代低脂纯牛奶（250ml*12）,257,5587.8225
2026-7-26,新零售,新零售,极致高品质全脂纯牛奶（250ml*16）,68,1843.5344
2026-7-26,新零售,新零售,梦幻盖极致有机纯牛奶（250ml*12）,1157,30707.8213
2026-7-26,新零售,新零售,简卡原味钻酸奶200g*10,388,8537.4356
2026-7-27,京东,京东POP,250S极致娟姗纯牛奶250mL*12,16,348.7696
2026-7-27,京东,京东POP,250S极致有机纯牛奶250mL*12,2,48.2516
2026-7-27,京东,京东POP,250ml方巧(1*24),33,1058.0625
2026-7-27,京东,京东POP,250ml舒释奶（全脂)(1*12),16,318.2192
2026-7-27,京东,京东POP,三元3.3g全脂纯牛奶无菌砖（200ml*24）卡皮巴拉,232,6643.0416
2026-7-27,京东,京东POP,三元3.3g方白纯牛奶（250mL*24）,775,23815.8275
2026-7-27,京东,京东POP,三元3.3g方白脱脂无菌砖(250ml*24),106,2895.4536
2026-7-27,京东,京东POP,三元北京纯牛奶低脂（250mL*10）,5,92.5675
2026-7-27,京东,京东POP,三元北京纯牛奶全脂（250mL*10）,610,11283.658
2026-7-27,京东,京东POP,三元纯牛奶足球礼盒（250ml*12）,4,84.84
2026-7-27,京东,京东POP,体验装 200M单盒,18,21.649875
2026-7-27,京东,京东POP,常温版极致三代全脂纯牛奶,5,108.5195
2026-7-27,京东,京东POP,极小智有机A2纯牛奶200mL*10,62,1145.8406
2026-7-27,京东,京东POP,极致A2精巧装200ml*10,231,3603.2997
2026-7-27,京东,京东POP,极致三代低脂纯牛奶（250ml*12）,11,239.1675
2026-7-27,京东,京东POP,极致高品质全脂纯牛奶（250ml*16）,67,1816.4236
2026-7-27,京东,京东POP,梦幻盖极致A2纯牛奶250ml*12,2,63.2584
2026-7-27,京东,京东POP,梦幻盖极致有机纯牛奶（250ml*12）,12,318.4908
2026-7-27,京东,京东POP,简卡原味钻酸奶200g*10,2,44.0074
2026-7-27,京东,京东POP,钻石装极致有机纯牛奶（200ml*10）,81,1655.7453
2026-7-27,京东,京东自营,250ml方巧(1*24),4022,128955.375
2026-7-27,京东,京东自营,三元3.3g全脂纯牛奶无菌砖（200ml*24）卡皮巴拉,15000,429507
2026-7-27,京东,京东自营,三元3.3g方白纯牛奶（250mL*24）,15000,460951.5
2026-7-27,京东,京东自营,冰岛式酸奶（200g*24）,1500,67254.9
2026-7-27,京东,京东自营,钻石包极致有机纯牛奶（200ml*21）,3000,108773.7
2026-7-27,天猫,猫旗,250S极致娟姗纯牛奶250mL*12,29,632.1449
2026-7-27,天猫,猫旗,250S极致有机纯牛奶250mL*12,12,289.5096
2026-7-27,天猫,猫旗,250ml方巧(1*24),97,3110.0625
2026-7-27,天猫,猫旗,250ml舒释奶（全脂)(1*12),4,79.5548
2026-7-27,天猫,猫旗,三元3.3g全脂纯牛奶无菌砖（200ml*24）卡皮巴拉,20,572.676
2026-7-27,天猫,猫旗,三元3.3g方白纯牛奶（250mL*24）,897,27564.8997
2026-7-27,天猫,猫旗,三元3.3g方白脱脂无菌砖(250ml*24),153,4179.2868
2026-7-27,天猫,猫旗,三元北京纯牛奶低脂（250mL*10）,3,55.5405
2026-7-27,天猫,猫旗,三元北京纯牛奶全脂（250mL*10）,14,258.9692
2026-7-27,天猫,猫旗,三元晚安牛奶（250ml*10）,12,311.8116
2026-7-27,天猫,猫旗,体验装 有机单盒,24,48.2516
2026-7-27,天猫,猫旗,体验装 极致A2精巧单盒,23,60.62263333
2026-7-27,天猫,猫旗,体验装 极致娟姗拆单盒,60,108.9905
2026-7-27,天猫,猫旗,体验装 特品脱脂拆单盒,72,71.5791
2026-7-27,天猫,猫旗,体验装单盒方巧,198,264.515625
2026-7-27,天猫,猫旗,体验装单盒特品,330,401.000875
2026-7-27,天猫,猫旗,北京纯全脂拆单盒,265,490.1917
2026-7-27,天猫,猫旗,小方白卡皮巴拉脱脂纯牛奶（200mL*24）,3,71.5791
2026-7-27,天猫,猫旗,常温版极致三代全脂纯牛奶,4,86.8156
2026-7-27,天猫,猫旗,极小智有机A2纯牛奶200mL*10,25,462.0325
2026-7-27,天猫,猫旗,极致A2精巧装200ml*10,47,733.1389
2026-7-27,天猫,猫旗,极致三代低脂纯牛奶（250ml*12）,33,717.5025
2026-7-27,天猫,猫旗,极致高品质全脂纯牛奶（250ml*16）,87,2358.6396
2026-7-27,天猫,猫旗,梦幻盖极致A2纯牛奶250ml*12,3,94.8876
2026-7-27,天猫,猫旗,梦幻盖极致有机纯牛奶（250ml*12）,13,345.0317
2026-7-27,天猫,猫旗,简卡单盒,5,11.00185
2026-7-27,天猫,猫旗,简卡原味钻酸奶200g*10,5,110.0185
2026-7-27,天猫,猫旗,芭芭农场DM单,3,0
2026-7-27,天猫,猫旗,芭芭农场纸箱,3,0
2026-7-27,天猫,猫旗,钻石装极致有机纯牛奶（200ml*10）,4,81.7652
2026-7-27,小程序及其他,小程序及其他,250S极致有机纯牛奶250mL*12,6,144.7548
2026-7-27,小程序及其他,小程序及其他,250ml方巧(1*24),9,288.5625
2026-7-27,小程序及其他,小程序及其他,250ml舒释奶（全脂)(1*12),5,99.4435
2026-7-27,小程序及其他,小程序及其他,三元3.3g全脂纯牛奶无菌砖（200ml*24）卡皮巴拉,9,257.7042
2026-7-27,小程序及其他,小程序及其他,三元3.3g方白纯牛奶（250mL*24）,729,22402.2429
2026-7-27,小程序及其他,小程序及其他,三元3.3g方白脱脂无菌砖(250ml*24),22,600.9432
2026-7-27,小程序及其他,小程序及其他,三元A2纯牛奶DS200ml*10,7,107.1049
2026-7-27,小程序及其他,小程序及其他,三元北京纯牛奶低脂（250mL*10）,6,111.081
2026-7-27,小程序及其他,小程序及其他,三元北京纯牛奶全脂（250mL*10）,4,73.9912
2026-7-27,小程序及其他,小程序及其他,三元晚安牛奶（250ml*10）,10,259.843
2026-7-27,小程序及其他,小程序及其他,北京纯低脂拆单盒,40,74.054
2026-7-27,小程序及其他,小程序及其他,小方白卡皮巴拉脱脂纯牛奶（200mL*24）,25,596.4925
2026-7-27,小程序及其他,小程序及其他,常温版极致三代全脂纯牛奶,52,1128.6028
2026-7-27,小程序及其他,小程序及其他,极小智有机A2纯牛奶200mL*10,1,18.4813
2026-7-27,小程序及其他,小程序及其他,极致A2精巧装200ml*10,109,1700.2583
2026-7-27,小程序及其他,小程序及其他,极致三代低脂纯牛奶（250ml*12）,96,2087.28
2026-7-27,小程序及其他,小程序及其他,极致高品质全脂纯牛奶（250ml*16）,10,271.108
2026-7-27,小程序及其他,小程序及其他,梦幻盖极致A2纯牛奶250ml*12,24,759.1008
2026-7-27,小程序及其他,小程序及其他,梦幻盖极致有机纯牛奶（250ml*12）,13,345.0317
2026-7-27,小程序及其他,小程序及其他,简卡原味钻酸奶200g*10,28,616.1036
2026-7-27,小程序及其他,小程序及其他,钻石装极致有机纯牛奶（200ml*10）,24,490.5912
2026-7-27,抖音,抖音,250S极致娟姗纯牛奶250mL*12,314,6844.6034
2026-7-27,抖音,抖音,250ml方巧(1*24),111,3558.9375
2026-7-27,抖音,抖音,三元3.3g全脂纯牛奶无菌砖（200ml*24）卡皮巴拉,13,372.2394
2026-7-27,抖音,抖音,三元3.3g方白纯牛奶（250mL*24）,3170,97414.417
2026-7-27,抖音,抖音,三元3.3g方白脱脂无菌砖(250ml*24),256,6992.7936
2026-7-27,抖音,抖音,三元北京纯牛奶低脂（250mL*10）,10,185.135
2026-7-27,抖音,抖音,三元北京纯牛奶全脂（250mL*10）,417,7713.5826
2026-7-27,抖音,抖音,三元晚安牛奶（250ml*10）,7,181.8901
2026-7-27,抖音,抖音,三元纯牛奶足球礼盒（250ml*12）,1337,28357.77
2026-7-27,抖音,抖音,北京纯低脂拆单盒,160,296.216
2026-7-27,抖音,抖音,北京纯全脂拆单盒,3364,6222.65992
2026-7-27,抖音,抖音,听装三元畅倍益益生菌奶粉700g*6,2,0
2026-7-27,抖音,抖音,小方白卡皮巴拉脱脂纯牛奶（200mL*24）,6,143.1582
2026-7-27,抖音,抖音,常温版极致三代全脂纯牛奶,34,737.9326
2026-7-27,抖音,抖音,极小智有机A2纯牛奶200mL*10,8,147.8504
2026-7-27,抖音,抖音,极致A2精巧装200ml*10,109,1700.2583
2026-7-27,抖音,抖音,极致三代低脂纯牛奶（250ml*12）,34,739.245
2026-7-27,抖音,抖音,极致高品质全脂纯牛奶（250ml*16）,1611,43675.4988
2026-7-27,抖音,抖音,梦幻盖极致有机纯牛奶（250ml*12）,41,1088.1769
2026-7-27,抖音,抖音,简卡原味钻酸奶200g*10,5,110.0185
2026-7-27,抖音,抖音,钻石装极致有机纯牛奶（200ml*10）,3,61.3239
2026-7-27,拼多多,拼多多,250S极致娟姗纯牛奶250mL*12,1,21.7981
2026-7-27,拼多多,拼多多,250ml方巧(1*24),26,833.625
2026-7-27,拼多多,拼多多,250ml舒释奶（全脂)(1*12),14,278.4418
2026-7-27,拼多多,拼多多,三元3.3g方白纯牛奶（250mL*24）,1160,35646.916
2026-7-27,拼多多,拼多多,三元3.3g方白脱脂无菌砖(250ml*24),1146,31303.6776
2026-7-27,拼多多,拼多多,三元晚安牛奶（250ml*10）,7,181.8901
2026-7-27,拼多多,拼多多,三元纯牛奶足球礼盒（250ml*12）,2,42.42
2026-7-27,拼多多,拼多多,体验装单盒方巧,192,256.5
2026-7-27,拼多多,拼多多,小方白卡皮巴拉脱脂纯牛奶（200mL*24）,39,930.5283
2026-7-27,拼多多,拼多多,常温版极致三代全脂纯牛奶,2,43.4078
2026-7-27,拼多多,拼多多,极小智有机A2纯牛奶200mL*10,10,184.813
2026-7-27,拼多多,拼多多,极致A2精巧装200ml*10,11,171.5857
2026-7-27,拼多多,拼多多,极致三代低脂纯牛奶（250ml*12）,13,282.6525
2026-7-27,拼多多,拼多多,极致高品质全脂纯牛奶（250ml*16）,99,2683.9692
2026-7-27,拼多多,拼多多,梦幻盖极致有机纯牛奶（250ml*12）,12,318.4908
2026-7-27,拼多多,拼多多,钻石装极致有机纯牛奶（200ml*10）,12,245.2956
2026-7-27,新零售,新零售,250S极致娟姗纯牛奶250mL*12,1,21.7981
2026-7-27,新零售,新零售,三元3.3g方白纯牛奶（250mL*24）,13,399.4913
2026-7-27,新零售,新零售,三元3.3g方白脱脂无菌砖(250ml*24),6,163.8936
2026-7-27,新零售,新零售,极小智有机A2纯牛奶200mL*10,3,55.4439
2026-7-27,新零售,新零售,极致三代低脂纯牛奶（250ml*12）,6,130.455
2026-7-27,新零售,新零售,极致高品质全脂纯牛奶（250ml*16）,2,54.2216
2026-7-27,新零售,新零售,梦幻盖极致有机纯牛奶（250ml*12）,4,106.1636
2026-7-28,京东,京东POP,250S极致娟姗纯牛奶250mL*12,5,108.9905
2026-7-28,京东,京东POP,250ml方巧(1*24),41,1314.5625
2026-7-28,京东,京东POP,250ml舒释奶（全脂)(1*12),36,715.9932
2026-7-28,京东,京东POP,三元3.3g全脂纯牛奶无菌砖（200ml*24）卡皮巴拉,203,5812.6614
2026-7-28,京东,京东POP,三元3.3g方白纯牛奶（250mL*24）,485,14904.0985
2026-7-28,京东,京东POP,三元3.3g方白脱脂无菌砖(250ml*24),72,1966.7232
2026-7-28,京东,京东POP,三元北京纯牛奶全脂（250mL*10）,444,8213.0232
2026-7-28,京东,京东POP,三元纯牛奶足球礼盒（250ml*12）,5,106.05
2026-7-28,京东,京东POP,体验装 200M单盒,30,36.083125
2026-7-28,京东,京东POP,体验装 极小智单盒,3,5.54439
2026-7-28,京东,京东POP,极小智有机A2纯牛奶200mL*10,40,739.252
2026-7-28,京东,京东POP,极致A2精巧装200ml*10,239,3728.0893
2026-7-28,京东,京东POP,极致三代低脂纯牛奶（250ml*12）,10,217.425
2026-7-28,京东,京东POP,极致高品质全脂纯牛奶（250ml*16）,93,2521.3044
2026-7-28,京东,京东POP,梦幻盖极致A2纯牛奶250ml*12,4,126.5168
2026-7-28,京东,京东POP,梦幻盖极致有机纯牛奶（250ml*12）,15,398.1135
2026-7-28,京东,京东POP,钻石装极致有机纯牛奶（200ml*10）,97,1982.8061
2026-7-28,京东,京东自营,三元3.3g全脂纯牛奶无菌砖（200ml*24）卡皮巴拉,10312,295271.7456
2026-7-28,京东,京东自营,三元3.3g方白纯牛奶（250mL*24）,9000,276570.9
2026-7-28,京东,京东自营,小方白卡皮巴拉脱脂纯牛奶（200mL*24）,2108,50296.2476
2026-7-28,天猫,猫旗,250S极致娟姗纯牛奶250mL*12,17,370.5677
2026-7-28,天猫,猫旗,250S极致有机纯牛奶250mL*12,12,289.5096
2026-7-28,天猫,猫旗,250ml方巧(1*24),112,3591
2026-7-28,天猫,猫旗,250ml舒释奶（全脂)(1*12),13,258.5531
2026-7-28,天猫,猫旗,三元3.3g全脂纯牛奶无菌砖（200ml*24）卡皮巴拉,22,629.9436
2026-7-28,天猫,猫旗,三元3.3g方白纯牛奶（250mL*24）,999,30699.3699
2026-7-28,天猫,猫旗,三元3.3g方白脱脂无菌砖(250ml*24),137,3742.2372
2026-7-28,天猫,猫旗,三元北京纯牛奶全脂（250mL*10）,14,258.9692
2026-7-28,天猫,猫旗,三元晚安牛奶（250ml*10）,10,259.843
2026-7-28,天猫,猫旗,体验装 有机单盒,48,96.5032
2026-7-28,天猫,猫旗,体验装 极致A2精巧单盒,18,47.4438
2026-7-28,天猫,猫旗,体验装 极致娟姗拆单盒,46,83.55938333
2026-7-28,天猫,猫旗,体验装 特品脱脂拆单盒,150,149.123125
2026-7-28,天猫,猫旗,体验装单盒方巧,192,256.5
2026-7-28,天猫,猫旗,体验装单盒特品,294,357.255325
2026-7-28,天猫,猫旗,北京纯全脂拆单盒,257,475.39346
2026-7-28,天猫,猫旗,小方白卡皮巴拉脱脂纯牛奶（200mL*24）,12,286.3164
2026-7-28,天猫,猫旗,极小智有机A2纯牛奶200mL*10,34,628.3642
2026-7-28,天猫,猫旗,极致A2精巧装200ml*10,26,405.5662
2026-7-28,天猫,猫旗,极致三代低脂纯牛奶（250ml*12）,47,1021.8975
2026-7-28,天猫,猫旗,极致高品质全脂纯牛奶（250ml*16）,91,2467.0828
2026-7-28,天猫,猫旗,梦幻盖极致A2纯牛奶250ml*12,8,253.0336
2026-7-28,天猫,猫旗,梦幻盖极致有机纯牛奶（250ml*12）,15,398.1135
2026-7-28,天猫,猫旗,简卡原味钻酸奶200g*10,5,110.0185
2026-7-28,天猫,猫旗,芭芭农场DM单,3,0
2026-7-28,天猫,猫旗,芭芭农场纸箱,3,0
2026-7-28,天猫,猫旗,钻石装极致有机纯牛奶（200ml*10）,2,40.8826
2026-7-28,天猫,猫超,250ML利乐砖高钙牛奶(1*20),8,211.5096
2026-7-28,天猫,猫超,250ml方巧(1*24),196,6284.25
2026-7-28,天猫,猫超,三元3.3g全脂纯牛奶无菌砖（200ml*24）卡皮巴拉,585,16750.773
2026-7-28,天猫,猫超,三元3.3g方白纯牛奶（250mL*24）,3778,116098.3178
2026-7-28,天猫,猫超,三元3.3g方白脱脂无菌砖(250ml*24),201,5490.4356
2026-7-28,天猫,猫超,冰岛式酸奶（200g*24）,16,717.3856
2026-7-28,天猫,猫超,小方白卡皮巴拉脱脂纯牛奶（200mL*24）,394,9400.7218
2026-7-28,天猫,猫超,极小智有机A2纯牛奶200mL*10,2,36.9626
2026-7-28,天猫,猫超,梦幻盖极致有机纯牛奶（250ml*12）,4,106.1636
2026-7-28,小程序及其他,小程序及其他,250S极致娟姗纯牛奶250mL*12,1,21.7981
2026-7-28,小程序及其他,小程序及其他,250S极致有机纯牛奶250mL*12,8,193.0064
2026-7-28,小程序及其他,小程序及其他,250ml方巧(1*24),18,577.125
2026-7-28,小程序及其他,小程序及其他,三元3.3g全脂纯牛奶无菌砖（200ml*24）卡皮巴拉,14,400.8732
2026-7-28,小程序及其他,小程序及其他,三元3.3g方白纯牛奶（250mL*24）,851,26151.3151
2026-7-28,小程序及其他,小程序及其他,三元3.3g方白脱脂无菌砖(250ml*24),19,518.9964
2026-7-28,小程序及其他,小程序及其他,三元A2纯牛奶DS200ml*10,12,183.6084
2026-7-28,小程序及其他,小程序及其他,三元北京纯牛奶全脂（250mL*10）,16,295.9648
2026-7-28,小程序及其他,小程序及其他,三元晚安牛奶（250ml*10）,15,389.7645
2026-7-28,小程序及其他,小程序及其他,北京纯低脂拆单盒,30,55.5405
2026-7-28,小程序及其他,小程序及其他,小方白卡皮巴拉脱脂纯牛奶（200mL*24）,25,596.4925
2026-7-28,小程序及其他,小程序及其他,常温版极致三代全脂纯牛奶,27,586.0053
2026-7-28,小程序及其他,小程序及其他,极小智有机A2纯牛奶200mL*10,5,92.4065
2026-7-28,小程序及其他,小程序及其他,极致A2精巧装200ml*10,67,1045.1129
2026-7-28,小程序及其他,小程序及其他,极致三代低脂纯牛奶（250ml*12）,118,2565.615
2026-7-28,小程序及其他,小程序及其他,极致高品质全脂纯牛奶（250ml*16）,4,108.4432
2026-7-28,小程序及其他,小程序及其他,梦幻盖极致A2纯牛奶250ml*12,39,1233.5388
2026-7-28,小程序及其他,小程序及其他,梦幻盖极致有机纯牛奶（250ml*12）,7,185.7863
2026-7-28,小程序及其他,小程序及其他,简卡原味钻酸奶200g*10,23,506.0851
2026-7-28,小程序及其他,小程序及其他,钻石装极致有机纯牛奶（200ml*10）,31,633.6803
2026-7-28,抖音,抖音,250S极致娟姗纯牛奶250mL*12,297,6474.0357
2026-7-28,抖音,抖音,250ml方巧(1*24),120,3847.5
2026-7-28,抖音,抖音,三元3.3g全脂纯牛奶无菌砖（200ml*24）卡皮巴拉,11,314.9718
2026-7-28,抖音,抖音,三元3.3g方白纯牛奶（250mL*24）,3402,104543.8002
2026-7-28,抖音,抖音,三元3.3g方白脱脂无菌砖(250ml*24),393,10735.0308
2026-7-28,抖音,抖音,三元北京纯牛奶全脂（250mL*10）,309,5715.8202
2026-7-28,抖音,抖音,三元晚安牛奶（250ml*10）,1,25.9843
2026-7-28,抖音,抖音,三元纯牛奶足球礼盒（250ml*12）,841,17837.61
2026-7-28,抖音,抖音,北京纯低脂拆单盒,218,403.5943
2026-7-28,抖音,抖音,北京纯全脂拆单盒,3046,5634.42988
2026-7-28,抖音,抖音,小方白卡皮巴拉脱脂纯牛奶（200mL*24）,14,334.0358
2026-7-28,抖音,抖音,常温版极致三代全脂纯牛奶,41,889.8599
2026-7-28,抖音,抖音,极致A2精巧装200ml*10,68,1060.7116
2026-7-28,抖音,抖音,极致三代低脂纯牛奶（250ml*12）,19,413.1075
2026-7-28,抖音,抖音,极致高品质全脂纯牛奶（250ml*16）,1067,28927.2236
2026-7-28,抖音,抖音,梦幻盖极致有机纯牛奶（250ml*12）,24,636.9816
2026-7-28,抖音,抖音,简卡原味钻酸奶200g*10,4,88.0148
2026-7-28,抖音,抖音,钻石装极致有机纯牛奶（200ml*10）,6,122.6478
2026-7-28,拼多多,拼多多,250S极致娟姗纯牛奶250mL*12,12,261.5772
2026-7-28,拼多多,拼多多,250ml方巧(1*24),28,897.75
2026-7-28,拼多多,拼多多,250ml舒释奶（全脂)(1*12),26,517.1062
2026-7-28,拼多多,拼多多,三元3.3g方白纯牛奶（250mL*24）,764,23477.7964
2026-7-28,拼多多,拼多多,三元3.3g方白脱脂无菌砖(250ml*24),1097,29965.2132
2026-7-28,拼多多,拼多多,三元晚安牛奶（250ml*10）,1,25.9843
2026-7-28,拼多多,拼多多,三元纯牛奶足球礼盒（250ml*12）,4,84.84
2026-7-28,拼多多,拼多多,体验装单盒方巧,96,128.25
2026-7-28,拼多多,拼多多,小方白卡皮巴拉脱脂纯牛奶（200mL*24）,51,1216.8447
2026-7-28,拼多多,拼多多,常温版极致三代全脂纯牛奶,4,86.8156
2026-7-28,拼多多,拼多多,极小智有机A2纯牛奶200mL*10,12,221.7756
2026-7-28,拼多多,拼多多,极致A2精巧装200ml*10,11,171.5857
2026-7-28,拼多多,拼多多,极致三代低脂纯牛奶（250ml*12）,7,152.1975
2026-7-28,拼多多,拼多多,极致高品质全脂纯牛奶（250ml*16）,75,2033.31
2026-7-28,拼多多,拼多多,梦幻盖极致A2纯牛奶250ml*12,2,63.2584
2026-7-28,拼多多,拼多多,梦幻盖极致有机纯牛奶（250ml*12）,13,345.0317
2026-7-28,拼多多,拼多多,钻石装极致有机纯牛奶（200ml*10）,10,204.413
2026-7-28,新零售,新零售,200S极致有机纯牛奶200mL*10,2215,39775.198
2026-7-28,新零售,新零售,250ML利乐砖高钙牛奶(1*20),306,8090.2422
2026-7-28,新零售,新零售,250S极致娟姗纯牛奶250mL*12,2,43.5962
2026-7-28,新零售,新零售,250ml方巧(1*24),8,256.5
2026-7-28,新零售,新零售,三元3.2g小方枕全脂利乐枕-电商(227ml*16),3729,75676.326
2026-7-28,新零售,新零售,三元3.3g全脂纯牛奶无菌砖（200ml*24）卡皮巴拉,123,3521.9574
2026-7-28,新零售,新零售,三元3.3g方白纯牛奶（250mL*24）,694,21326.6894
2026-7-28,新零售,新零售,三元3.3g方白脱脂无菌砖(250ml*24),1241,33898.6596
2026-7-28,新零售,新零售,极小智有机A2纯牛奶200mL*10,8,147.8504
2026-7-28,新零售,新零售,极致A2精巧装200ml*10,42,655.1454
2026-7-28,新零售,新零售,极致三代低脂纯牛奶（250ml*12）,61,1326.2925
2026-7-28,新零售,新零售,极致高品质全脂纯牛奶（250ml*16）,32,867.5456
2026-7-28,新零售,新零售,梦幻盖极致有机纯牛奶（250ml*12）,832,22082.0288
2026-7-28,新零售,新零售,钻石包极致有机纯牛奶（200ml*21）,164,5946.2956
2026-7-29,京东,京东POP,三元3.3g方白纯牛奶（250mL*24）,225,6914.2725
2026-7-29,京东,京东POP,250ml方巧(1*24),44,1410.75
2026-7-29,京东,京东POP,梦幻盖极致有机纯牛奶（250ml*12）,18,477.7362
2026-7-29,京东,京东POP,极致三代低脂纯牛奶（250ml*12）,13,282.6525
2026-7-29,京东,京东POP,常温版极致三代全脂纯牛奶,3,65.1117
2026-7-29,京东,京东POP,梦幻盖极致A2纯牛奶250ml*12,3,94.8876
2026-7-29,京东,京东POP,三元3.3g全脂纯牛奶无菌砖（200ml*24）卡皮巴拉,107,3063.8166
2026-7-29,京东,京东POP,三元3.3g方白脱脂无菌砖(250ml*24),39,1065.3084
2026-7-29,京东,京东POP,三元北京纯牛奶全脂（250mL*10）,273,5049.8994
2026-7-29,京东,京东POP,三元纯牛奶足球礼盒（250ml*12）,10,212.1
2026-7-29,京东,京东POP,体验装 200M单盒,6,7.216625
2026-7-29,京东,京东POP,250ml舒释奶（全脂)(1*12),16,318.2192
2026-7-29,京东,京东POP,极小智有机A2纯牛奶200mL*10,49,905.5837
2026-7-29,京东,京东POP,极致A2精巧装200ml*10,184,2870.1608
2026-7-29,京东,京东POP,极致高品质全脂纯牛奶（250ml*16）,45,1219.986
2026-7-29,京东,京东POP,简卡原味钻酸奶200g*10,10,220.037
2026-7-29,京东,京东POP,250S极致娟姗纯牛奶250mL*12,11,239.7791
2026-7-29,京东,京东POP,钻石装极致有机纯牛奶（200ml*10）,54,1103.8302
2026-7-29,京东,京东自营,三元北京纯牛奶全脂（250mL*10）,4000,73991.2
2026-7-29,京东,京东自营,梦幻盖极致有机纯牛奶（250ml*12）,3000,79622.7
2026-7-29,天猫,猫旗,三元3.3g方白纯牛奶（250mL*24）,691,21234.4991
2026-7-29,天猫,猫旗,250ml方巧(1*24),96,3078
2026-7-29,天猫,猫旗,梦幻盖极致有机纯牛奶（250ml*12）,25,663.5225
2026-7-29,天猫,猫旗,极致三代低脂纯牛奶（250ml*12）,27,587.0475
2026-7-29,天猫,猫旗,常温版极致三代全脂纯牛奶,12,260.4468
2026-7-29,天猫,猫旗,三元3.3g全脂纯牛奶无菌砖（200ml*24）卡皮巴拉,17,486.7746
2026-7-29,天猫,猫旗,三元3.3g方白脱脂无菌砖(250ml*24),140,3824.184
2026-7-29,天猫,猫旗,三元北京纯牛奶全脂（250mL*10）,11,203.4758
2026-7-29,天猫,猫旗,三元晚安牛奶（250ml*10）,9,233.8587
2026-7-29,天猫,猫旗,三元纯牛奶足球礼盒（250ml*12）,2,42.42
2026-7-29,天猫,猫旗,体验装 有机单盒,36,72.3774
2026-7-29,天猫,猫旗,体验装 极致A2精巧单盒,5,13.17883333
2026-7-29,天猫,猫旗,体验装 极致娟姗拆单盒,46,83.55938333
2026-7-29,天猫,猫旗,体验装 特品脱脂拆单盒,72,71.5791
2026-7-29,天猫,猫旗,体验装单盒方巧,138,184.359375
2026-7-29,天猫,猫旗,体验装单盒特品,444,539.52845
2026-7-29,天猫,猫旗,250ml舒释奶（全脂)(1*12),9,178.9983
2026-7-29,天猫,猫旗,北京纯全脂拆单盒,239,442.09742
2026-7-29,天猫,猫旗,小方白卡皮巴拉脱脂纯牛奶（200mL*24）,9,214.7373
2026-7-29,天猫,猫旗,极小智有机A2纯牛奶200mL*10,17,314.1821
2026-7-29,天猫,猫旗,极致A2精巧装200ml*10,36,561.5532
2026-7-29,天猫,猫旗,极致高品质全脂纯牛奶（250ml*16）,112,3036.4096
2026-7-29,天猫,猫旗,简卡原味钻酸奶200g*10,9,198.0333
2026-7-29,天猫,猫旗,250S极致娟姗纯牛奶250mL*12,18,392.3658
2026-7-29,天猫,猫旗,250S极致有机纯牛奶250mL*12,8,193.0064
2026-7-29,天猫,猫旗,钻石装极致有机纯牛奶（200ml*10）,1,20.4413
2026-7-29,天猫,猫超,三元3.2g小方枕全脂利乐枕-电商(227ml*16),1000,20294
2026-7-29,小程序及其他,小程序及其他,三元3.3g方白纯牛奶（250mL*24）,789,24246.0489
2026-7-29,小程序及其他,小程序及其他,三元A2纯牛奶DS200ml*10,4,61.2028
2026-7-29,小程序及其他,小程序及其他,250ml方巧(1*24),16,513
2026-7-29,小程序及其他,小程序及其他,梦幻盖极致有机纯牛奶（250ml*12）,7,185.7863
2026-7-29,小程序及其他,小程序及其他,极致三代低脂纯牛奶（250ml*12）,89,1935.0825
2026-7-29,小程序及其他,小程序及其他,常温版极致三代全脂纯牛奶,24,520.8936
2026-7-29,小程序及其他,小程序及其他,梦幻盖极致A2纯牛奶250ml*12,23,727.4716
2026-7-29,小程序及其他,小程序及其他,三元3.3g全脂纯牛奶无菌砖（200ml*24）卡皮巴拉,9,257.7042
2026-7-29,小程序及其他,小程序及其他,三元3.3g方白脱脂无菌砖(250ml*24),14,382.4184
2026-7-29,小程序及其他,小程序及其他,三元北京纯牛奶全脂（250mL*10）,11,203.4758
2026-7-29,小程序及其他,小程序及其他,三元晚安牛奶（250ml*10）,7,181.8901
2026-7-29,小程序及其他,小程序及其他,250ml舒释奶（全脂)(1*12),3,59.6661
2026-7-29,小程序及其他,小程序及其他,小方白卡皮巴拉脱脂纯牛奶（200mL*24）,18,429.4746
2026-7-29,小程序及其他,小程序及其他,极小智有机A2纯牛奶200mL*10,4,73.9252
2026-7-29,小程序及其他,小程序及其他,极致A2精巧装200ml*10,80,1247.896
2026-7-29,小程序及其他,小程序及其他,极致高品质全脂纯牛奶（250ml*16）,8,216.8864
2026-7-29,小程序及其他,小程序及其他,简卡原味钻酸奶200g*10,34,748.1258
2026-7-29,小程序及其他,小程序及其他,250S极致娟姗纯牛奶250mL*12,7,152.5867
2026-7-29,小程序及其他,小程序及其他,250S极致有机纯牛奶250mL*12,4,96.5032
2026-7-29,小程序及其他,小程序及其他,钻石装极致有机纯牛奶（200ml*10）,21,429.2673
2026-7-29,抖音,抖音,三元3.3g方白纯牛奶（250mL*24）,3720,114315.972
2026-7-29,抖音,抖音,250ml方巧(1*24),290,9298.125
2026-7-29,抖音,抖音,梦幻盖极致有机纯牛奶（250ml*12）,26,690.0634
2026-7-29,抖音,抖音,极致三代低脂纯牛奶（250ml*12）,12,260.91
2026-7-29,抖音,抖音,常温版极致三代全脂纯牛奶,31,672.8209
2026-7-29,抖音,抖音,三元3.3g全脂纯牛奶无菌砖（200ml*24）卡皮巴拉,24,687.2112
2026-7-29,抖音,抖音,三元3.3g方白脱脂无菌砖(250ml*24),264,7211.3184
2026-7-29,抖音,抖音,三元北京纯牛奶全脂（250mL*10）,286,5290.3708
2026-7-29,抖音,抖音,三元晚安牛奶（250ml*10）,1,25.9843
2026-7-29,抖音,抖音,三元纯牛奶足球礼盒（250ml*12）,585,12407.85
2026-7-29,抖音,抖音,北京纯全脂拆单盒,3710,6862.6838
2026-7-29,抖音,抖音,听装三元畅倍益益生菌奶粉700g*6,3,0
2026-7-29,抖音,抖音,小方白卡皮巴拉脱脂纯牛奶（200mL*24）,6,143.1582
2026-7-29,抖音,抖音,极小智有机A2纯牛奶200mL*10,2,36.9626
2026-7-29,抖音,抖音,极致A2精巧装200ml*10,110,1715.857
2026-7-29,抖音,抖音,极致高品质全脂纯牛奶（250ml*16）,1119,30336.9852
2026-7-29,抖音,抖音,简卡原味钻酸奶200g*10,10,220.037
2026-7-29,抖音,抖音,250S极致娟姗纯牛奶250mL*12,313,6822.8053
2026-7-29,抖音,抖音,钻石装极致有机纯牛奶（200ml*10）,16,327.0608
2026-7-29,拼多多,拼多多,三元3.3g方白纯牛奶（250mL*24）,1489,45757.1189
2026-7-29,拼多多,拼多多,250ml方巧(1*24),10,320.625
2026-7-29,拼多多,拼多多,梦幻盖极致有机纯牛奶（250ml*12）,10,265.409
2026-7-29,拼多多,拼多多,极致三代低脂纯牛奶（250ml*12）,7,152.1975
2026-7-29,拼多多,拼多多,常温版极致三代全脂纯牛奶,8,173.6312
2026-7-29,拼多多,拼多多,梦幻盖极致A2纯牛奶250ml*12,1,31.6292
2026-7-29,拼多多,拼多多,三元3.3g全脂纯牛奶无菌砖（200ml*24）卡皮巴拉,4,114.5352
2026-7-29,拼多多,拼多多,三元3.3g方白脱脂无菌砖(250ml*24),998,27260.9688
2026-7-29,拼多多,拼多多,三元北京纯牛奶全脂（250mL*10）,1,18.4978
2026-7-29,拼多多,拼多多,三元纯牛奶足球礼盒（250ml*12）,3,63.63
2026-7-29,拼多多,拼多多,体验装单盒方巧,72,96.1875
2026-7-29,拼多多,拼多多,250ml舒释奶（全脂)(1*12),15,298.3305
2026-7-29,拼多多,拼多多,小方白卡皮巴拉脱脂纯牛奶（200mL*24）,38,906.6686
2026-7-29,拼多多,拼多多,极小智有机A2纯牛奶200mL*10,10,184.813
2026-7-29,拼多多,拼多多,极致A2精巧装200ml*10,16,249.5792
2026-7-29,拼多多,拼多多,极致高品质全脂纯牛奶（250ml*16）,62,1680.8696
2026-7-29,拼多多,拼多多,简卡原味钻酸奶200g*10,2,44.0074
2026-7-29,拼多多,拼多多,250S极致娟姗纯牛奶250mL*12,12,261.5772
2026-7-29,拼多多,拼多多,钻石装极致有机纯牛奶（200ml*10）,12,245.2956
2026-7-29,新零售,新零售,200M特品纯牛奶（200ml*24）,4400,128320.28
2026-7-29,新零售,新零售,200S极致有机纯牛奶200mL*10,1668,29952.6096
2026-7-29,新零售,新零售,250ML利乐砖高钙牛奶(1*20),75,1982.9025
2026-7-29,新零售,新零售,250S极致娟姗纯牛奶250mL*12,2580,56239.098
2026-7-29,新零售,新零售,250ml方巧(1*24),542,17377.875
2026-7-29,新零售,新零售,三元3.3g方白纯牛奶（250mL*24）,27,829.7127
2026-7-29,新零售,新零售,梦幻盖极致有机纯牛奶（250ml*12）,9,238.8681
2026-7-29,新零售,新零售,极致三代低脂纯牛奶（250ml*12）,4,86.97
2026-7-29,新零售,新零售,三元3.2g小方枕全脂利乐枕-电商(227ml*16),2950,59867.3
2026-7-29,新零售,新零售,三元3.3g全脂纯牛奶无菌砖（200ml*24）卡皮巴拉,2295,65714.571
2026-7-29,新零售,新零售,三元3.3g方白纯牛奶（250mL*24）,4360,133983.236
2026-7-29,新零售,新零售,三元3.3g方白脱脂无菌砖(250ml*24),1487,40618.2972
2026-7-29,新零售,新零售,三元3.3g方白脱脂无菌砖(250ml*24),20,546.312
2026-7-29,新零售,新零售,三元北京纯牛奶全脂（250mL*10）,531,9822.3318
2026-7-29,新零售,新零售,常温版极致三代全脂纯牛奶,424,9202.4536
2026-7-29,新零售,新零售,极小智有机A2纯牛奶200mL*10,1,18.4813
2026-7-29,新零售,新零售,极致A2精巧装200mL*20,2280,65060.028
2026-7-29,新零售,新零售,极致A2精巧装200ml*10,246,3837.2802
2026-7-29,新零售,新零售,极致三代低脂纯牛奶（250ml*12）,744,16176.42
2026-7-29,新零售,新零售,极致高品质全脂纯牛奶（250ml*16）,206,5584.8248
2026-7-29,新零售,新零售,梦幻盖极致有机纯牛奶（250ml*12）,1172,31105.9348
2026-7-29,新零售,新零售,250S极致娟姗纯牛奶250mL*12,2,43.5962
2026-7-30,京东,京东POP,三元3.3g方白纯牛奶（250mL*24）,199,6115.2899
2026-7-30,京东,京东POP,250ml方巧(1*24),32,1026
2026-7-30,京东,京东POP,梦幻盖极致有机纯牛奶（250ml*12）,13,345.0317
2026-7-30,京东,京东POP,极致三代低脂纯牛奶（250ml*12）,24,521.82
2026-7-30,京东,京东POP,常温版极致三代全脂纯牛奶,4,86.8156
2026-7-30,京东,京东POP,梦幻盖极致A2纯牛奶250ml*12,6,189.7752
2026-7-30,京东,京东POP,三元3.3g全脂纯牛奶无菌砖（200ml*24）卡皮巴拉,69,1975.7322
2026-7-30,京东,京东POP,三元3.3g方白脱脂无菌砖(250ml*24),27,737.5212
2026-7-30,京东,京东POP,三元北京纯牛奶全脂（250mL*10）,278,5142.3884
2026-7-30,京东,京东POP,三元纯牛奶足球礼盒（250ml*12）,23,487.83
2026-7-30,京东,京东POP,体验装 200M单盒,30,36.08312499
2026-7-30,京东,京东POP,250ml舒释奶（全脂)(1*12),46,914.8802
2026-7-30,京东,京东POP,极小智有机A2纯牛奶200mL*10,30,554.439
2026-7-30,京东,京东POP,极致A2精巧装200ml*10,243,3790.4841
2026-7-30,京东,京东POP,极致高品质全脂纯牛奶（250ml*16）,64,1735.0912
2026-7-30,京东,京东POP,简卡原味钻酸奶200g*10,2,44.0074
2026-7-30,京东,京东POP,250S极致娟姗纯牛奶250mL*12,15,326.9715
2026-7-30,京东,京东POP,钻石装极致有机纯牛奶（200ml*10）,82,1676.1866
2026-7-30,天猫,猫旗,三元3.3g方白纯牛奶（250mL*24）,820,25198.682
2026-7-30,天猫,猫旗,250ml方巧(1*24),80,2565
2026-7-30,天猫,猫旗,梦幻盖极致有机纯牛奶（250ml*12）,18,477.7362
2026-7-30,天猫,猫旗,极致三代低脂纯牛奶（250ml*12）,28,608.79
2026-7-30,天猫,猫旗,常温版极致三代全脂纯牛奶,12,260.4468
2026-7-30,天猫,猫旗,梦幻盖极致A2纯牛奶250ml*12,5,158.146
2026-7-30,天猫,猫旗,三元3.3g全脂纯牛奶无菌砖（200ml*24）卡皮巴拉,43,1231.2534
2026-7-30,天猫,猫旗,三元3.3g方白脱脂无菌砖(250ml*24),150,4097.34
2026-7-30,天猫,猫旗,三元北京纯牛奶全脂（250mL*10）,10,184.978
2026-7-30,天猫,猫旗,三元晚安牛奶（250ml*10）,2,51.9686
2026-7-30,天猫,猫旗,三元纯牛奶足球礼盒（250ml*12）,1,21.21
2026-7-30,天猫,猫旗,体验装 有机单盒,18,36.18869999
2026-7-30,天猫,猫旗,体验装 极致A2精巧单盒,6,15.8146
2026-7-30,天猫,猫旗,体验装 极致娟姗拆单盒,64,116.2565333
2026-7-30,天猫,猫旗,体验装 特品脱脂拆单盒,84,83.50895003
2026-7-30,天猫,猫旗,体验装单盒方巧,108,144.28125
2026-7-30,天猫,猫旗,体验装单盒特品,396,481.2010501
2026-7-30,天猫,猫旗,250ml舒释奶（全脂)(1*12),13,258.5531
2026-7-30,天猫,猫旗,北京纯全脂拆单盒,266,492.04148
2026-7-30,天猫,猫旗,小方白卡皮巴拉脱脂纯牛奶（200mL*24）,9,214.7373
2026-7-30,天猫,猫旗,极小智有机A2纯牛奶200mL*10,30,554.439
2026-7-30,天猫,猫旗,极致A2精巧装200ml*10,19,296.3753
2026-7-30,天猫,猫旗,极致高品质全脂纯牛奶（250ml*16）,90,2439.972
2026-7-30,天猫,猫旗,简卡原味钻酸奶200g*10,9,198.0333
2026-7-30,天猫,猫旗,芭芭农场DM单,1,0
2026-7-30,天猫,猫旗,芭芭农场纸箱,1,0
2026-7-30,天猫,猫旗,250S极致娟姗纯牛奶250mL*12,13,283.3753
2026-7-30,天猫,猫旗,250S极致有机纯牛奶250mL*12,2,48.2516
2026-7-30,天猫,猫旗,钻石装极致有机纯牛奶（200ml*10）,7,143.0891
2026-7-30,小程序及其他,小程序及其他,三元3.3g方白纯牛奶（250mL*24）,828,25444.5228
2026-7-30,小程序及其他,小程序及其他,三元A2纯牛奶DS200ml*10,13,198.9091
2026-7-30,小程序及其他,小程序及其他,250ml方巧(1*24),42,1346.625
2026-7-30,小程序及其他,小程序及其他,梦幻盖极致有机纯牛奶（250ml*12）,41,1088.1769
2026-7-30,小程序及其他,小程序及其他,极致三代低脂纯牛奶（250ml*12）,119,2587.3575
2026-7-30,小程序及其他,小程序及其他,常温版极致三代全脂纯牛奶,26,564.3014
2026-7-30,小程序及其他,小程序及其他,梦幻盖极致A2纯牛奶250ml*12,14,442.8088
2026-7-30,小程序及其他,小程序及其他,三元3.3g全脂纯牛奶无菌砖（200ml*24）卡皮巴拉,21,601.3098
2026-7-30,小程序及其他,小程序及其他,三元3.3g方白脱脂无菌砖(250ml*24),65,1775.514
2026-7-30,小程序及其他,小程序及其他,三元北京纯牛奶全脂（250mL*10）,12,221.9736
2026-7-30,小程序及其他,小程序及其他,三元晚安牛奶（250ml*10）,7,181.8901
2026-7-30,小程序及其他,小程序及其他,250ml舒释奶（全脂)(1*12),4,79.5548
2026-7-30,小程序及其他,小程序及其他,小方白卡皮巴拉脱脂纯牛奶（200mL*24）,29,691.9313
2026-7-30,小程序及其他,小程序及其他,极小智有机A2纯牛奶200mL*10,11,203.2943
2026-7-30,小程序及其他,小程序及其他,极致A2精巧装200ml*10,201,3135.3387
2026-7-30,小程序及其他,小程序及其他,极致高品质全脂纯牛奶（250ml*16）,11,298.2188
2026-7-30,小程序及其他,小程序及其他,简卡原味钻酸奶200g*10,28,616.1036
2026-7-30,小程序及其他,小程序及其他,250S极致娟姗纯牛奶250mL*12,11,239.7791
2026-7-30,小程序及其他,小程序及其他,钻石装极致有机纯牛奶（200ml*10）,22,449.7086
2026-7-30,抖音,抖音,三元3.3g方白纯牛奶（250mL*24）,3279,100763.9979
2026-7-30,抖音,抖音,250ml方巧(1*24),179,5739.1875
2026-7-30,抖音,抖音,梦幻盖极致有机纯牛奶（250ml*12）,40,1061.636
2026-7-30,抖音,抖音,极致三代低脂纯牛奶（250ml*12）,66,1435.005
2026-7-30,抖音,抖音,常温版极致三代全脂纯牛奶,42,911.5638
2026-7-30,抖音,抖音,三元3.3g全脂纯牛奶无菌砖（200ml*24）卡皮巴拉,23,658.5774
2026-7-30,抖音,抖音,三元3.3g方白脱脂无菌砖(250ml*24),386,10543.8216
2026-7-30,抖音,抖音,三元北京纯牛奶全脂（250mL*10）,573,10599.2394
2026-7-30,抖音,抖音,三元晚安牛奶（250ml*10）,2,51.9686
2026-7-30,抖音,抖音,三元纯牛奶足球礼盒（250ml*12）,633,13425.93
2026-7-30,抖音,抖音,北京纯全脂拆单盒,3012,5571.53736
2026-7-30,抖音,抖音,听装三元畅倍益益生菌奶粉700g*6,2,0
2026-7-30,抖音,抖音,小方白卡皮巴拉脱脂纯牛奶（200mL*24）,9,214.7373
2026-7-30,抖音,抖音,极致A2精巧装200ml*10,97,1513.0739
2026-7-30,抖音,抖音,极致高品质全脂纯牛奶（250ml*16）,1159,31421.4172
2026-7-30,抖音,抖音,简卡原味钻酸奶200g*10,10,220.037
2026-7-30,抖音,抖音,250S极致娟姗纯牛奶250mL*12,203,4425.0143
2026-7-30,抖音,抖音,钻石装极致有机纯牛奶（200ml*10）,6,122.6478
2026-7-30,拼多多,拼多多,三元3.3g方白纯牛奶（250mL*24）,1216,37367.8016
2026-7-30,拼多多,拼多多,250ml方巧(1*24),14,448.875
2026-7-30,拼多多,拼多多,梦幻盖极致有机纯牛奶（250ml*12）,8,212.3272
2026-7-30,拼多多,拼多多,极致三代低脂纯牛奶（250ml*12）,12,260.91
2026-7-30,拼多多,拼多多,三元3.3g方白脱脂无菌砖(250ml*24),995,27179.022
2026-7-30,拼多多,拼多多,三元全脂纯牛奶3.0无菌砖(250mL*24),24,734.4
2026-7-30,拼多多,拼多多,三元北京纯牛奶全脂（250mL*10）,1,18.4978
2026-7-30,拼多多,拼多多,三元晚安牛奶（250ml*10）,3,77.9529
2026-7-30,拼多多,拼多多,三元纯牛奶足球礼盒（250ml*12）,1,21.21
2026-7-30,拼多多,拼多多,体验装单盒方巧,152,203.0625
2026-7-30,拼多多,拼多多,250ml舒释奶（全脂)(1*12),22,437.5514
2026-7-30,拼多多,拼多多,小方白卡皮巴拉脱脂纯牛奶（200mL*24）,33,787.3701
2026-7-30,拼多多,拼多多,极小智有机A2纯牛奶200mL*10,3,55.4439
2026-7-30,拼多多,拼多多,极致A2精巧装200ml*10,11,171.5857
2026-7-30,拼多多,拼多多,极致高品质全脂纯牛奶（250ml*16）,65,1762.202
2026-7-30,拼多多,拼多多,250S极致娟姗纯牛奶250mL*12,11,239.7791
2026-7-30,拼多多,拼多多,钻石装极致有机纯牛奶（200ml*10）,18,367.9434
2026-7-30,新零售,新零售,三元3.3g方白纯牛奶（250mL*24）,21,645.3321
2026-7-30,新零售,新零售,梦幻盖极致有机纯牛奶（250ml*12）,4,106.1636
2026-7-30,新零售,新零售,极致三代低脂纯牛奶（250ml*12）,5,108.7125
2026-7-30,新零售,新零售,三元3.2g小方枕全脂利乐枕-电商(227ml*16),2288,46432.672
2026-7-30,新零售,新零售,三元3.3g方白脱脂无菌砖(250ml*24),8,218.5248
2026-7-30,新零售,新零售,三元北京纯牛奶全脂（250mL*10）,201,3718.0578
2026-7-30,新零售,新零售,极小智有机A2纯牛奶200mL*10,2,36.9626
2026-7-30,新零售,新零售,极致高品质全脂纯牛奶（250ml*16）,4,108.4432
2026-7-30,新零售,新零售,梦幻盖极致有机纯牛奶（250ml*12）,428,11359.5052
2026-7-30,新零售,新零售,简卡原味钻酸奶200g*10,20,440.074
2026-7-30,新零售,新零售,250S极致娟姗纯牛奶250mL*12,2,43.5962
2026-7-31,京东,京东POP,三元3.3g方白纯牛奶（250mL*24）,180,5531.418
2026-7-31,京东,京东POP,250ml方巧(1*24),24,769.5
2026-7-31,京东,京东POP,梦幻盖极致有机纯牛奶（250ml*12）,3,79.6227
2026-7-31,京东,京东POP,极致三代低脂纯牛奶（250ml*12）,10,217.425
2026-7-31,京东,京东POP,常温版极致三代全脂纯牛奶,4,86.8156
2026-7-31,京东,京东POP,梦幻盖极致A2纯牛奶250ml*12,3,94.8876
2026-7-31,京东,京东POP,三元3.3g全脂纯牛奶无菌砖（200ml*24）卡皮巴拉,78,2233.4364
2026-7-31,京东,京东POP,三元3.3g方白脱脂无菌砖(250ml*24),20,546.312
2026-7-31,京东,京东POP,三元北京纯牛奶全脂（250mL*10）,231,4272.9918
2026-7-31,京东,京东POP,三元纯牛奶足球礼盒（250ml*12）,4,84.84
2026-7-31,京东,京东POP,体验装单盒方巧,8,10.6875
2026-7-31,京东,京东POP,250ml舒释奶（全脂)(1*12),29,576.7723
2026-7-31,京东,京东POP,极小智有机A2纯牛奶200mL*10,41,757.7333
2026-7-31,京东,京东POP,极致A2精巧装200ml*10,208,3244.5296
2026-7-31,京东,京东POP,极致高品质全脂纯牛奶（250ml*16）,64,1735.0912
2026-7-31,京东,京东POP,简卡原味钻酸奶200g*10,1,22.0037
2026-7-31,京东,京东POP,250S极致娟姗纯牛奶250mL*12,25,544.9525
2026-7-31,京东,京东POP,钻石装极致有机纯牛奶（200ml*10）,77,1573.9801
2026-7-31,天猫,猫旗,三元3.3g方白纯牛奶（250mL*24）,808,24829.9208
2026-7-31,天猫,猫旗,250ml方巧(1*24),112,3591
2026-7-31,天猫,猫旗,梦幻盖极致有机纯牛奶（250ml*12）,12,318.4908
2026-7-31,天猫,猫旗,极致三代低脂纯牛奶（250ml*12）,32,695.76
2026-7-31,天猫,猫旗,常温版极致三代全脂纯牛奶,3,65.1117
2026-7-31,天猫,猫旗,梦幻盖极致A2纯牛奶250ml*12,4,126.5168
2026-7-31,天猫,猫旗,三元3.3g全脂纯牛奶无菌砖（200ml*24）卡皮巴拉,27,773.1126
2026-7-31,天猫,猫旗,三元3.3g方白脱脂无菌砖(250ml*24),142,3878.8152
2026-7-31,天猫,猫旗,三元北京纯牛奶全脂（250mL*10）,13,240.4714
2026-7-31,天猫,猫旗,三元晚安牛奶（250ml*10）,2,51.9686
2026-7-31,天猫,猫旗,体验装 有机单盒,6,12.0629
2026-7-31,天猫,猫旗,体验装 极致A2精巧单盒,12,31.6292
2026-7-31,天猫,猫旗,体验装 极致娟姗拆单盒,18,32.69714999
2026-7-31,天猫,猫旗,体验装 特品脱脂拆单盒,84,83.50895003
2026-7-31,天猫,猫旗,体验装单盒方巧,120,160.3125
2026-7-31,天猫,猫旗,体验装单盒特品,360,437.4555001
2026-7-31,天猫,猫旗,250ml舒释奶（全脂)(1*12),12,238.6644
2026-7-31,天猫,猫旗,北京纯全脂拆单盒,239,442.09742
2026-7-31,天猫,猫旗,小方白卡皮巴拉脱脂纯牛奶（200mL*24）,4,95.4388
2026-7-31,天猫,猫旗,极小智有机A2纯牛奶200mL*10,22,406.5886
2026-7-31,天猫,猫旗,极致A2精巧装200ml*10,38,592.7506
2026-7-31,天猫,猫旗,极致高品质全脂纯牛奶（250ml*16）,94,2548.4152
2026-7-31,天猫,猫旗,简卡原味钻酸奶200g*10,4,88.0148
2026-7-31,天猫,猫旗,芭芭农场DM单,2,0
2026-7-31,天猫,猫旗,芭芭农场纸箱,2,0
2026-7-31,天猫,猫旗,250S极致娟姗纯牛奶250mL*12,16,348.7696
2026-7-31,天猫,猫旗,250S极致有机纯牛奶250mL*12,7,168.8806
2026-7-31,小程序及其他,小程序及其他,三元3.3g方白纯牛奶（250mL*24）,561,17239.5861
2026-7-31,小程序及其他,小程序及其他,三元A2纯牛奶DS200ml*10,3,45.9021
2026-7-31,小程序及其他,小程序及其他,250ml方巧(1*24),5,160.3125
2026-7-31,小程序及其他,小程序及其他,梦幻盖极致有机纯牛奶（250ml*12）,3,79.6227
2026-7-31,小程序及其他,小程序及其他,极致三代低脂纯牛奶（250ml*12）,106,2304.705
2026-7-31,小程序及其他,小程序及其他,常温版极致三代全脂纯牛奶,27,586.0053
2026-7-31,小程序及其他,小程序及其他,梦幻盖极致A2纯牛奶250ml*12,29,917.2468
2026-7-31,小程序及其他,小程序及其他,三元3.3g全脂纯牛奶无菌砖（200ml*24）卡皮巴拉,10,286.338
2026-7-31,小程序及其他,小程序及其他,三元3.3g方白脱脂无菌砖(250ml*24),8,218.5248
2026-7-31,小程序及其他,小程序及其他,三元北京纯牛奶全脂（250mL*10）,14,258.9692
2026-7-31,小程序及其他,小程序及其他,三元晚安牛奶（250ml*10）,9,233.8587
2026-7-31,小程序及其他,小程序及其他,250ml舒释奶（全脂)(1*12),3,59.6661
2026-7-31,小程序及其他,小程序及其他,小方白卡皮巴拉脱脂纯牛奶（200mL*24）,12,286.3164
2026-7-31,小程序及其他,小程序及其他,极小智有机A2纯牛奶200mL*10,1,18.4813
2026-7-31,小程序及其他,小程序及其他,极致A2精巧装200ml*10,83,1294.6921
2026-7-31,小程序及其他,小程序及其他,简卡原味钻酸奶200g*10,39,858.1443
2026-7-31,小程序及其他,小程序及其他,250S极致有机纯牛奶250mL*12,1,24.1258
2026-7-31,小程序及其他,小程序及其他,钻石装极致有机纯牛奶（200ml*10）,16,327.0608
2026-7-31,抖音,抖音,三元3.3g方白纯牛奶（250mL*24）,4066,124948.5866
2026-7-31,抖音,抖音,250ml方巧(1*24),315,10099.6875
2026-7-31,抖音,抖音,梦幻盖极致有机纯牛奶（250ml*12）,33,875.8497
2026-7-31,抖音,抖音,极致三代低脂纯牛奶（250ml*12）,50,1087.125
2026-7-31,抖音,抖音,常温版极致三代全脂纯牛奶,41,889.8599
2026-7-31,抖音,抖音,三元3.3g全脂纯牛奶无菌砖（200ml*24）卡皮巴拉,23,658.5774
2026-7-31,抖音,抖音,三元3.3g方白脱脂无菌砖(250ml*24),394,10762.3464
2026-7-31,抖音,抖音,三元北京纯牛奶全脂（250mL*10）,2026,37476.5428
2026-7-31,抖音,抖音,三元晚安牛奶（250ml*10）,2,51.9686
2026-7-31,抖音,抖音,三元纯牛奶足球礼盒（250ml*12）,634,13447.14
2026-7-31,抖音,抖音,北京纯全脂拆单盒,372,688.11816
2026-7-31,抖音,抖音,听装三元畅倍益益生菌奶粉700g*6,2,0
2026-7-31,抖音,抖音,小方白卡皮巴拉脱脂纯牛奶（200mL*24）,12,286.3164
2026-7-31,抖音,抖音,极致A2精巧装200ml*10,105,1637.8635
2026-7-31,抖音,抖音,极致高品质全脂纯牛奶（250ml*16）,1366,37033.3528
2026-7-31,抖音,抖音,简卡原味钻酸奶200g*10,14,308.0518
2026-7-31,抖音,抖音,250S极致娟姗纯牛奶250mL*12,352,7672.9312
2026-7-31,抖音,抖音,钻石装极致有机纯牛奶（200ml*10）,18,367.9434
2026-7-31,拼多多,多多买菜,三元3.3g全脂纯牛奶无菌砖（200ml*24）卡皮巴拉,5000,143169
2026-7-31,拼多多,多多买菜,三元3.3g方白纯牛奶（250mL*24）,8000,245840.8
2026-7-31,拼多多,拼多多,三元3.3g方白纯牛奶（250mL*24）,1130,34725.013
2026-7-31,拼多多,拼多多,250ml方巧(1*24),22,705.375
2026-7-31,拼多多,拼多多,梦幻盖极致有机纯牛奶（250ml*12）,18,477.7362
2026-7-31,拼多多,拼多多,极致三代低脂纯牛奶（250ml*12）,13,282.6525
2026-7-31,拼多多,拼多多,三元3.3g方白脱脂无菌砖(250ml*24),962,26277.6072
2026-7-31,拼多多,拼多多,三元全脂纯牛奶3.0无菌砖(250mL*24),8,244.8
2026-7-31,拼多多,拼多多,三元北京纯牛奶全脂（250mL*10）,3,55.4934
2026-7-31,拼多多,拼多多,三元晚安牛奶（250ml*10）,4,103.9372
2026-7-31,拼多多,拼多多,三元纯牛奶足球礼盒（250ml*12）,1,21.21
2026-7-31,拼多多,拼多多,体验装单盒方巧,120,160.3125
2026-7-31,拼多多,拼多多,250ml舒释奶（全脂)(1*12),15,298.3305
2026-7-31,拼多多,拼多多,小方白卡皮巴拉脱脂纯牛奶（200mL*24）,52,1240.7044
2026-7-31,拼多多,拼多多,极小智有机A2纯牛奶200mL*10,12,221.7756
2026-7-31,拼多多,拼多多,极致A2精巧装200ml*10,6,93.5922
2026-7-31,拼多多,拼多多,极致高品质全脂纯牛奶（250ml*16）,70,1897.756
2026-7-31,拼多多,拼多多,简卡原味钻酸奶200g*10,2,44.0074
2026-7-31,拼多多,拼多多,250S极致娟姗纯牛奶250mL*12,3,65.3943
2026-7-31,拼多多,拼多多,钻石装极致有机纯牛奶（200ml*10）,16,327.0608
2026-7-31,新零售,新零售,三元3.3g方白纯牛奶（250mL*24）,14,430.2214
2026-7-31,新零售,新零售,梦幻盖极致有机纯牛奶（250ml*12）,1,26.5409
2026-7-31,新零售,新零售,极致三代低脂纯牛奶（250ml*12）,5,108.7125
2026-7-31,新零售,新零售,三元3.3g方白纯牛奶（250mL*24）,4000,122920.4
2026-7-31,新零售,新零售,三元3.3g方白脱脂无菌砖(250ml*24),100,2731.56
2026-7-31,新零售,新零售,三元3.3g方白脱脂无菌砖(250ml*24),12,327.7872
2026-7-31,新零售,新零售,极小智有机A2纯牛奶200mL*10,2,36.9626
2026-7-31,新零售,新零售,极致高品质全脂纯牛奶（250ml*16）,6,162.6648
2026-7-31,新零售,新零售,250S极致娟姗纯牛奶250mL*12,4,87.1924
2026-8-1,京东,京东POP,三元3.3g方白纯牛奶（250mL*24）,463,14228.0363
2026-8-1,京东,京东POP,250ml方巧(1*24),51,1635.1875
2026-8-1,京东,京东POP,梦幻盖极致有机纯牛奶（250ml*12）,12,318.4908
2026-8-1,京东,京东POP,极致三代低脂纯牛奶（250ml*12）,19,413.1075
2026-8-1,京东,京东POP,梦幻盖极致A2纯牛奶250ml*12,2,63.2584
2026-8-1,京东,京东POP,三元3.3g全脂纯牛奶无菌砖（200ml*24）卡皮巴拉,173,4953.6474
2026-8-1,京东,京东POP,三元3.3g方白脱脂无菌砖(250ml*24),42,1147.2552
2026-8-1,京东,京东POP,三元北京纯牛奶全脂（250mL*10）,409,7565.6002
2026-8-1,京东,京东POP,三元纯牛奶足球礼盒（250ml*12）,20,424.2
2026-8-1,京东,京东POP,体验装 200M单盒,24,28.86649999
2026-8-1,京东,京东POP,体验装单盒方巧,4,5.34375
2026-8-1,京东,京东POP,250ml舒释奶（全脂)(1*12),21,417.6627
2026-8-1,京东,京东POP,极小智有机A2纯牛奶200mL*10,18,332.6634
2026-8-1,京东,京东POP,极致A2精巧装200ml*10,189,2948.1543
2026-8-1,京东,京东POP,极致高品质全脂纯牛奶（250ml*16）,46,1247.0968
2026-8-1,京东,京东POP,简卡原味钻酸奶200g*10,3,66.0111
2026-8-1,京东,京东POP,250S极致娟姗纯牛奶250mL*12,19,414.1639
2026-8-1,京东,京东POP,250S极致有机纯牛奶250mL*12,2,48.2516
2026-8-1,京东,京东POP,钻石装极致有机纯牛奶（200ml*10）,100,2044.13
2026-8-1,京东,京东自营,250ML利乐砖高钙牛奶(1*20),2844,75191.6628
2026-8-1,京东,京东自营,250S极致有机纯牛奶250mL*12,384,9264.3072
2026-8-1,京东,京东自营,250ml方巧(1*24),5976,191605.5
2026-8-1,京东,京东自营,三元3.3g全脂纯牛奶无菌砖（200ml*24）卡皮巴拉,39864,1141457.803
2026-8-1,京东,京东自营,三元3.3g方白纯牛奶（250mL*24）,43396,1333563.42
2026-8-1,京东,京东自营,三元3.3g方白脱脂无菌砖(250ml*24),12718,347399.8008
2026-8-1,京东,京东自营,冰岛式酸奶（200g*24）,927,41563.5282
2026-8-1,京东,京东自营,小方白卡皮巴拉低脂高钙牛奶（200mL*24）,5108,134440.5168
2026-8-1,京东,京东自营,小方白卡皮巴拉脱脂纯牛奶（200mL*24）,7856,187441.8032
2026-8-1,京东,京东自营,常温版极致三代全脂纯牛奶,315,6836.7285
2026-8-1,京东,京东自营,极小智有机A2纯牛奶200mL*10,1050,19405.365
2026-8-1,京东,京东自营,极致4.0高蛋白纯牛奶250mL*24,7965,414700.1145
2026-8-1,京东,京东自营,极致A2精巧装16入,2720,64926.4
2026-8-1,京东,京东自营,极致A2精巧装200ml*10,1080,16846.596
2026-8-1,京东,京东自营,极致三代低脂纯牛奶（250ml*12）,2592,56356.56
2026-8-1,京东,京东自营,极致有机低脂纯牛奶（200ml*21）,10380,401287.686
2026-8-1,京东,京东自营,极致高品质全脂纯牛奶（250ml*16）,3148,85344.7984
2026-8-1,京东,京东自营,梦幻盖极致A2纯牛奶250ml*12,136,4301.5712
2026-8-1,京东,京东自营,梦幻盖极致娟姗纯牛奶（250ml*10）,1076,28744.3716
2026-8-1,京东,京东自营,梦幻盖极致有机纯牛奶（250ml*12）,2464,65396.7776
2026-8-1,京东,京东自营,简卡原味钻酸奶200g*10,1592,35029.8904
2026-8-1,京东,京东自营,钻石包极致有机纯牛奶（200ml*21）,6096,221028.1584
2026-8-1,天猫,猫旗,三元3.3g方白纯牛奶（250mL*24）,779,23938.7479
2026-8-1,天猫,猫旗,250ml方巧(1*24),83,2661.1875
2026-8-1,天猫,猫旗,梦幻盖极致有机纯牛奶（250ml*12）,18,477.7362
2026-8-1,天猫,猫旗,极致三代低脂纯牛奶（250ml*12）,36,782.73
2026-8-1,天猫,猫旗,常温版极致三代全脂纯牛奶,14,303.8546
2026-8-1,天猫,猫旗,梦幻盖极致A2纯牛奶250ml*12,2,63.2584
2026-8-1,天猫,猫旗,三元3.3g全脂纯牛奶无菌砖（200ml*24）卡皮巴拉,30,859.014
2026-8-1,天猫,猫旗,三元3.3g方白脱脂无菌砖(250ml*24),112,3059.3472
2026-8-1,天猫,猫旗,三元北京纯牛奶全脂（250mL*10）,15,277.467
2026-8-1,天猫,猫旗,三元晚安牛奶（250ml*10）,7,181.8901
2026-8-1,天猫,猫旗,三元纯牛奶足球礼盒（250ml*12）,2,42.42
2026-8-1,天猫,猫旗,体验装 有机单盒,24,48.25159999
2026-8-1,天猫,猫旗,体验装 极致A2精巧单盒,83,218.7686334
2026-8-1,天猫,猫旗,体验装 极致娟姗拆单盒,36,65.39429999
2026-8-1,天猫,猫旗,体验装 特品脱脂拆单盒,120,119.2985
2026-8-1,天猫,猫旗,体验装单盒方巧,120,160.3125
2026-8-1,天猫,猫旗,体验装单盒特品,318,386.4190251
2026-8-1,天猫,猫旗,250ml舒释奶（全脂)(1*12),12,238.6644
2026-8-1,天猫,猫旗,北京纯全脂拆单盒,193,357.00754
2026-8-1,天猫,猫旗,小方白卡皮巴拉脱脂纯牛奶（200mL*24）,6,143.1582
2026-8-1,天猫,猫旗,极小智有机A2纯牛奶200mL*10,20,369.626
2026-8-1,天猫,猫旗,极致A2精巧装200ml*10,27,421.1649
2026-8-1,天猫,猫旗,极致高品质全脂纯牛奶（250ml*16）,106,2873.7448
2026-8-1,天猫,猫旗,简卡原味钻酸奶200g*10,8,176.0296
2026-8-1,天猫,猫旗,芭芭农场DM单,13,0
2026-8-1,天猫,猫旗,芭芭农场纸箱,13,0
2026-8-1,天猫,猫旗,250S极致娟姗纯牛奶250mL*12,35,762.9335
2026-8-1,天猫,猫旗,250S极致有机纯牛奶250mL*12,19,458.3902
2026-8-1,天猫,猫旗,钻石装极致有机纯牛奶（200ml*10）,1,20.4413
2026-8-1,小程序及其他,小程序及其他,三元3.3g方白纯牛奶（250mL*24）,596,18315.1396
2026-8-1,小程序及其他,小程序及其他,三元A2纯牛奶DS200ml*10,3,45.9021
2026-8-1,小程序及其他,小程序及其他,250ml方巧(1*24),6,192.375
2026-8-1,小程序及其他,小程序及其他,极致三代低脂纯牛奶（250ml*12）,108,2348.19
2026-8-1,小程序及其他,小程序及其他,常温版极致三代全脂纯牛奶,16,347.2624
2026-8-1,小程序及其他,小程序及其他,梦幻盖极致A2纯牛奶250ml*12,21,664.2132
2026-8-1,小程序及其他,小程序及其他,三元3.3g全脂纯牛奶无菌砖（200ml*24）卡皮巴拉,5,143.169
2026-8-1,小程序及其他,小程序及其他,三元3.3g方白脱脂无菌砖(250ml*24),9,245.8404
2026-8-1,小程序及其他,小程序及其他,三元北京纯牛奶全脂（250mL*10）,7,129.4846
2026-8-1,小程序及其他,小程序及其他,三元晚安牛奶（250ml*10）,7,181.8901
2026-8-1,小程序及其他,小程序及其他,250ml舒释奶（全脂)(1*12),1,19.8887
2026-8-1,小程序及其他,小程序及其他,小方白卡皮巴拉脱脂纯牛奶（200mL*24）,4,95.4388
2026-8-1,小程序及其他,小程序及其他,极小智有机A2纯牛奶200mL*10,3,55.4439
2026-8-1,小程序及其他,小程序及其他,极致A2精巧装200ml*10,52,811.1324
2026-8-1,小程序及其他,小程序及其他,极致高品质全脂纯牛奶（250ml*16）,16,433.7728
2026-8-1,小程序及其他,小程序及其他,简卡原味钻酸奶200g*10,25,550.0925
2026-8-1,小程序及其他,小程序及其他,250S极致有机纯牛奶250mL*12,14,337.7612
2026-8-1,小程序及其他,小程序及其他,钻石装极致有机纯牛奶（200ml*10）,30,613.239
2026-8-1,抖音,抖音,三元3.3g方白纯牛奶（250mL*24）,1883,57864.7783
2026-8-1,抖音,抖音,250ml方巧(1*24),181,5803.3125
2026-8-1,抖音,抖音,梦幻盖极致有机纯牛奶（250ml*12）,10,265.409
2026-8-1,抖音,抖音,极致三代低脂纯牛奶（250ml*12）,42,913.185
2026-8-1,抖音,抖音,常温版极致三代全脂纯牛奶,16,347.2624
2026-8-1,抖音,抖音,三元3.3g全脂纯牛奶无菌砖（200ml*24）卡皮巴拉,27,773.1126
2026-8-1,抖音,抖音,三元3.3g方白脱脂无菌砖(250ml*24),354,9669.7224
2026-8-1,抖音,抖音,三元北京纯牛奶全脂（250mL*10）,877,16222.5706
2026-8-1,抖音,抖音,三元晚安牛奶（250ml*10）,1,25.9843
2026-8-1,抖音,抖音,三元纯牛奶足球礼盒（250ml*12）,247,5238.87
2026-8-1,抖音,抖音,250ml舒释奶（全脂)(1*12),3,59.6661
2026-8-1,抖音,抖音,北京纯全脂拆单盒,306,566.03268
2026-8-1,抖音,抖音,小方白卡皮巴拉脱脂纯牛奶（200mL*24）,10,238.597
2026-8-1,抖音,抖音,极小智有机A2纯牛奶200mL*10,2,36.9626
2026-8-1,抖音,抖音,极致A2精巧装200ml*10,43,670.7441
2026-8-1,抖音,抖音,极致高品质全脂纯牛奶（250ml*16）,1011,27409.0188
2026-8-1,抖音,抖音,简卡原味钻酸奶200g*10,13,286.0481
2026-8-1,抖音,抖音,250S极致娟姗纯牛奶250mL*12,149,3247.9169
2026-8-1,拼多多,拼多多,三元3.3g方白纯牛奶（250mL*24）,1139,35001.5839
2026-8-1,拼多多,拼多多,250ml方巧(1*24),20,641.25
2026-8-1,拼多多,拼多多,梦幻盖极致有机纯牛奶（250ml*12）,14,371.5726
2026-8-1,拼多多,拼多多,极致三代低脂纯牛奶（250ml*12）,10,217.425
2026-8-1,拼多多,拼多多,常温版极致三代全脂纯牛奶,2,43.4078
2026-8-1,拼多多,拼多多,梦幻盖极致A2纯牛奶250ml*12,1,31.6292
2026-8-1,拼多多,拼多多,三元3.3g方白脱脂无菌砖(250ml*24),1076,29391.5856
2026-8-1,拼多多,拼多多,三元晚安牛奶（250ml*10）,2,51.9686
2026-8-1,拼多多,拼多多,三元纯牛奶足球礼盒（250ml*12）,1,21.21
2026-8-1,拼多多,拼多多,体验装单盒方巧,96,128.25
2026-8-1,拼多多,拼多多,250ml舒释奶（全脂)(1*12),23,457.4401
2026-8-1,拼多多,拼多多,小方白卡皮巴拉脱脂纯牛奶（200mL*24）,46,1097.5462
2026-8-1,拼多多,拼多多,极小智有机A2纯牛奶200mL*10,10,184.813
2026-8-1,拼多多,拼多多,极致A2精巧装200ml*10,14,218.3818
2026-8-1,拼多多,拼多多,极致高品质全脂纯牛奶（250ml*16）,64,1735.0912
2026-8-1,拼多多,拼多多,250S极致娟姗纯牛奶250mL*12,9,196.1829
2026-8-1,拼多多,拼多多,钻石装极致有机纯牛奶（200ml*10）,6,122.6478
2026-8-1,新零售,新零售,200S极致有机纯牛奶200mL*10,1650,29629.38
2026-8-1,新零售,新零售,250ML利乐砖高钙牛奶(1*20),493,13034.2791
2026-8-1,新零售,新零售,250S极致娟姗纯牛奶250mL*12,1488,32435.5728
2026-8-1,新零售,新零售,250ml方巧(1*24),199,6380.4375
2026-8-1,新零售,新零售,三元3.3g方白纯牛奶（250mL*24）,11,338.0311
2026-8-1,新零售,新零售,极致三代低脂纯牛奶（250ml*12）,4,86.97
2026-8-1,新零售,新零售,三元3.2g小方枕全脂利乐枕-电商(227ml*16),2242,45499.148
2026-8-1,新零售,新零售,三元3.3g全脂纯牛奶无菌砖（200ml*24）卡皮巴拉,933,26715.3354
2026-8-1,新零售,新零售,三元3.3g方白纯牛奶（250mL*24）,182,5592.8782
2026-8-1,新零售,新零售,三元3.3g方白脱脂无菌砖(250ml*24),989,27015.1284
2026-8-1,新零售,新零售,三元3.3g方白脱脂无菌砖(250ml*24),6,163.8936
2026-8-1,新零售,新零售,常温版极致三代全脂纯牛奶,320,6945.248
2026-8-1,新零售,新零售,极小智有机A2纯牛奶200mL*10,3,55.4439
2026-8-1,新零售,新零售,极致A2精巧装200ml*10,264,4118.0568
2026-8-1,新零售,新零售,极致三代低脂纯牛奶（250ml*12）,208,4522.44
2026-8-1,新零售,新零售,极致高品质全脂纯牛奶（250ml*16）,46,1247.0968
2026-8-1,新零售,新零售,梦幻盖极致有机纯牛奶（250ml*12）,620,16455.358
2026-8-1,新零售,新零售,简卡原味钻酸奶200g*10,60,1320.222
2026-8-1,新零售,新零售,250S极致娟姗纯牛奶250mL*12,1,21.7981
2026-8-2,京东,京东POP,三元3.3g方白纯牛奶（250mL*24）,522,16041.1122
2026-8-2,京东,京东POP,250ml方巧(1*24),67,2148.1875
2026-8-2,京东,京东POP,梦幻盖极致有机纯牛奶（250ml*12）,14,371.5726
2026-8-2,京东,京东POP,极致三代低脂纯牛奶（250ml*12）,9,195.6825
2026-8-2,京东,京东POP,常温版极致三代全脂纯牛奶,7,151.9273
2026-8-2,京东,京东POP,梦幻盖极致A2纯牛奶250ml*12,5,158.146
2026-8-2,京东,京东POP,三元3.3g全脂纯牛奶无菌砖（200ml*24）卡皮巴拉,163,4667.3094
2026-8-2,京东,京东POP,三元3.3g方白脱脂无菌砖(250ml*24),83,2267.1948
2026-8-2,京东,京东POP,三元北京纯牛奶全脂（250mL*10）,449,8305.5122
2026-8-2,京东,京东POP,三元纯牛奶足球礼盒（250ml*12）,6,127.26
2026-8-2,京东,京东POP,体验装 200M单盒,6,7.216624998
2026-8-2,京东,京东POP,体验装单盒方巧,4,5.34375
2026-8-2,京东,京东POP,250ml舒释奶（全脂)(1*12),18,357.9966
2026-8-2,京东,京东POP,极小智有机A2纯牛奶200mL*10,29,535.9577
2026-8-2,京东,京东POP,极致A2精巧装200ml*10,173,2698.5751
2026-8-2,京东,京东POP,极致高品质全脂纯牛奶（250ml*16）,40,1084.432
2026-8-2,京东,京东POP,简卡原味钻酸奶200g*10,4,88.0148
2026-8-2,京东,京东POP,250S极致娟姗纯牛奶250mL*12,16,348.7696
2026-8-2,京东,京东POP,250S极致有机纯牛奶250mL*12,4,96.5032
2026-8-2,京东,京东POP,钻石装极致有机纯牛奶（200ml*10）,82,1676.1866
2026-8-2,天猫,猫旗,三元3.3g方白纯牛奶（250mL*24）,795,24430.4295
2026-8-2,天猫,猫旗,250ml方巧(1*24),83,2661.1875
2026-8-2,天猫,猫旗,梦幻盖极致有机纯牛奶（250ml*12）,12,318.4908
2026-8-2,天猫,猫旗,极致三代低脂纯牛奶（250ml*12）,19,413.1075
2026-8-2,天猫,猫旗,常温版极致三代全脂纯牛奶,4,86.8156
2026-8-2,天猫,猫旗,梦幻盖极致A2纯牛奶250ml*12,3,94.8876
2026-8-2,天猫,猫旗,三元3.3g全脂纯牛奶无菌砖（200ml*24）卡皮巴拉,48,1374.4224
2026-8-2,天猫,猫旗,三元3.3g方白脱脂无菌砖(250ml*24),108,2950.0848
2026-8-2,天猫,猫旗,三元北京纯牛奶全脂（250mL*10）,7,129.4846
2026-8-2,天猫,猫旗,三元晚安牛奶（250ml*10）,13,337.7959
2026-8-2,天猫,猫旗,体验装 有机单盒,78,156.8177
2026-8-2,天猫,猫旗,体验装 极致A2精巧单盒,6,15.8146
2026-8-2,天猫,猫旗,体验装 极致娟姗拆单盒,34,61.76128332
2026-8-2,天猫,猫旗,体验装 特品脱脂拆单盒,126,125.263425
2026-8-2,天猫,猫旗,体验装单盒方巧,156,208.40625
2026-8-2,天猫,猫旗,体验装单盒特品,390,473.9101251
2026-8-2,天猫,猫旗,250ml舒释奶（全脂)(1*12),6,119.3322
2026-8-2,天猫,猫旗,北京纯全脂拆单盒,263,486.49214
2026-8-2,天猫,猫旗,小方白卡皮巴拉脱脂纯牛奶（200mL*24）,10,238.597
2026-8-2,天猫,猫旗,极小智有机A2纯牛奶200mL*10,14,258.7382
2026-8-2,天猫,猫旗,极致A2精巧装200ml*10,29,452.3623
2026-8-2,天猫,猫旗,极致高品质全脂纯牛奶（250ml*16）,95,2575.526
2026-8-2,天猫,猫旗,简卡原味钻酸奶200g*10,10,220.037
2026-8-2,天猫,猫旗,芭芭农场DM单,1,0
2026-8-2,天猫,猫旗,芭芭农场纸箱,1,0
2026-8-2,天猫,猫旗,250S极致娟姗纯牛奶250mL*12,24,523.1544
2026-8-2,天猫,猫旗,250S极致有机纯牛奶250mL*12,18,434.2644
2026-8-2,天猫,猫旗,钻石装极致有机纯牛奶（200ml*10）,6,122.6478
2026-8-2,小程序及其他,小程序及其他,三元3.3g方白纯牛奶（250mL*24）,434,13336.8634
2026-8-2,小程序及其他,小程序及其他,三元A2纯牛奶DS200ml*10,3,45.9021
2026-8-2,小程序及其他,小程序及其他,250ml方巧(1*24),7,224.4375
2026-8-2,小程序及其他,小程序及其他,梦幻盖极致有机纯牛奶（250ml*12）,4,106.1636
2026-8-2,小程序及其他,小程序及其他,极致三代低脂纯牛奶（250ml*12）,70,1521.975
2026-8-2,小程序及其他,小程序及其他,常温版极致三代全脂纯牛奶,4,86.8156
2026-8-2,小程序及其他,小程序及其他,梦幻盖极致A2纯牛奶250ml*12,42,1328.4264
2026-8-2,小程序及其他,小程序及其他,三元3.3g方白脱脂无菌砖(250ml*24),8,218.5248
2026-8-2,小程序及其他,小程序及其他,三元北京纯牛奶全脂（250mL*10）,16,295.9648
2026-8-2,小程序及其他,小程序及其他,三元晚安牛奶（250ml*10）,7,181.8901
2026-8-2,小程序及其他,小程序及其他,250ml舒释奶（全脂)(1*12),1,19.8887
2026-8-2,小程序及其他,小程序及其他,小方白卡皮巴拉脱脂纯牛奶（200mL*24）,3,71.5791
2026-8-2,小程序及其他,小程序及其他,极小智有机A2纯牛奶200mL*10,6,110.8878
2026-8-2,小程序及其他,小程序及其他,极致A2精巧装200ml*10,53,826.7311
2026-8-2,小程序及其他,小程序及其他,极致高品质全脂纯牛奶（250ml*16）,10,271.108
2026-8-2,小程序及其他,小程序及其他,简卡原味钻酸奶200g*10,19,418.0703
2026-8-2,小程序及其他,小程序及其他,250S极致有机纯牛奶250mL*12,10,241.258
2026-8-2,小程序及其他,小程序及其他,钻石装极致有机纯牛奶（200ml*10）,21,429.2673
2026-8-2,抖音,抖音,三元3.3g方白纯牛奶（250mL*24）,3165,97260.7665
2026-8-2,抖音,抖音,250ml方巧(1*24),175,5610.9375
2026-8-2,抖音,抖音,梦幻盖极致有机纯牛奶（250ml*12）,1,26.5409
2026-8-2,抖音,抖音,极致三代低脂纯牛奶（250ml*12）,28,608.79
2026-8-2,抖音,抖音,常温版极致三代全脂纯牛奶,23,499.1897
2026-8-2,抖音,抖音,三元3.3g全脂纯牛奶无菌砖（200ml*24）卡皮巴拉,22,629.9436
2026-8-2,抖音,抖音,三元3.3g方白脱脂无菌砖(250ml*24),263,7184.0028
2026-8-2,抖音,抖音,三元北京纯牛奶全脂（250mL*10）,1138,21050.4964
2026-8-2,抖音,抖音,三元晚安牛奶（250ml*10）,3,77.9529
2026-8-2,抖音,抖音,三元纯牛奶足球礼盒（250ml*12）,216,4581.36
2026-8-2,抖音,抖音,北京纯全脂拆单盒,278,514.23884
2026-8-2,抖音,抖音,小方白卡皮巴拉脱脂纯牛奶（200mL*24）,12,286.3164
2026-8-2,抖音,抖音,极致A2精巧装200ml*10,55,857.9285
2026-8-2,抖音,抖音,极致高品质全脂纯牛奶（250ml*16）,686,18598.0088
2026-8-2,抖音,抖音,简卡原味钻酸奶200g*10,8,176.0296
2026-8-2,抖音,抖音,250S极致娟姗纯牛奶250mL*12,151,3291.5131
2026-8-2,拼多多,拼多多,三元3.3g方白纯牛奶（250mL*24）,1281,39365.2581
2026-8-2,拼多多,拼多多,250ml方巧(1*24),32,1026
2026-8-2,拼多多,拼多多,梦幻盖极致有机纯牛奶（250ml*12）,9,238.8681
2026-8-2,拼多多,拼多多,极致三代低脂纯牛奶（250ml*12）,13,282.6525
2026-8-2,拼多多,拼多多,常温版极致三代全脂纯牛奶,2,43.4078
2026-8-2,拼多多,拼多多,梦幻盖极致A2纯牛奶250ml*12,1,31.6292
2026-8-2,拼多多,拼多多,三元3.3g方白脱脂无菌砖(250ml*24),1145,31276.362
2026-8-2,拼多多,拼多多,三元北京纯牛奶全脂（250mL*10）,2,36.9956
2026-8-2,拼多多,拼多多,三元纯牛奶足球礼盒（250ml*12）,2,42.42
2026-8-2,拼多多,拼多多,体验装单盒方巧,144,192.375
2026-8-2,拼多多,拼多多,250ml舒释奶（全脂)(1*12),14,278.4418
2026-8-2,拼多多,拼多多,小方白卡皮巴拉脱脂纯牛奶（200mL*24）,47,1121.4059
2026-8-2,拼多多,拼多多,极小智有机A2纯牛奶200mL*10,23,425.0699
2026-8-2,拼多多,拼多多,极致A2精巧装200ml*10,18,280.7766
2026-8-2,拼多多,拼多多,极致高品质全脂纯牛奶（250ml*16）,63,1707.9804
2026-8-2,拼多多,拼多多,简卡原味钻酸奶200g*10,1,22.0037
2026-8-2,拼多多,拼多多,250S极致娟姗纯牛奶250mL*12,6,130.7886
2026-8-2,拼多多,拼多多,钻石装极致有机纯牛奶（200ml*10）,20,408.826
2026-8-2,新零售,新零售,200S极致有机纯牛奶200mL*10,582,10451.0904
2026-8-2,新零售,新零售,250ML利乐砖高钙牛奶(1*20),274,7244.2038
2026-8-2,新零售,新零售,250ml方巧(1*24),31,993.9375
2026-8-2,新零售,新零售,三元3.3g方白纯牛奶（250mL*24）,13,399.4913
2026-8-2,新零售,新零售,梦幻盖极致有机纯牛奶（250ml*12）,3,79.6227
2026-8-2,新零售,新零售,极致三代低脂纯牛奶（250ml*12）,5,108.7125
2026-8-2,新零售,新零售,三元3.2g小方枕全脂利乐枕-电商(227ml*16),27,547.938
2026-8-2,新零售,新零售,三元3.3g全脂纯牛奶无菌砖（200ml*24）卡皮巴拉,111,3178.3518
2026-8-2,新零售,新零售,三元3.3g方白纯牛奶（250mL*24）,366,11247.2166
2026-8-2,新零售,新零售,三元3.3g方白脱脂无菌砖(250ml*24),5414,147886.6584
2026-8-2,新零售,新零售,三元3.3g方白脱脂无菌砖(250ml*24),5,136.578
2026-8-2,新零售,新零售,极小智有机A2纯牛奶200mL*10,1,18.4813
2026-8-2,新零售,新零售,极致A2精巧装200ml*10,36,561.5532
2026-8-2,新零售,新零售,极致三代低脂纯牛奶（250ml*12）,60,1304.55
2026-8-2,新零售,新零售,梦幻盖极致有机纯牛奶（250ml*12）,2109,55974.7581
2026-8-2,新零售,新零售,钻石包极致有机纯牛奶（200ml*21）,34,1232.7686
2026-8-3,京东,京东POP,三元3.3g方白纯牛奶（250mL*24）,542,16655.7142
2026-8-3,京东,京东POP,250ml方巧(1*24),59,1891.6875
2026-8-3,京东,京东POP,梦幻盖极致有机纯牛奶（250ml*12）,8,212.3272
2026-8-3,京东,京东POP,极致三代低脂纯牛奶（250ml*12）,11,239.1675
2026-8-3,京东,京东POP,常温版极致三代全脂纯牛奶,1,21.7039
2026-8-3,京东,京东POP,梦幻盖极致A2纯牛奶250ml*12,7,221.4044
2026-8-3,京东,京东POP,三元3.3g全脂纯牛奶无菌砖（200ml*24）卡皮巴拉,205,5869.929
2026-8-3,京东,京东POP,三元3.3g方白脱脂无菌砖(250ml*24),76,2075.9856
2026-8-3,京东,京东POP,三元北京纯牛奶全脂（250mL*10）,446,8250.0188
2026-8-3,京东,京东POP,三元纯牛奶足球礼盒（250ml*12）,2,42.42
2026-8-3,京东,京东POP,体验装 200M单盒,6,7.216624998
2026-8-3,京东,京东POP,体验装 极小智单盒,3,5.54439
2026-8-3,京东,京东POP,体验装单盒方巧,8,10.6875
2026-8-3,京东,京东POP,250ml舒释奶（全脂)(1*12),11,218.7757
2026-8-3,京东,京东POP,极小智有机A2纯牛奶200mL*10,41,757.7333
2026-8-3,京东,京东POP,极致A2精巧装200ml*10,148,2308.6076
2026-8-3,京东,京东POP,极致高品质全脂纯牛奶（250ml*16）,33,894.6564
2026-8-3,京东,京东POP,简卡原味钻酸奶200g*10,2,44.0074
2026-8-3,京东,京东POP,250S极致娟姗纯牛奶250mL*12,16,348.7696
2026-8-3,京东,京东POP,钻石装极致有机纯牛奶（200ml*10）,82,1676.1866
2026-8-3,京东,京东自营,250ML利乐砖高钙牛奶(1*20),2617,69190.0779
2026-8-3,京东,京东自营,250S极致有机纯牛奶250mL*12,1028,24801.3224
2026-8-3,京东,京东自营,三元3.2g小方枕全脂利乐枕-电商(227ml*16),2000,40588
2026-8-3,京东,京东自营,常温版极致三代全脂纯牛奶,1272,27607.3608
2026-8-3,京东,京东自营,极小智有机A2纯牛奶200mL*10,4416,81613.4208
2026-8-3,京东,京东自营,极致4.0高蛋白纯牛奶250mL*24,1782,92780.3646
2026-8-3,京东,京东自营,极致A2精巧装200ml*10,1686,26299.4082
2026-8-3,京东,京东自营,梦幻盖极致A2纯牛奶250ml*12,492,15561.5664
2026-8-3,京东,京东自营,梦幻盖极致娟姗纯牛奶（250ml*10）,1360,36331.176
2026-8-3,京东,京东自营,钻石包极致有机纯牛奶（200ml*21）,573,20775.7767
2026-8-3,天猫,猫旗,三元3.3g方白纯牛奶（250mL*24）,796,24461.1596
2026-8-3,天猫,猫旗,250ml方巧(1*24),106,3398.625
2026-8-3,天猫,猫旗,梦幻盖极致有机纯牛奶（250ml*12）,27,716.6043
2026-8-3,天猫,猫旗,极致三代低脂纯牛奶（250ml*12）,23,500.0775
2026-8-3,天猫,猫旗,常温版极致三代全脂纯牛奶,7,151.9273
2026-8-3,天猫,猫旗,梦幻盖极致A2纯牛奶250ml*12,4,126.5168
2026-8-3,天猫,猫旗,三元3.3g全脂纯牛奶无菌砖（200ml*24）卡皮巴拉,29,830.3802
2026-8-3,天猫,猫旗,三元3.3g方白脱脂无菌砖(250ml*24),120,3277.872
2026-8-3,天猫,猫旗,三元北京纯牛奶全脂（250mL*10）,5,92.489
2026-8-3,天猫,猫旗,三元晚安牛奶（250ml*10）,2,51.9686
2026-8-3,天猫,猫旗,三元纯牛奶足球礼盒（250ml*12）,1,21.21
2026-8-3,天猫,猫旗,体验装 有机单盒,54,108.5661
2026-8-3,天猫,猫旗,体验装 极全单盒,6,10.16655
2026-8-3,天猫,猫旗,体验装 极致A2精巧单盒,30,79.07300001
2026-8-3,天猫,猫旗,体验装 极致娟姗拆单盒,72,130.7886
2026-8-3,天猫,猫旗,体验装 特品脱脂拆单盒,114,113.333575
2026-8-3,天猫,猫旗,体验装单盒方巧,114,152.296875
2026-8-3,天猫,猫旗,体验装单盒特品,222,269.7642251
2026-8-3,天猫,猫旗,250ml舒释奶（全脂)(1*12),7,139.2209
2026-8-3,天猫,猫旗,北京纯全脂拆单盒,268,495.74104
2026-8-3,天猫,猫旗,小方白卡皮巴拉脱脂纯牛奶（200mL*24）,9,214.7373
2026-8-3,天猫,猫旗,极小智有机A2纯牛奶200mL*10,24,443.5512
2026-8-3,天猫,猫旗,极致A2精巧装200ml*10,23,358.7701
2026-8-3,天猫,猫旗,极致高品质全脂纯牛奶（250ml*16）,122,3307.5176
2026-8-3,天猫,猫旗,简卡原味钻酸奶200g*10,6,132.0222
2026-8-3,天猫,猫旗,芭芭农场DM单,5,0
2026-8-3,天猫,猫旗,芭芭农场纸箱,5,0
2026-8-3,天猫,猫旗,250S极致娟姗纯牛奶250mL*12,25,544.9525
2026-8-3,天猫,猫旗,250S极致有机纯牛奶250mL*12,3,72.3774
2026-8-3,天猫,猫旗,钻石装极致有机纯牛奶（200ml*10）,3,61.3239
2026-8-3,天猫,猫超,250ML利乐砖高钙牛奶(1*20),457,12082.4859
2026-8-3,天猫,猫超,250S极致娟姗纯牛奶250mL*12,263,5732.9003
2026-8-3,天猫,猫超,250ml方巧(1*24),3491,111930.1875
2026-8-3,天猫,猫超,三元3.2g小方枕全脂利乐枕-电商(227ml*16),1000,20294
2026-8-3,天猫,猫超,三元3.3g全脂纯牛奶无菌砖（200ml*24）卡皮巴拉,3372,96553.1736
2026-8-3,天猫,猫超,三元3.3g方白纯牛奶（250mL*24）,26,798.9826
2026-8-3,天猫,猫超,三元3.3g方白脱脂无菌砖(250ml*24),1293,35319.0708
2026-8-3,天猫,猫超,小方白卡皮巴拉低脂高钙牛奶（200mL*24）,212,5579.7552
2026-8-3,天猫,猫超,小方白卡皮巴拉脱脂纯牛奶（200mL*24）,304,7253.3488
2026-8-3,天猫,猫超,极小智有机A2纯牛奶200mL*10,290,5359.577
2026-8-3,天猫,猫超,极致A2精巧装200ml*10,467,7284.5929
2026-8-3,天猫,猫超,极致三代低脂纯牛奶（250ml*12）,79,1717.6575
2026-8-3,天猫,猫超,极致高品质全脂纯牛奶（250ml*16）,17,460.8836
2026-8-3,天猫,猫超,梦幻盖极致有机纯牛奶（250ml*12）,382,10138.6238
2026-8-3,天猫,猫超,简卡原味钻酸奶200g*10,68,1496.2516
2026-8-3,小程序及其他,小程序及其他,三元3.3g方白纯牛奶（250mL*24）,365,11216.4865
2026-8-3,小程序及其他,小程序及其他,三元A2纯牛奶DS200ml*10,5,76.5035
2026-8-3,小程序及其他,小程序及其他,250ml方巧(1*24),11,352.6875
2026-8-3,小程序及其他,小程序及其他,梦幻盖极致有机纯牛奶（250ml*12）,11,291.9499
2026-8-3,小程序及其他,小程序及其他,极致三代低脂纯牛奶（250ml*12）,84,1826.37
2026-8-3,小程序及其他,小程序及其他,常温版极致三代全脂纯牛奶,19,412.3741
2026-8-3,小程序及其他,小程序及其他,梦幻盖极致A2纯牛奶250ml*12,27,853.9884
2026-8-3,小程序及其他,小程序及其他,三元3.3g全脂纯牛奶无菌砖（200ml*24）卡皮巴拉,1,28.6338
2026-8-3,小程序及其他,小程序及其他,三元3.3g方白脱脂无菌砖(250ml*24),12,327.7872
2026-8-3,小程序及其他,小程序及其他,三元北京纯牛奶全脂（250mL*10）,8,147.9824
2026-8-3,小程序及其他,小程序及其他,三元晚安牛奶（250ml*10）,5,129.9215
2026-8-3,小程序及其他,小程序及其他,250ml舒释奶（全脂)(1*12),4,79.5548
2026-8-3,小程序及其他,小程序及其他,小方白卡皮巴拉脱脂纯牛奶（200mL*24）,1,23.8597
2026-8-3,小程序及其他,小程序及其他,极小智有机A2纯牛奶200mL*10,10,184.813
2026-8-3,小程序及其他,小程序及其他,极致A2精巧装200ml*10,75,1169.9025
2026-8-3,小程序及其他,小程序及其他,极致高品质全脂纯牛奶（250ml*16）,4,108.4432
2026-8-3,小程序及其他,小程序及其他,简卡原味钻酸奶200g*10,27,594.0999
2026-8-3,小程序及其他,小程序及其他,250S极致有机纯牛奶250mL*12,12,289.5096
2026-8-3,小程序及其他,小程序及其他,钻石装极致有机纯牛奶（200ml*10）,32,654.1216
2026-8-3,抖音,抖音,三元3.3g方白纯牛奶（250mL*24）,1958,60169.5358
2026-8-3,抖音,抖音,250ml方巧(1*24),176,5643
2026-8-3,抖音,抖音,梦幻盖极致有机纯牛奶（250ml*12）,15,398.1135
2026-8-3,抖音,抖音,极致三代低脂纯牛奶（250ml*12）,30,652.275
2026-8-3,抖音,抖音,常温版极致三代全脂纯牛奶,29,629.4131
2026-8-3,抖音,抖音,三元3.3g全脂纯牛奶无菌砖（200ml*24）卡皮巴拉,26,744.4788
2026-8-3,抖音,抖音,三元3.3g方白脱脂无菌砖(250ml*24),256,6992.7936
2026-8-3,抖音,抖音,三元北京纯牛奶全脂（250mL*10）,920,17017.976
2026-8-3,抖音,抖音,三元晚安牛奶（250ml*10）,12,311.8116
2026-8-3,抖音,抖音,三元纯牛奶足球礼盒（250ml*12）,283,6002.43
2026-8-3,抖音,抖音,北京纯全脂拆单盒,214,395.85292
2026-8-3,抖音,抖音,小方白卡皮巴拉脱脂纯牛奶（200mL*24）,8,190.8776
2026-8-3,抖音,抖音,极小智有机A2纯牛奶200mL*10,10,184.813
2026-8-3,抖音,抖音,极致A2精巧装200ml*10,53,826.7311
2026-8-3,抖音,抖音,极致高品质全脂纯牛奶（250ml*16）,783,21227.7564
2026-8-3,抖音,抖音,简卡原味钻酸奶200g*10,9,198.0333
2026-8-3,抖音,抖音,250S极致娟姗纯牛奶250mL*12,140,3051.734
2026-8-3,抖音,抖音,钻石装极致有机纯牛奶（200ml*10）,6,122.6478
2026-8-3,拼多多,拼多多,三元3.3g方白纯牛奶（250mL*24）,1155,35493.2655
2026-8-3,拼多多,拼多多,250ml方巧(1*24),21,673.3125
2026-8-3,拼多多,拼多多,梦幻盖极致有机纯牛奶（250ml*12）,13,345.0317
2026-8-3,拼多多,拼多多,极致三代低脂纯牛奶（250ml*12）,5,108.7125
2026-8-3,拼多多,拼多多,常温版极致三代全脂纯牛奶,6,130.2234
2026-8-3,拼多多,拼多多,梦幻盖极致A2纯牛奶250ml*12,1,31.6292
2026-8-3,拼多多,拼多多,三元3.3g方白脱脂无菌砖(250ml*24),1033,28217.0148
2026-8-3,拼多多,拼多多,三元北京纯牛奶全脂（250mL*10）,1,18.4978
2026-8-3,拼多多,拼多多,三元晚安牛奶（250ml*10）,1,25.9843
2026-8-3,拼多多,拼多多,三元纯牛奶足球礼盒（250ml*12）,3,63.63
2026-8-3,拼多多,拼多多,体验装单盒方巧,104,138.9375
2026-8-3,拼多多,拼多多,250ml舒释奶（全脂)(1*12),26,517.1062
2026-8-3,拼多多,拼多多,小方白卡皮巴拉脱脂纯牛奶（200mL*24）,50,1192.985
2026-8-3,拼多多,拼多多,极小智有机A2纯牛奶200mL*10,12,221.7756
2026-8-3,拼多多,拼多多,极致A2精巧装200ml*10,16,249.5792
2026-8-3,拼多多,拼多多,极致高品质全脂纯牛奶（250ml*16）,102,2765.3016
2026-8-3,拼多多,拼多多,250S极致娟姗纯牛奶250mL*12,5,108.9905
2026-8-3,拼多多,拼多多,钻石装极致有机纯牛奶（200ml*10）,6,122.6478
2026-8-3,新零售,新零售,250ML利乐砖高钙牛奶(1*20),1926,50920.9362
2026-8-3,新零售,新零售,三元3.3g方白纯牛奶（250mL*24）,8,245.8408
2026-8-3,新零售,新零售,梦幻盖极致有机纯牛奶（250ml*12）,3,79.6227
2026-8-3,新零售,新零售,极致三代低脂纯牛奶（250ml*12）,5,108.7125
2026-8-3,新零售,新零售,三元3.3g方白脱脂无菌砖(250ml*24),6,163.8936
2026-8-3,新零售,新零售,三元北京纯牛奶全脂（250mL*10）,600,11098.68
2026-8-3,新零售,新零售,极致高品质全脂纯牛奶（250ml*16）,6,162.6648
2026-8-3,新零售,新零售,钻石包极致有机纯牛奶（200ml*21）,542,19651.7818
2026-8-4,京东,京东POP,三元3.3g方白纯牛奶（250mL*24）,274,8420.0474
2026-8-4,京东,京东POP,250ml方巧(1*24),41,1314.5625
2026-8-4,京东,京东POP,梦幻盖极致有机纯牛奶（250ml*12）,16,424.6544
2026-8-4,京东,京东POP,极致三代低脂纯牛奶（250ml*12）,7,152.1975
2026-8-4,京东,京东POP,常温版极致三代全脂纯牛奶,2,43.4078
2026-8-4,京东,京东POP,梦幻盖极致A2纯牛奶250ml*12,4,126.5168
2026-8-4,京东,京东POP,三元3.3g全脂纯牛奶无菌砖（200ml*24）卡皮巴拉,107,3063.8166
2026-8-4,京东,京东POP,三元3.3g方白脱脂无菌砖(250ml*24),60,1638.936
2026-8-4,京东,京东POP,三元北京纯牛奶全脂（250mL*10）,36,665.9208
2026-8-4,京东,京东POP,三元纯牛奶足球礼盒（250ml*12）,6,127.26
2026-8-4,京东,京东POP,体验装 200M单盒,12,14.43325
2026-8-4,京东,京东POP,体验装 极全单盒,3,5.083275
2026-8-4,京东,京东POP,250ml舒释奶（全脂)(1*12),21,417.6627
2026-8-4,京东,京东POP,极小智有机A2纯牛奶200mL*10,38,702.2894
2026-8-4,京东,京东POP,极致A2精巧装200ml*10,106,1653.4622
2026-8-4,京东,京东POP,极致高品质全脂纯牛奶（250ml*16）,48,1301.3184
2026-8-4,京东,京东POP,简卡原味钻酸奶200g*10,2,44.0074
2026-8-4,京东,京东POP,250S极致娟姗纯牛奶250mL*12,20,435.962
2026-8-4,京东,京东POP,钻石装极致有机纯牛奶（200ml*10）,135,2759.5755
2026-8-4,京东,京东自营,冰岛式酸奶（200g*24）,2836,127156.5976
2026-8-4,京东,京东自营,极致三代全脂无菌砖（250ml*12）,8,0
2026-8-4,天猫,猫旗,三元3.3g方白纯牛奶（250mL*24）,820,25198.682
2026-8-4,天猫,猫旗,250ml方巧(1*24),62,1987.875
2026-8-4,天猫,猫旗,梦幻盖极致有机纯牛奶（250ml*12）,31,822.7679
2026-8-4,天猫,猫旗,极致三代低脂纯牛奶（250ml*12）,51,1108.8675
2026-8-4,天猫,猫旗,常温版极致三代全脂纯牛奶,4,86.8156
2026-8-4,天猫,猫旗,梦幻盖极致A2纯牛奶250ml*12,4,126.5168
2026-8-4,天猫,猫旗,三元3.3g全脂纯牛奶无菌砖（200ml*24）卡皮巴拉,25,715.845
2026-8-4,天猫,猫旗,三元3.3g方白脱脂无菌砖(250ml*24),120,3277.872
2026-8-4,天猫,猫旗,三元北京纯牛奶全脂（250mL*10）,2,36.9956
2026-8-4,天猫,猫旗,三元晚安牛奶（250ml*10）,10,259.843
2026-8-4,天猫,猫旗,三元纯牛奶足球礼盒（250ml*12）,1,21.21
2026-8-4,天猫,猫旗,体验装 有机单盒,24,48.25159999
2026-8-4,天猫,猫旗,体验装 极致A2精巧单盒,30,79.07300001
2026-8-4,天猫,猫旗,体验装 极致娟姗拆单盒,84,152.5867
2026-8-4,天猫,猫旗,体验装 特品脱脂拆单盒,54,53.68432502
2026-8-4,天猫,猫旗,体验装单盒方巧,174,232.453125
2026-8-4,天猫,猫旗,体验装单盒特品,180,218.7277501
2026-8-4,天猫,猫旗,250ml舒释奶（全脂)(1*12),16,318.2192
2026-8-4,天猫,猫旗,北京纯全脂拆单盒,20,36.9956
2026-8-4,天猫,猫旗,小方白卡皮巴拉脱脂纯牛奶（200mL*24）,22,524.9134
2026-8-4,天猫,猫旗,极小智有机A2纯牛奶200mL*10,30,554.439
2026-8-4,天猫,猫旗,极致A2精巧装200ml*10,37,577.1519
2026-8-4,天猫,猫旗,极致高品质全脂纯牛奶（250ml*16）,110,2982.188
2026-8-4,天猫,猫旗,简卡原味钻酸奶200g*10,15,330.0555
2026-8-4,天猫,猫旗,芭芭农场DM单,5,0
2026-8-4,天猫,猫旗,芭芭农场纸箱,5,0
2026-8-4,天猫,猫旗,250S极致娟姗纯牛奶250mL*12,21,457.7601
2026-8-4,天猫,猫旗,250S极致有机纯牛奶250mL*12,33,796.1514
2026-8-4,天猫,猫超,冰岛式酸奶（200g*24）,1370,61426.142
2026-8-4,小程序及其他,小程序及其他,三元3.3g方白纯牛奶（250mL*24）,468,14381.6868
2026-8-4,小程序及其他,小程序及其他,三元A2纯牛奶DS200ml*10,8,122.4056
2026-8-4,小程序及其他,小程序及其他,250ml方巧(1*24),88,2821.5
2026-8-4,小程序及其他,小程序及其他,梦幻盖极致有机纯牛奶（250ml*12）,6,159.2454
2026-8-4,小程序及其他,小程序及其他,极致三代低脂纯牛奶（250ml*12）,131,2848.2675
2026-8-4,小程序及其他,小程序及其他,常温版极致三代全脂纯牛奶,32,694.5248
2026-8-4,小程序及其他,小程序及其他,梦幻盖极致A2纯牛奶250ml*12,33,1043.7636
2026-8-4,小程序及其他,小程序及其他,三元3.3g全脂纯牛奶无菌砖（200ml*24）卡皮巴拉,6,171.8028
2026-8-4,小程序及其他,小程序及其他,三元3.3g方白脱脂无菌砖(250ml*24),14,382.4184
2026-8-4,小程序及其他,小程序及其他,三元北京纯牛奶全脂（250mL*10）,13,240.4714
2026-8-4,小程序及其他,小程序及其他,三元晚安牛奶（250ml*10）,14,363.7802
2026-8-4,小程序及其他,小程序及其他,250ml舒释奶（全脂)(1*12),1,19.8887
2026-8-4,小程序及其他,小程序及其他,小方白卡皮巴拉脱脂纯牛奶（200mL*24）,5,119.2985
2026-8-4,小程序及其他,小程序及其他,极小智有机A2纯牛奶200mL*10,1,18.4813
2026-8-4,小程序及其他,小程序及其他,极致A2精巧装200ml*10,92,1435.0804
2026-8-4,小程序及其他,小程序及其他,极致高品质全脂纯牛奶（250ml*16）,3,81.3324
2026-8-4,小程序及其他,小程序及其他,简卡原味钻酸奶200g*10,29,638.1073
2026-8-4,小程序及其他,小程序及其他,250S极致娟姗纯牛奶250mL*12,1,21.7981
2026-8-4,小程序及其他,小程序及其他,250S极致有机纯牛奶250mL*12,12,289.5096
2026-8-4,小程序及其他,小程序及其他,钻石装极致有机纯牛奶（200ml*10）,27,551.9151
2026-8-4,抖音,抖音,三元3.3g方白纯牛奶（250mL*24）,2741,84231.2041
2026-8-4,抖音,抖音,250ml方巧(1*24),217,6957.5625
2026-8-4,抖音,抖音,梦幻盖极致有机纯牛奶（250ml*12）,11,291.9499
2026-8-4,抖音,抖音,极致三代低脂纯牛奶（250ml*12）,34,739.245
2026-8-4,抖音,抖音,常温版极致三代全脂纯牛奶,17,368.9663
2026-8-4,抖音,抖音,三元3.3g全脂纯牛奶无菌砖（200ml*24）卡皮巴拉,10,286.338
2026-8-4,抖音,抖音,三元3.3g方白脱脂无菌砖(250ml*24),203,5545.0668
2026-8-4,抖音,抖音,三元北京纯牛奶全脂（250mL*10）,640,11838.592
2026-8-4,抖音,抖音,三元纯牛奶足球礼盒（250ml*12）,358,7593.18
2026-8-4,抖音,抖音,体验装 200M单盒,108,129.89925
2026-8-4,抖音,抖音,250ml舒释奶（全脂)(1*12),3,59.6661
2026-8-4,抖音,抖音,北京纯全脂拆单盒,150,277.467
2026-8-4,抖音,抖音,小方白卡皮巴拉脱脂纯牛奶（200mL*24）,4,95.4388
2026-8-4,抖音,抖音,极致A2精巧装200ml*10,67,1045.1129
2026-8-4,抖音,抖音,极致高品质全脂纯牛奶（250ml*16）,811,21986.8588
2026-8-4,抖音,抖音,简卡原味钻酸奶200g*10,13,286.0481
2026-8-4,抖音,抖音,250S极致娟姗纯牛奶250mL*12,144,3138.9264
2026-8-4,抖音,抖音,钻石装极致有机纯牛奶（200ml*10）,3,61.3239
2026-8-4,拼多多,拼多多,三元3.3g方白纯牛奶（250mL*24）,1186,36445.8986
2026-8-4,拼多多,拼多多,250ml方巧(1*24),26,833.625
2026-8-4,拼多多,拼多多,梦幻盖极致有机纯牛奶（250ml*12）,19,504.2771
2026-8-4,拼多多,拼多多,极致三代低脂纯牛奶（250ml*12）,7,152.1975
2026-8-4,拼多多,拼多多,梦幻盖极致A2纯牛奶250ml*12,2,63.2584
2026-8-4,拼多多,拼多多,三元3.3g方白脱脂无菌砖(250ml*24),1035,28271.646
2026-8-4,拼多多,拼多多,三元纯牛奶足球礼盒（250ml*12）,3,63.63
2026-8-4,拼多多,拼多多,体验装单盒方巧,72,96.1875
2026-8-4,拼多多,拼多多,250ml舒释奶（全脂)(1*12),20,397.774
2026-8-4,拼多多,拼多多,小方白卡皮巴拉脱脂纯牛奶（200mL*24）,37,882.8089
2026-8-4,拼多多,拼多多,极小智有机A2纯牛奶200mL*10,7,129.3691
2026-8-4,拼多多,拼多多,极致A2精巧装200ml*10,9,140.3883
2026-8-4,拼多多,拼多多,极致高品质全脂纯牛奶（250ml*16）,73,1979.0884
2026-8-4,拼多多,拼多多,简卡原味钻酸奶200g*10,3,66.0111
2026-8-4,拼多多,拼多多,250S极致娟姗纯牛奶250mL*12,6,130.7886
2026-8-4,拼多多,拼多多,钻石装极致有机纯牛奶（200ml*10）,4,81.7652
2026-8-4,新零售,新零售,三元3.3g方白纯牛奶（250mL*24）,15,460.9515
2026-8-4,新零售,新零售,梦幻盖极致有机纯牛奶（250ml*12）,5,132.7045
2026-8-4,新零售,新零售,极致三代低脂纯牛奶（250ml*12）,10,217.425
2026-8-4,新零售,新零售,三元3.2g小方枕全脂利乐枕-电商(227ml*16),655,13292.57
2026-8-4,新零售,新零售,三元3.3g方白脱脂无菌砖(250ml*24),7,191.2092
2026-8-4,新零售,新零售,三元北京纯牛奶全脂（250mL*10）,62,1146.8636
2026-8-4,新零售,新零售,三元巧克力全脂无菌砖（250ml*24）,100,0
2026-8-4,新零售,新零售,极小智有机A2纯牛奶200mL*10,9,166.3317
2026-8-4,新零售,新零售,极致有机全脂梦幻盖(250ml*12),116,0
2026-8-4,新零售,新零售,250S极致娟姗纯牛奶250mL*12,2,43.5962
2026-8-5,京东,京东POP,三元3.3g方白纯牛奶（250mL*24）,348,10694.0748
2026-8-5,京东,京东POP,250ml方巧(1*24),20,641.25
2026-8-5,京东,京东POP,梦幻盖极致有机纯牛奶（250ml*12）,5,132.7045
2026-8-5,京东,京东POP,极致三代低脂纯牛奶（250ml*12）,10,217.425
2026-8-5,京东,京东POP,常温版极致三代全脂纯牛奶,1,21.7039
2026-8-5,京东,京东POP,梦幻盖极致A2纯牛奶250ml*12,2,63.2584
2026-8-5,京东,京东POP,三元3.3g全脂纯牛奶无菌砖（200ml*24）卡皮巴拉,113,3235.6194
2026-8-5,京东,京东POP,三元3.3g方白脱脂无菌砖(250ml*24),87,2376.4572
2026-8-5,京东,京东POP,三元北京纯牛奶全脂（250mL*10）,15,277.467
2026-8-5,京东,京东POP,三元纯牛奶足球礼盒（250ml*12）,11,233.31
2026-8-5,京东,京东POP,体验装 200M单盒,30,36.08312499
2026-8-5,京东,京东POP,250ml舒释奶（全脂)(1*12),5,99.4435
2026-8-5,京东,京东POP,极小智有机A2纯牛奶200mL*10,23,425.0699
2026-8-5,京东,京东POP,极致A2精巧装200ml*10,88,1372.6856
2026-8-5,京东,京东POP,极致高品质全脂纯牛奶（250ml*16）,51,1382.6508
2026-8-5,京东,京东POP,简卡原味钻酸奶200g*10,1,22.0037
2026-8-5,京东,京东POP,250S极致娟姗纯牛奶250mL*12,5,108.9905
2026-8-5,京东,京东POP,250S极致有机纯牛奶250mL*12,1,24.1258
2026-8-5,京东,京东POP,钻石装极致有机纯牛奶（200ml*10）,119,2432.5147
2026-8-5,天猫,猫旗,三元3.3g方白纯牛奶（250mL*24）,1154,35462.5354
2026-8-5,天猫,猫旗,250ml方巧(1*24),112,3591
2026-8-5,天猫,猫旗,梦幻盖极致有机纯牛奶（250ml*12）,24,636.9816
2026-8-5,天猫,猫旗,极致三代低脂纯牛奶（250ml*12）,33,717.5025
2026-8-5,天猫,猫旗,常温版极致三代全脂纯牛奶,8,173.6312
2026-8-5,天猫,猫旗,梦幻盖极致A2纯牛奶250ml*12,7,221.4044
2026-8-5,天猫,猫旗,三元3.3g全脂纯牛奶无菌砖（200ml*24）卡皮巴拉,59,1689.3942
2026-8-5,天猫,猫旗,三元3.3g方白脱脂无菌砖(250ml*24),160,4370.496
2026-8-5,天猫,猫旗,三元晚安牛奶（250ml*10）,5,129.9215
2026-8-5,天猫,猫旗,三元纯牛奶足球礼盒（250ml*12）,4,84.84
2026-8-5,天猫,猫旗,体验装 有机单盒,54,108.5661
2026-8-5,天猫,猫旗,体验装 极致A2精巧单盒,18,47.44380001
2026-8-5,天猫,猫旗,体验装 极致娟姗拆单盒,72,130.7886
2026-8-5,天猫,猫旗,体验装 特品脱脂拆单盒,84,83.50895003
2026-8-5,天猫,猫旗,体验装单盒方巧,126,168.328125
2026-8-5,天猫,猫旗,体验装单盒特品,90,109.363875
2026-8-5,天猫,猫旗,250ml舒释奶（全脂)(1*12),12,238.6644
2026-8-5,天猫,猫旗,北京纯全脂拆单盒,12,22.19736
2026-8-5,天猫,猫旗,小方白卡皮巴拉脱脂纯牛奶（200mL*24）,10,238.597
2026-8-5,天猫,猫旗,极小智有机A2纯牛奶200mL*10,22,406.5886
2026-8-5,天猫,猫旗,极致A2精巧装200ml*10,31,483.5597
2026-8-5,天猫,猫旗,极致高品质全脂纯牛奶（250ml*16）,186,5042.6088
2026-8-5,天猫,猫旗,简卡原味钻酸奶200g*10,7,154.0259
2026-8-5,天猫,猫旗,芭芭农场DM单,3,0
2026-8-5,天猫,猫旗,芭芭农场纸箱,3,0
2026-8-5,天猫,猫旗,250S极致娟姗纯牛奶250mL*12,50,1089.905
2026-8-5,天猫,猫旗,250S极致有机纯牛奶250mL*12,20,482.516
2026-8-5,天猫,猫旗,钻石装极致有机纯牛奶（200ml*10）,19,388.3847
2026-8-5,天猫,猫超,极致高品质全脂纯牛奶（250ml*16）,2650,71843.62
2026-8-5,小程序及其他,小程序及其他,三元3.3g方白纯牛奶（250mL*24）,569,17485.4269
2026-8-5,小程序及其他,小程序及其他,三元A2纯牛奶DS200ml*10,7,107.1049
2026-8-5,小程序及其他,小程序及其他,250ml方巧(1*24),39,1250.4375
2026-8-5,小程序及其他,小程序及其他,梦幻盖极致有机纯牛奶（250ml*12）,3,79.6227
2026-8-5,小程序及其他,小程序及其他,极致三代低脂纯牛奶（250ml*12）,75,1630.6875
2026-8-5,小程序及其他,小程序及其他,常温版极致三代全脂纯牛奶,39,846.4521
2026-8-5,小程序及其他,小程序及其他,梦幻盖极致A2纯牛奶250ml*12,55,1739.606
2026-8-5,小程序及其他,小程序及其他,三元3.3g全脂纯牛奶无菌砖（200ml*24）卡皮巴拉,10,286.338
2026-8-5,小程序及其他,小程序及其他,三元3.3g方白脱脂无菌砖(250ml*24),18,491.6808
2026-8-5,小程序及其他,小程序及其他,三元北京纯牛奶全脂（250mL*10）,20,369.956
2026-8-5,小程序及其他,小程序及其他,三元晚安牛奶（250ml*10）,8,207.8744
2026-8-5,小程序及其他,小程序及其他,三元纯牛奶足球礼盒（250ml*12）,1,21.21
2026-8-5,小程序及其他,小程序及其他,小方白卡皮巴拉脱脂纯牛奶（200mL*24）,16,381.7552
2026-8-5,小程序及其他,小程序及其他,极小智有机A2纯牛奶200mL*10,2,36.9626
2026-8-5,小程序及其他,小程序及其他,极致A2精巧装200ml*10,64,998.3168
2026-8-5,小程序及其他,小程序及其他,极致高品质全脂纯牛奶（250ml*16）,32,867.5456
2026-8-5,小程序及其他,小程序及其他,简卡原味钻酸奶200g*10,21,462.0777
2026-8-5,小程序及其他,小程序及其他,250S极致有机纯牛奶250mL*12,16,386.0128
2026-8-5,小程序及其他,小程序及其他,钻石装极致有机纯牛奶（200ml*10）,28,572.3564
2026-8-5,抖音,抖音,三元3.3g方白纯牛奶（250mL*24）,2657,81649.8757
2026-8-5,抖音,抖音,250ml方巧(1*24),185,5931.5625
2026-8-5,抖音,抖音,梦幻盖极致有机纯牛奶（250ml*12）,10,265.409
2026-8-5,抖音,抖音,极致三代低脂纯牛奶（250ml*12）,40,869.7
2026-8-5,抖音,抖音,常温版极致三代全脂纯牛奶,11,238.7429
2026-8-5,抖音,抖音,三元3.3g全脂纯牛奶无菌砖（200ml*24）卡皮巴拉,12,343.6056
2026-8-5,抖音,抖音,三元3.3g方白脱脂无菌砖(250ml*24),299,8167.3644
2026-8-5,抖音,抖音,三元北京纯牛奶全脂（250mL*10）,7,129.4846
2026-8-5,抖音,抖音,三元纯牛奶足球礼盒（250ml*12）,230,4878.3
2026-8-5,抖音,抖音,体验装 200M单盒,294,353.6146249
2026-8-5,抖音,抖音,北京纯全脂拆单盒,4,7.39912
2026-8-5,抖音,抖音,小方白卡皮巴拉脱脂纯牛奶（200mL*24）,24,572.6328
2026-8-5,抖音,抖音,极致A2精巧装200ml*10,75,1169.9025
2026-8-5,抖音,抖音,极致高品质全脂纯牛奶（250ml*16）,731,19817.9948
2026-8-5,抖音,抖音,简卡原味钻酸奶200g*10,5,110.0185
2026-8-5,抖音,抖音,250S极致娟姗纯牛奶250mL*12,64,1395.0784
2026-8-5,拼多多,拼多多,三元3.3g方白纯牛奶（250mL*24）,1414,43452.3614
2026-8-5,拼多多,拼多多,250ml方巧(1*24),21,673.3125
2026-8-5,拼多多,拼多多,梦幻盖极致有机纯牛奶（250ml*12）,7,185.7863
2026-8-5,拼多多,拼多多,极致三代低脂纯牛奶（250ml*12）,6,130.455
2026-8-5,拼多多,拼多多,常温版极致三代全脂纯牛奶,2,43.4078
2026-8-5,拼多多,拼多多,梦幻盖极致A2纯牛奶250ml*12,1,31.6292
2026-8-5,拼多多,拼多多,三元3.3g方白脱脂无菌砖(250ml*24),952,26004.4512
2026-8-5,拼多多,拼多多,三元纯牛奶足球礼盒（250ml*12）,3,63.63
2026-8-5,拼多多,拼多多,体验装单盒方巧,160,213.75
2026-8-5,拼多多,拼多多,250ml舒释奶（全脂)(1*12),19,377.8853
2026-8-5,拼多多,拼多多,小方白卡皮巴拉脱脂纯牛奶（200mL*24）,49,1169.1253
2026-8-5,拼多多,拼多多,极小智有机A2纯牛奶200mL*10,9,166.3317
2026-8-5,拼多多,拼多多,极致A2精巧装200ml*10,21,327.5727
2026-8-5,拼多多,拼多多,极致高品质全脂纯牛奶（250ml*16）,88,2385.7504
2026-8-5,拼多多,拼多多,简卡原味钻酸奶200g*10,6,132.0222
2026-8-5,拼多多,拼多多,250S极致娟姗纯牛奶250mL*12,5,108.9905
2026-8-5,拼多多,拼多多,钻石装极致有机纯牛奶（200ml*10）,14,286.1782
2026-8-5,新零售,新零售,三元3.3g方白纯牛奶（250mL*24）,27,829.7127
2026-8-5,新零售,新零售,梦幻盖极致有机纯牛奶（250ml*12）,5,132.7045
2026-8-5,新零售,新零售,极致三代低脂纯牛奶（250ml*12）,7,152.1975
2026-8-5,新零售,新零售,三元3.2g小方枕全脂利乐枕-电商(227ml*16),4242,86087.148
2026-8-5,新零售,新零售,三元3.3g全脂纯牛奶无菌砖（200ml*24）卡皮巴拉,2863,81978.5694
2026-8-5,新零售,新零售,三元3.3g方白全脂无菌砖(200ml*24),5400,0
2026-8-5,新零售,新零售,三元3.3g方白纯牛奶（250mL*24）日常版,17195,0
2026-8-5,新零售,新零售,三元3.3g方白脱脂无菌砖(250ml*24),10,273.156
2026-8-5,新零售,新零售,三元北京纯牛奶全脂（250mL*10）,305,5641.829
2026-8-5,新零售,新零售,三元巧克力全脂无菌砖（250ml*24）,1072,0
2026-8-5,新零售,新零售,三元简卡全脂砖石包(200g*10),260,0
2026-8-5,新零售,新零售,三元高钙全脂无菌砖(250ml*20),757,0
2026-8-5,新零售,新零售,极小智有机A2纯牛奶200mL*10,6,110.8878
2026-8-5,新零售,新零售,极致A2β-酪蛋白全脂无菌砖(200ml*10),522,0
2026-8-5,新零售,新零售,极致A2精巧装200mL*20,1180,33671.418
2026-8-5,新零售,新零售,极致三代低脂无菌砖(250ml*12),1452,0
2026-8-5,新零售,新零售,极致三代全脂无菌砖（250ml*12）,408,0
2026-8-5,新零售,新零售,极致娟姗全脂苗条砖(250ml*12),208,0
2026-8-5,新零售,新零售,极致有机全脂梦幻盖(250ml*12),3325,0
2026-8-5,新零售,新零售,极致有机全脂苗条砖(200ml*10),4272,0
2026-8-5,新零售,新零售,极致高品质全脂纯牛奶（250ml*16）,134,3632.8472
2026-8-5,新零售,新零售,250S极致娟姗纯牛奶250mL*12,2,43.5962
2026-8-6,京东,京东POP,三元3.3g方白纯牛奶（250mL*24）,377,11585.2477
2026-8-6,京东,京东POP,250ml方巧(1*24),20,641.25
2026-8-6,京东,京东POP,梦幻盖极致有机纯牛奶（250ml*12）,10,265.409
2026-8-6,京东,京东POP,极致三代低脂纯牛奶（250ml*12）,24,521.82
2026-8-6,京东,京东POP,梦幻盖极致A2纯牛奶250ml*12,1,31.6292
2026-8-6,京东,京东POP,三元3.3g全脂纯牛奶无菌砖（200ml*24）卡皮巴拉,98,2806.1124
2026-8-6,京东,京东POP,三元3.3g方白脱脂无菌砖(250ml*24),67,1830.1452
2026-8-6,京东,京东POP,三元北京纯牛奶全脂（250mL*10）,14,258.9692
2026-8-6,京东,京东POP,三元纯牛奶足球礼盒（250ml*12）,16,339.36
2026-8-6,京东,京东POP,体验装 200M单盒,132,158.76575
2026-8-6,京东,京东POP,250ml舒释奶（全脂)(1*12),29,576.7723
2026-8-6,京东,京东POP,极小智有机A2纯牛奶200mL*10,29,535.9577
2026-8-6,京东,京东POP,极致A2精巧装200ml*10,103,1606.6661
2026-8-6,京东,京东POP,极致高品质全脂纯牛奶（250ml*16）,82,2223.0856
2026-8-6,京东,京东POP,简卡原味钻酸奶200g*10,3,66.0111
2026-8-6,京东,京东POP,250S极致娟姗纯牛奶250mL*12,8,174.3848
2026-8-6,京东,京东POP,钻石装极致有机纯牛奶（200ml*10）,88,1798.8344
2026-8-6,京东,京东自营,三元高钙全脂无菌砖(250ml*20),343,0
2026-8-6,京东,京东自营,极致高品质全脂纯牛奶（250ml*16）,9200,249419.36
2026-8-6,天猫,猫旗,三元3.3g方白纯牛奶（250mL*24）,1063,32666.0963
2026-8-6,天猫,猫旗,250ml方巧(1*24),152,4873.5
2026-8-6,天猫,猫旗,梦幻盖极致有机纯牛奶（250ml*12）,14,371.5726
2026-8-6,天猫,猫旗,极致三代低脂纯牛奶（250ml*12）,30,652.275
2026-8-6,天猫,猫旗,常温版极致三代全脂纯牛奶,10,217.039
2026-8-6,天猫,猫旗,梦幻盖极致A2纯牛奶250ml*12,4,126.5168
2026-8-6,天猫,猫旗,三元3.3g全脂纯牛奶无菌砖（200ml*24）卡皮巴拉,59,1689.3942
2026-8-6,天猫,猫旗,三元3.3g方白脱脂无菌砖(250ml*24),163,4452.4428
2026-8-6,天猫,猫旗,三元北京纯牛奶全脂（250mL*10）,2,36.9956
2026-8-6,天猫,猫旗,三元晚安牛奶（250ml*10）,17,441.7331
2026-8-6,天猫,猫旗,三元纯牛奶足球礼盒（250ml*12）,2,42.42
2026-8-6,天猫,猫旗,体验装 有机单盒,24,48.25159999
2026-8-6,天猫,猫旗,体验装 极致娟姗拆单盒,36,65.39429999
2026-8-6,天猫,猫旗,体验装 特品脱脂拆单盒,138,137.193275
2026-8-6,天猫,猫旗,体验装单盒方巧,72,96.1875
2026-8-6,天猫,猫旗,体验装单盒特品,750,911.3656253
2026-8-6,天猫,猫旗,250ml舒释奶（全脂)(1*12),38,755.7706
2026-8-6,天猫,猫旗,小方白卡皮巴拉脱脂纯牛奶（200mL*24）,12,286.3164
2026-8-6,天猫,猫旗,极小智有机A2纯牛奶200mL*10,40,739.252
2026-8-6,天猫,猫旗,极致A2精巧装200ml*10,58,904.7246
2026-8-6,天猫,猫旗,极致高品质全脂纯牛奶（250ml*16）,182,4934.1656
2026-8-6,天猫,猫旗,简卡原味钻酸奶200g*10,8,176.0296
2026-8-6,天猫,猫旗,250S极致娟姗纯牛奶250mL*12,39,850.1259
2026-8-6,天猫,猫旗,250S极致有机纯牛奶250mL*12,10,241.258
2026-8-6,天猫,猫旗,钻石装极致有机纯牛奶（200ml*10）,5,102.2065
2026-8-6,天猫,猫超,三元3.2g小方枕全脂利乐枕-电商(227ml*16),550,11161.7
2026-8-6,天猫,猫超,三元3.3g全脂纯牛奶无菌砖（200ml*24）卡皮巴拉,1909,54661.9242
2026-8-6,天猫,猫超,三元3.3g方白纯牛奶（250mL*24）日常版,524,0
2026-8-6,天猫,猫超,三元巧克力全脂无菌砖（250ml*24）,1260,0
2026-8-6,天猫,猫超,三元简卡全脂砖石包(200g*10),57,0
2026-8-6,天猫,猫超,三元高钙全脂无菌砖(250ml*20),106,0
2026-8-6,天猫,猫超,冰岛式酸奶（200g*24）,412,18472.6792
2026-8-6,天猫,猫超,小方白卡皮巴拉低脂高钙牛奶（200mL*24）,155,4079.538
2026-8-6,天猫,猫超,极致A2β-酪蛋白全脂无菌砖(200ml*10),843,0
2026-8-6,天猫,猫超,极致三代低脂无菌砖(250ml*12),38,0
2026-8-6,天猫,猫超,极致娟姗全脂苗条砖(250ml*12),35,0
2026-8-6,天猫,猫超,极致有机全脂梦幻盖(250ml*12),96,0
2026-8-6,天猫,猫超,极致极小智有机A2全脂苗条砖(200ml*10),103,0
2026-8-6,天猫,猫超,极致高品质全脂纯牛奶（250ml*16）,365,9895.442
2026-8-6,小程序及其他,小程序及其他,三元3.3g方白纯牛奶（250mL*24）,604,18560.9804
2026-8-6,小程序及其他,小程序及其他,三元A2纯牛奶DS200ml*10,3,45.9021
2026-8-6,小程序及其他,小程序及其他,250ml方巧(1*24),61,1955.8125
2026-8-6,小程序及其他,小程序及其他,梦幻盖极致有机纯牛奶（250ml*12）,24,636.9816
2026-8-6,小程序及其他,小程序及其他,极致三代低脂纯牛奶（250ml*12）,118,2565.615
2026-8-6,小程序及其他,小程序及其他,常温版极致三代全脂纯牛奶,22,477.4858
2026-8-6,小程序及其他,小程序及其他,梦幻盖极致A2纯牛奶250ml*12,23,727.4716
2026-8-6,小程序及其他,小程序及其他,三元3.3g全脂纯牛奶无菌砖（200ml*24）卡皮巴拉,4,114.5352
2026-8-6,小程序及其他,小程序及其他,三元3.3g方白脱脂无菌砖(250ml*24),67,1830.1452
2026-8-6,小程序及其他,小程序及其他,三元北京纯牛奶全脂（250mL*10）,8,147.9824
2026-8-6,小程序及其他,小程序及其他,三元晚安牛奶（250ml*10）,5,129.9215
2026-8-6,小程序及其他,小程序及其他,250ml舒释奶（全脂)(1*12),3,59.6661
2026-8-6,小程序及其他,小程序及其他,小方白卡皮巴拉脱脂纯牛奶（200mL*24）,14,334.0358
2026-8-6,小程序及其他,小程序及其他,极小智有机A2纯牛奶200mL*10,12,221.7756
2026-8-6,小程序及其他,小程序及其他,极致A2精巧装200ml*10,140,2183.818
2026-8-6,小程序及其他,小程序及其他,极致高品质全脂纯牛奶（250ml*16）,20,542.216
2026-8-6,小程序及其他,小程序及其他,简卡原味钻酸奶200g*10,30,660.111
2026-8-6,小程序及其他,小程序及其他,250S极致娟姗纯牛奶250mL*12,2,43.5962
2026-8-6,小程序及其他,小程序及其他,250S极致有机纯牛奶250mL*12,6,144.7548
2026-8-6,小程序及其他,小程序及其他,钻石装极致有机纯牛奶（200ml*10）,11,224.8543
2026-8-6,抖音,抖音,三元3.3g方白纯牛奶（250mL*24）,2519,77409.1219
2026-8-6,抖音,抖音,250ml方巧(1*24),98,3142.125
2026-8-6,抖音,抖音,梦幻盖极致有机纯牛奶（250ml*12）,13,345.0317
2026-8-6,抖音,抖音,极致三代低脂纯牛奶（250ml*12）,40,869.7
2026-8-6,抖音,抖音,常温版极致三代全脂纯牛奶,4,86.8156
2026-8-6,抖音,抖音,三元3.3g全脂纯牛奶无菌砖（200ml*24）卡皮巴拉,14,400.8732
2026-8-6,抖音,抖音,三元3.3g方白脱脂无菌砖(250ml*24),179,4889.4924
2026-8-6,抖音,抖音,三元北京纯牛奶全脂（250mL*10）,2,36.9956
2026-8-6,抖音,抖音,三元纯牛奶足球礼盒（250ml*12）,194,4114.74
2026-8-6,抖音,抖音,体验装 200M单盒,208,250.1763333
2026-8-6,抖音,抖音,小方白卡皮巴拉脱脂纯牛奶（200mL*24）,6,143.1582
2026-8-6,抖音,抖音,极小智有机A2纯牛奶200mL*10,5,92.4065
2026-8-6,抖音,抖音,极致A2精巧装200ml*10,42,655.1454
2026-8-6,抖音,抖音,极致高品质全脂纯牛奶（250ml*16）,719,19492.6652
2026-8-6,抖音,抖音,简卡原味钻酸奶200g*10,12,264.0444
2026-8-6,抖音,抖音,250S极致娟姗纯牛奶250mL*12,197,4294.2257
2026-8-6,抖音,抖音,钻石装极致有机纯牛奶（200ml*10）,6,122.6478
2026-8-6,拼多多,拼多多,三元3.3g方白纯牛奶（250mL*24）,1474,45296.1674
2026-8-6,拼多多,拼多多,250ml方巧(1*24),21,673.3125
2026-8-6,拼多多,拼多多,梦幻盖极致有机纯牛奶（250ml*12）,9,238.8681
2026-8-6,拼多多,拼多多,极致三代低脂纯牛奶（250ml*12）,7,152.1975
2026-8-6,拼多多,拼多多,三元3.3g方白脱脂无菌砖(250ml*24),953,26031.7668
2026-8-6,拼多多,拼多多,三元纯牛奶足球礼盒（250ml*12）,2,42.42
2026-8-6,拼多多,拼多多,体验装单盒方巧,144,192.375
2026-8-6,拼多多,拼多多,250ml舒释奶（全脂)(1*12),16,318.2192
2026-8-6,拼多多,拼多多,小方白卡皮巴拉脱脂纯牛奶（200mL*24）,27,644.2119
2026-8-6,拼多多,拼多多,极小智有机A2纯牛奶200mL*10,7,129.3691
2026-8-6,拼多多,拼多多,极致A2精巧装200ml*10,8,124.7896
2026-8-6,拼多多,拼多多,极致高品质全脂纯牛奶（250ml*16）,75,2033.31
2026-8-6,拼多多,拼多多,简卡原味钻酸奶200g*10,2,44.0074
2026-8-6,拼多多,拼多多,250S极致娟姗纯牛奶250mL*12,5,108.9905
2026-8-6,拼多多,拼多多,钻石装极致有机纯牛奶（200ml*10）,16,327.0608
2026-8-6,新零售,新零售,三元3.3g方白纯牛奶（250mL*24）,24,737.5224
2026-8-6,新零售,新零售,梦幻盖极致有机纯牛奶（250ml*12）,3,79.6227
2026-8-6,新零售,新零售,极致三代低脂纯牛奶（250ml*12）,4,86.97
2026-8-6,新零售,新零售,三元3.2g小方枕全脂利乐枕-电商(227ml*16),709,14388.446
2026-8-6,新零售,新零售,三元3.3g方白脱脂无菌砖(250ml*24),12,327.7872
2026-8-6,新零售,新零售,三元北京纯牛奶全脂（250mL*10）,360,6659.208
2026-8-6,新零售,新零售,极小智有机A2纯牛奶200mL*10,6,110.8878
2026-8-6,新零售,新零售,极致娟姗全脂苗条砖(250ml*12),400,0
2026-8-6,新零售,新零售,极致有机全脂梦幻盖(250ml*12),312,0
2026-8-6,新零售,新零售,极致高品质全脂纯牛奶（250ml*16）,2,54.2216
2026-8-6,新零售,新零售,250S极致娟姗纯牛奶250mL*12,3,65.3943
2026-8-7,京东,京东POP,三元3.3g方白纯牛奶（250mL*24）,511,15703.0811
2026-8-7,京东,京东POP,250ml方巧(1*24),18,577.125
2026-8-7,京东,京东POP,梦幻盖极致有机纯牛奶（250ml*12）,8,212.3272
2026-8-7,京东,京东POP,极致三代低脂纯牛奶（250ml*12）,20,434.85
2026-8-7,京东,京东POP,梦幻盖极致A2纯牛奶250ml*12,7,221.4044
2026-8-7,京东,京东POP,三元3.3g全脂纯牛奶无菌砖（200ml*24）卡皮巴拉,104,2977.9152
2026-8-7,京东,京东POP,三元3.3g方白脱脂无菌砖(250ml*24),65,1775.514
2026-8-7,京东,京东POP,三元北京纯牛奶全脂（250mL*10）,12,221.9736
2026-8-7,京东,京东POP,三元纯牛奶足球礼盒（250ml*12）,4,84.84
2026-8-7,京东,京东POP,体验装 200M单盒,96,115.466
2026-8-7,京东,京东POP,体验装单盒方巧,4,5.34375
2026-8-7,京东,京东POP,250ml舒释奶（全脂)(1*12),21,417.6627
2026-8-7,京东,京东POP,极小智有机A2纯牛奶200mL*10,56,1034.9528
2026-8-7,京东,京东POP,极致A2精巧装200ml*10,98,1528.6726
2026-8-7,京东,京东POP,极致高品质全脂纯牛奶（250ml*16）,91,2467.0828
2026-8-7,京东,京东POP,简卡原味钻酸奶200g*10,5,110.0185
2026-8-7,京东,京东POP,250S极致娟姗纯牛奶250mL*12,8,174.3848
2026-8-7,京东,京东POP,钻石装极致有机纯牛奶（200ml*10）,83,1696.6279
2026-8-7,京东,京东自营,三元3.2g小方枕全脂利乐枕-电商(227ml*16),4100,83205.4
2026-8-7,天猫,猫旗,三元3.3g方白纯牛奶（250mL*24）,958,29439.4358
2026-8-7,天猫,猫旗,250ml方巧(1*24),140,4488.75
2026-8-7,天猫,猫旗,梦幻盖极致有机纯牛奶（250ml*12）,24,636.9816
2026-8-7,天猫,猫旗,极致三代低脂纯牛奶（250ml*12）,51,1108.8675
2026-8-7,天猫,猫旗,常温版极致三代全脂纯牛奶,4,86.8156
2026-8-7,天猫,猫旗,梦幻盖极致A2纯牛奶250ml*12,1,31.6292
2026-8-7,天猫,猫旗,三元3.3g全脂纯牛奶无菌砖（200ml*24）卡皮巴拉,55,1574.859
2026-8-7,天猫,猫旗,三元3.3g方白脱脂无菌砖(250ml*24),160,4370.496
2026-8-7,天猫,猫旗,三元北京纯牛奶全脂（250mL*10）,4,73.9912
2026-8-7,天猫,猫旗,三元晚安牛奶（250ml*10）,2,51.9686
2026-8-7,天猫,猫旗,三元纯牛奶足球礼盒（250ml*12）,5,106.05
2026-8-7,天猫,猫旗,体验装 有机单盒,30,60.31449999
2026-8-7,天猫,猫旗,体验装 极致娟姗拆单盒,30,54.49524999
2026-8-7,天猫,猫旗,体验装 特品脱脂拆单盒,90,89.47387503
2026-8-7,天猫,猫旗,体验装单盒方巧,114,152.296875
2026-8-7,天猫,猫旗,体验装单盒特品,354,430.1645751
2026-8-7,天猫,猫旗,250ml舒释奶（全脂)(1*12),21,417.6627
2026-8-7,天猫,猫旗,小方白卡皮巴拉脱脂纯牛奶（200mL*24）,24,572.6328
2026-8-7,天猫,猫旗,极小智有机A2纯牛奶200mL*10,29,535.9577
2026-8-7,天猫,猫旗,极致A2精巧装200ml*10,42,655.1454
2026-8-7,天猫,猫旗,极致高品质全脂纯牛奶（250ml*16）,175,4744.39
2026-8-7,天猫,猫旗,简卡原味钻酸奶200g*10,7,154.0259
2026-8-7,天猫,猫旗,250S极致娟姗纯牛奶250mL*12,28,610.3468
2026-8-7,天猫,猫旗,250S极致有机纯牛奶250mL*12,14,337.7612
2026-8-7,天猫,猫旗,钻石装极致有机纯牛奶（200ml*10）,2,40.8826
2026-8-7,天猫,猫超,三元北京纯牛奶全脂（250mL*10）,500,9248.9
2026-8-7,小程序及其他,小程序及其他,三元3.3g方白纯牛奶（250mL*24）,430,13213.943
2026-8-7,小程序及其他,小程序及其他,三元A2纯牛奶DS200ml*10,5,76.5035
2026-8-7,小程序及其他,小程序及其他,250ml方巧(1*24),35,1122.1875
2026-8-7,小程序及其他,小程序及其他,梦幻盖极致有机纯牛奶（250ml*12）,2,53.0818
2026-8-7,小程序及其他,小程序及其他,极致三代低脂纯牛奶（250ml*12）,121,2630.8425
2026-8-7,小程序及其他,小程序及其他,常温版极致三代全脂纯牛奶,21,455.7819
2026-8-7,小程序及其他,小程序及其他,梦幻盖极致A2纯牛奶250ml*12,23,727.4716
2026-8-7,小程序及其他,小程序及其他,三元3.3g全脂纯牛奶无菌砖（200ml*24）卡皮巴拉,2,57.2676
2026-8-7,小程序及其他,小程序及其他,三元3.3g方白脱脂无菌砖(250ml*24),13,355.1028
2026-8-7,小程序及其他,小程序及其他,三元晚安牛奶（250ml*10）,12,311.8116
2026-8-7,小程序及其他,小程序及其他,小方白卡皮巴拉脱脂纯牛奶（200mL*24）,15,357.8955
2026-8-7,小程序及其他,小程序及其他,极小智有机A2纯牛奶200mL*10,3,55.4439
2026-8-7,小程序及其他,小程序及其他,极致A2精巧装200ml*10,79,1232.2973
2026-8-7,小程序及其他,小程序及其他,极致高品质全脂纯牛奶（250ml*16）,6,162.6648
2026-8-7,小程序及其他,小程序及其他,简卡原味钻酸奶200g*10,12,264.0444
2026-8-7,小程序及其他,小程序及其他,250S极致有机纯牛奶250mL*12,6,144.7548
2026-8-7,小程序及其他,小程序及其他,钻石装极致有机纯牛奶（200ml*10）,21,429.2673
2026-8-7,抖音,抖音,三元3.3g方白纯牛奶（250mL*24）,2133,65547.3033
2026-8-7,抖音,抖音,250ml方巧(1*24),195,6252.1875
2026-8-7,抖音,抖音,梦幻盖极致有机纯牛奶（250ml*12）,9,238.8681
2026-8-7,抖音,抖音,极致三代低脂纯牛奶（250ml*12）,22,478.335
2026-8-7,抖音,抖音,常温版极致三代全脂纯牛奶,10,217.039
2026-8-7,抖音,抖音,三元3.3g全脂纯牛奶无菌砖（200ml*24）卡皮巴拉,28,801.7464
2026-8-7,抖音,抖音,三元3.3g方白脱脂无菌砖(250ml*24),253,6910.8468
2026-8-7,抖音,抖音,三元北京纯牛奶全脂（250mL*10）,1,18.4978
2026-8-7,抖音,抖音,三元纯牛奶足球礼盒（250ml*12）,83,1760.43
2026-8-7,抖音,抖音,体验装 200M单盒,202,242.9597083
2026-8-7,抖音,抖音,小方白卡皮巴拉脱脂纯牛奶（200mL*24）,8,190.8776
2026-8-7,抖音,抖音,极小智有机A2纯牛奶200mL*10,1,18.4813
2026-8-7,抖音,抖音,极致A2精巧装200ml*10,47,733.1389
2026-8-7,抖音,抖音,极致高品质全脂纯牛奶（250ml*16）,819,22203.7452
2026-8-7,抖音,抖音,简卡原味钻酸奶200g*10,4,88.0148
2026-8-7,抖音,抖音,250S极致娟姗纯牛奶250mL*12,91,1983.6271
2026-8-7,拼多多,拼多多,三元3.3g方白纯牛奶（250mL*24）,1509,46371.7209
2026-8-7,拼多多,拼多多,250ml方巧(1*24),12,384.75
2026-8-7,拼多多,拼多多,梦幻盖极致有机纯牛奶（250ml*12）,14,371.5726
2026-8-7,拼多多,拼多多,极致三代低脂纯牛奶（250ml*12）,10,217.425
2026-8-7,拼多多,拼多多,常温版极致三代全脂纯牛奶,4,86.8156
2026-8-7,拼多多,拼多多,三元3.3g全脂纯牛奶无菌砖（200ml*24）卡皮巴拉,4,114.5352
2026-8-7,拼多多,拼多多,三元3.3g方白脱脂无菌砖(250ml*24),780,21306.168
2026-8-7,拼多多,拼多多,三元纯牛奶足球礼盒（250ml*12）,1,21.21
2026-8-7,拼多多,拼多多,体验装单盒方巧,120,160.3125
2026-8-7,拼多多,拼多多,250ml舒释奶（全脂)(1*12),18,357.9966
2026-8-7,拼多多,拼多多,小方白卡皮巴拉脱脂纯牛奶（200mL*24）,38,906.6686
2026-8-7,拼多多,拼多多,极小智有机A2纯牛奶200mL*10,8,147.8504
2026-8-7,拼多多,拼多多,极致A2精巧装200ml*10,11,171.5857
2026-8-7,拼多多,拼多多,极致高品质全脂纯牛奶（250ml*16）,65,1762.202
2026-8-7,拼多多,拼多多,简卡原味钻酸奶200g*10,13,286.0481
2026-8-7,拼多多,拼多多,钻石装极致有机纯牛奶（200ml*10）,2,40.8826
2026-8-7,新零售,新零售,三元3.3g方白纯牛奶（250mL*24）,16,491.6816
2026-8-7,新零售,新零售,梦幻盖极致有机纯牛奶（250ml*12）,3,79.6227
2026-8-7,新零售,新零售,极致三代低脂纯牛奶（250ml*12）,6,130.455
2026-8-7,新零售,新零售,三元3.3g方白纯牛奶（250mL*24）日常版,1300,0
2026-8-7,新零售,新零售,三元3.3g方白脱脂无菌砖(250ml*24),11,300.4716
2026-8-7,新零售,新零售,三元北京纯牛奶全脂（250mL*10）,1116,20643.5448
2026-8-7,新零售,新零售,三元巧克力全脂无菌砖（250ml*24）,100,0
2026-8-7,新零售,新零售,三元简卡全脂砖石包(200g*10),12,0
2026-8-7,新零售,新零售,极小智有机A2纯牛奶200mL*10,4,73.9252
2026-8-7,新零售,新零售,极致娟姗全脂苗条砖(250ml*12),40,0
2026-8-7,新零售,新零售,极致高品质全脂纯牛奶（250ml*16）,8,216.8864
2026-8-7,新零售,新零售,250S极致娟姗纯牛奶250mL*12,5,108.9905
2026-8-8,京东,京东POP,三元3.3g方白纯牛奶（250mL*24）,414,12722.2614
2026-8-8,京东,京东POP,250ml方巧(1*24),19,609.1875
2026-8-8,京东,京东POP,梦幻盖极致有机纯牛奶（250ml*12）,15,398.1135
2026-8-8,京东,京东POP,极致三代低脂纯牛奶（250ml*12）,7,152.1975
2026-8-8,京东,京东POP,常温版极致三代全脂纯牛奶,2,43.4078
2026-8-8,京东,京东POP,梦幻盖极致A2纯牛奶250ml*12,3,94.8876
2026-8-8,京东,京东POP,三元3.3g全脂纯牛奶无菌砖（200ml*24）卡皮巴拉,176,5039.5488
2026-8-8,京东,京东POP,三元3.3g方白脱脂无菌砖(250ml*24),109,2977.4004
2026-8-8,京东,京东POP,三元北京纯牛奶全脂（250mL*10）,12,221.9736
2026-8-8,京东,京东POP,三元纯牛奶足球礼盒（250ml*12）,5,106.05
2026-8-8,京东,京东POP,体验装 200M单盒,96,115.466
2026-8-8,京东,京东POP,体验装单盒方巧,4,5.34375
2026-8-8,京东,京东POP,250ml舒释奶（全脂)(1*12),36,715.9932
2026-8-8,京东,京东POP,极小智有机A2纯牛奶200mL*10,24,443.5512
2026-8-8,京东,京东POP,极致A2精巧装200ml*10,82,1279.0934
2026-8-8,京东,京东POP,极致高品质全脂纯牛奶（250ml*16）,90,2439.972
2026-8-8,京东,京东POP,250S极致娟姗纯牛奶250mL*12,15,326.9715
2026-8-8,京东,京东POP,250S极致有机纯牛奶250mL*12,1,24.1258
2026-8-8,京东,京东POP,钻石装极致有机纯牛奶（200ml*10）,75,1533.0975
2026-8-8,天猫,猫旗,三元3.3g方白纯牛奶（250mL*24）,1029,31621.2729
2026-8-8,天猫,猫旗,250ml方巧(1*24),128,4104
2026-8-8,天猫,猫旗,梦幻盖极致有机纯牛奶（250ml*12）,25,663.5225
2026-8-8,天猫,猫旗,极致三代低脂纯牛奶（250ml*12）,48,1043.64
2026-8-8,天猫,猫旗,常温版极致三代全脂纯牛奶,4,86.8156
2026-8-8,天猫,猫旗,梦幻盖极致A2纯牛奶250ml*12,5,158.146
2026-8-8,天猫,猫旗,三元3.3g全脂纯牛奶无菌砖（200ml*24）卡皮巴拉,41,1173.9858
2026-8-8,天猫,猫旗,三元3.3g方白脱脂无菌砖(250ml*24),170,4643.652
2026-8-8,天猫,猫旗,三元北京纯牛奶全脂（250mL*10）,4,73.9912
2026-8-8,天猫,猫旗,三元晚安牛奶（250ml*10）,4,103.9372
2026-8-8,天猫,猫旗,三元纯牛奶足球礼盒（250ml*12）,3,63.63
2026-8-8,天猫,猫旗,体验装 有机单盒,18,36.18869999
2026-8-8,天猫,猫旗,体验装 极致A2精巧单盒,6,15.8146
2026-8-8,天猫,猫旗,体验装 极致娟姗拆单盒,54,98.09144998
2026-8-8,天猫,猫旗,体验装 特品脱脂拆单盒,108,107.36865
2026-8-8,天猫,猫旗,体验装单盒方巧,138,184.359375
2026-8-8,天猫,猫旗,体验装单盒特品,456,554.1103002
2026-8-8,天猫,猫旗,250ml舒释奶（全脂)(1*12),10,198.887
2026-8-8,天猫,猫旗,小方白卡皮巴拉脱脂纯牛奶（200mL*24）,38,906.6686
2026-8-8,天猫,猫旗,极小智有机A2纯牛奶200mL*10,12,221.7756
2026-8-8,天猫,猫旗,极致A2精巧装200ml*10,55,857.9285
2026-8-8,天猫,猫旗,极致高品质全脂纯牛奶（250ml*16）,148,4012.3984
2026-8-8,天猫,猫旗,简卡原味钻酸奶200g*10,23,506.0851
2026-8-8,天猫,猫旗,芭芭农场DM单,1,0
2026-8-8,天猫,猫旗,芭芭农场纸箱,1,0
2026-8-8,天猫,猫旗,250S极致娟姗纯牛奶250mL*12,31,675.7411
2026-8-8,天猫,猫旗,250S极致有机纯牛奶250mL*12,15,361.887
2026-8-8,天猫,猫旗,钻石装极致有机纯牛奶（200ml*10）,10,204.413
2026-8-8,天猫,猫超,三元纯牛奶足球礼盒（250ml*12）,150,3181.5
2026-8-8,天猫,猫超,钻石包极致有机纯牛奶（200ml*21）,6032,218707.6528
2026-8-8,小程序及其他,小程序及其他,三元3.3g方白纯牛奶（250mL*24）,380,11677.438
2026-8-8,小程序及其他,小程序及其他,三元A2纯牛奶DS200ml*10,15,229.5105
2026-8-8,小程序及其他,小程序及其他,250ml方巧(1*24),21,673.3125
2026-8-8,小程序及其他,小程序及其他,梦幻盖极致有机纯牛奶（250ml*12）,5,132.7045
2026-8-8,小程序及其他,小程序及其他,极致三代低脂纯牛奶（250ml*12）,84,1826.37
2026-8-8,小程序及其他,小程序及其他,常温版极致三代全脂纯牛奶,22,477.4858
2026-8-8,小程序及其他,小程序及其他,梦幻盖极致A2纯牛奶250ml*12,21,664.2132
2026-8-8,小程序及其他,小程序及其他,三元3.3g方白脱脂无菌砖(250ml*24),9,245.8404
2026-8-8,小程序及其他,小程序及其他,三元晚安牛奶（250ml*10）,9,233.8587
2026-8-8,小程序及其他,小程序及其他,250ml舒释奶（全脂)(1*12),6,119.3322
2026-8-8,小程序及其他,小程序及其他,小方白卡皮巴拉脱脂纯牛奶（200mL*24）,2,47.7194
2026-8-8,小程序及其他,小程序及其他,极小智有机A2纯牛奶200mL*10,2,36.9626
2026-8-8,小程序及其他,小程序及其他,极致A2精巧装200ml*10,125,1949.8375
2026-8-8,小程序及其他,小程序及其他,极致高品质全脂纯牛奶（250ml*16）,2,54.2216
2026-8-8,小程序及其他,小程序及其他,简卡原味钻酸奶200g*10,22,484.0814
2026-8-8,小程序及其他,小程序及其他,250S极致有机纯牛奶250mL*12,1,24.1258
2026-8-8,小程序及其他,小程序及其他,钻石装极致有机纯牛奶（200ml*10）,21,429.2673
2026-8-8,抖音,抖音,三元3.3g方白纯牛奶（250mL*24）,2527,77654.9627
2026-8-8,抖音,抖音,250ml方巧(1*24),363,11638.6875
2026-8-8,抖音,抖音,梦幻盖极致有机纯牛奶（250ml*12）,10,265.409
2026-8-8,抖音,抖音,极致三代低脂纯牛奶（250ml*12）,25,543.5625
2026-8-8,抖音,抖音,常温版极致三代全脂纯牛奶,11,238.7429
2026-8-8,抖音,抖音,三元3.3g全脂纯牛奶无菌砖（200ml*24）卡皮巴拉,22,629.9436
2026-8-8,抖音,抖音,三元3.3g方白脱脂无菌砖(250ml*24),140,3824.184
2026-8-8,抖音,抖音,三元晚安牛奶（250ml*10）,5,129.9215
2026-8-8,抖音,抖音,三元纯牛奶足球礼盒（250ml*12）,195,4135.95
2026-8-8,抖音,抖音,体验装 200M单盒,210,252.5818749
2026-8-8,抖音,抖音,小方白卡皮巴拉脱脂纯牛奶（200mL*24）,4,95.4388
2026-8-8,抖音,抖音,极小智有机A2纯牛奶200mL*10,1,18.4813
2026-8-8,抖音,抖音,极致A2精巧装200ml*10,77,1201.0999
2026-8-8,抖音,抖音,极致高品质全脂纯牛奶（250ml*16）,795,21553.086
2026-8-8,抖音,抖音,简卡原味钻酸奶200g*10,11,242.0407
2026-8-8,抖音,抖音,250S极致娟姗纯牛奶250mL*12,102,2223.4062
2026-8-8,抖音,抖音,钻石装极致有机纯牛奶（200ml*10）,3,61.3239
2026-8-8,拼多多,多多买菜,极致A2精巧装16入,1169,27904.03
2026-8-8,拼多多,多多买菜,极致三代全脂无菌砖（250ml*12）,672,0
2026-8-8,拼多多,拼多多,三元3.3g方白纯牛奶（250mL*24）,1337,41086.1437
2026-8-8,拼多多,拼多多,250ml方巧(1*24),18,577.125
2026-8-8,拼多多,拼多多,梦幻盖极致有机纯牛奶（250ml*12）,15,398.1135
2026-8-8,拼多多,拼多多,极致三代低脂纯牛奶（250ml*12）,7,152.1975
2026-8-8,拼多多,拼多多,三元3.3g方白脱脂无菌砖(250ml*24),754,20595.9624
2026-8-8,拼多多,拼多多,三元纯牛奶足球礼盒（250ml*12）,4,84.84
2026-8-8,拼多多,拼多多,体验装单盒方巧,120,160.3125
2026-8-8,拼多多,拼多多,250ml舒释奶（全脂)(1*12),15,298.3305
2026-8-8,拼多多,拼多多,小方白卡皮巴拉脱脂纯牛奶（200mL*24）,28,668.0716
2026-8-8,拼多多,拼多多,极小智有机A2纯牛奶200mL*10,1,18.4813
2026-8-8,拼多多,拼多多,极致A2精巧装200ml*10,7,109.1909
2026-8-8,拼多多,拼多多,极致高品质全脂纯牛奶（250ml*16）,48,1301.3184
2026-8-8,拼多多,拼多多,简卡原味钻酸奶200g*10,2,44.0074
2026-8-8,拼多多,拼多多,250S极致娟姗纯牛奶250mL*12,9,196.1829
2026-8-8,拼多多,拼多多,钻石装极致有机纯牛奶（200ml*10）,12,245.2956
2026-8-8,新零售,新零售,三元3.3g方白纯牛奶（250mL*24）,6,184.3806
2026-8-8,新零售,新零售,极致三代低脂纯牛奶（250ml*12）,3,65.2275
2026-8-8,新零售,新零售,三元3.2g小方枕全脂利乐枕-电商(227ml*16),3337,67721.078
2026-8-8,新零售,新零售,三元3.3g方白纯牛奶（250mL*24）日常版,753,0
2026-8-8,新零售,新零售,三元3.3g方白脱脂无菌砖(250ml*24),6,163.8936
2026-8-8,新零售,新零售,三元北京纯牛奶全脂（250mL*10）,12,221.9736
2026-8-8,新零售,新零售,极小智有机A2纯牛奶200mL*10,2,36.9626
2026-8-8,新零售,新零售,极致有机全脂梦幻盖(250ml*12),4,0
2026-8-8,新零售,新零售,极致高品质全脂纯牛奶（250ml*16）,2,54.2216
2026-8-9,京东,京东POP,三元3.3g方白纯牛奶（250mL*24）,376,11554.5176
2026-8-9,京东,京东POP,250ml方巧(1*24),18,577.125
2026-8-9,京东,京东POP,梦幻盖极致有机纯牛奶（250ml*12）,9,238.8681
2026-8-9,京东,京东POP,极致三代低脂纯牛奶（250ml*12）,9,195.6825
2026-8-9,京东,京东POP,常温版极致三代全脂纯牛奶,4,86.8156
2026-8-9,京东,京东POP,梦幻盖极致A2纯牛奶250ml*12,3,94.8876
2026-8-9,京东,京东POP,三元3.3g全脂纯牛奶无菌砖（200ml*24）卡皮巴拉,146,4180.5348
2026-8-9,京东,京东POP,三元3.3g方白脱脂无菌砖(250ml*24),84,2294.5104
2026-8-9,京东,京东POP,三元北京纯牛奶全脂（250mL*10）,20,369.956
2026-8-9,京东,京东POP,三元纯牛奶足球礼盒（250ml*12）,4,84.84
2026-8-9,京东,京东POP,体验装 200M单盒,66,79.38287498
2026-8-9,京东,京东POP,体验装单盒方巧,4,5.34375
2026-8-9,京东,京东POP,250ml舒释奶（全脂)(1*12),20,397.774
2026-8-9,京东,京东POP,极小智有机A2纯牛奶200mL*10,21,388.1073
2026-8-9,京东,京东POP,极致A2精巧装200ml*10,81,1263.4947
2026-8-9,京东,京东POP,极致高品质全脂纯牛奶（250ml*16）,111,3009.2988
2026-8-9,京东,京东POP,简卡原味钻酸奶200g*10,4,88.0148
2026-8-9,京东,京东POP,250S极致娟姗纯牛奶250mL*12,10,217.981
2026-8-9,京东,京东POP,250S极致有机纯牛奶250mL*12,1,24.1258
2026-8-9,京东,京东POP,钻石装极致有机纯牛奶（200ml*10）,102,2085.0126
2026-8-9,天猫,猫旗,三元3.3g方白纯牛奶（250mL*24）,1190,36568.819
2026-8-9,天猫,猫旗,250ml方巧(1*24),142,4552.875
2026-8-9,天猫,猫旗,梦幻盖极致有机纯牛奶（250ml*12）,15,398.1135
2026-8-9,天猫,猫旗,极致三代低脂纯牛奶（250ml*12）,32,695.76
2026-8-9,天猫,猫旗,常温版极致三代全脂纯牛奶,10,217.039
2026-8-9,天猫,猫旗,梦幻盖极致A2纯牛奶250ml*12,3,94.8876
2026-8-9,天猫,猫旗,三元3.3g全脂纯牛奶无菌砖（200ml*24）卡皮巴拉,52,1488.9576
2026-8-9,天猫,猫旗,三元3.3g方白脱脂无菌砖(250ml*24),179,4889.4924
2026-8-9,天猫,猫旗,三元北京纯牛奶全脂（250mL*10）,2,36.9956
2026-8-9,天猫,猫旗,三元晚安牛奶（250ml*10）,13,337.7959
2026-8-9,天猫,猫旗,三元纯牛奶足球礼盒（250ml*12）,10,212.1
2026-8-9,天猫,猫旗,体验装 有机单盒,36,72.37739999
2026-8-9,天猫,猫旗,体验装 极全单盒,12,20.3331
2026-8-9,天猫,猫旗,体验装 极致A2精巧单盒,17,44.80803334
2026-8-9,天猫,猫旗,体验装 极致娟姗拆单盒,6,10.89905
2026-8-9,天猫,猫旗,体验装 特品脱脂拆单盒,180,178.9477501
2026-8-9,天猫,猫旗,体验装单盒方巧,72,96.1875
2026-8-9,天猫,猫旗,体验装单盒特品,348,422.8736501
2026-8-9,天猫,猫旗,250ml舒释奶（全脂)(1*12),13,258.5531
2026-8-9,天猫,猫旗,小方白卡皮巴拉脱脂纯牛奶（200mL*24）,36,858.9492
2026-8-9,天猫,猫旗,极小智有机A2纯牛奶200mL*10,24,443.5512
2026-8-9,天猫,猫旗,极致A2精巧装200ml*10,53,826.7311
2026-8-9,天猫,猫旗,极致高品质全脂纯牛奶（250ml*16）,169,4581.7252
2026-8-9,天猫,猫旗,简卡原味钻酸奶200g*10,21,462.0777
2026-8-9,天猫,猫旗,芭芭农场DM单,2,0
2026-8-9,天猫,猫旗,芭芭农场纸箱,2,0
2026-8-9,天猫,猫旗,250S极致娟姗纯牛奶250mL*12,38,828.3278
2026-8-9,天猫,猫旗,250S极致有机纯牛奶250mL*12,8,193.0064
2026-8-9,天猫,猫旗,钻石装极致有机纯牛奶（200ml*10）,1,20.4413
2026-8-9,小程序及其他,小程序及其他,三元3.3g方白纯牛奶（250mL*24）,458,14074.3858
2026-8-9,小程序及其他,小程序及其他,250ml方巧(1*24),27,865.6875
2026-8-9,小程序及其他,小程序及其他,梦幻盖极致有机纯牛奶（250ml*12）,3,79.6227
2026-8-9,小程序及其他,小程序及其他,极致三代低脂纯牛奶（250ml*12）,86,1869.855
2026-8-9,小程序及其他,小程序及其他,常温版极致三代全脂纯牛奶,34,737.9326
2026-8-9,小程序及其他,小程序及其他,梦幻盖极致A2纯牛奶250ml*12,57,1802.8644
2026-8-9,小程序及其他,小程序及其他,三元3.3g方白脱脂无菌砖(250ml*24),11,300.4716
2026-8-9,小程序及其他,小程序及其他,三元晚安牛奶（250ml*10）,4,103.9372
2026-8-9,小程序及其他,小程序及其他,极小智有机A2纯牛奶200mL*10,3,55.4439
2026-8-9,小程序及其他,小程序及其他,极致A2精巧装200ml*10,48,748.7376
2026-8-9,小程序及其他,小程序及其他,极致高品质全脂纯牛奶（250ml*16）,26,704.8808
2026-8-9,小程序及其他,小程序及其他,简卡原味钻酸奶200g*10,39,858.1443
2026-8-9,小程序及其他,小程序及其他,钻石装极致有机纯牛奶（200ml*10）,15,306.6195
2026-8-9,抖音,抖音,三元3.3g方白纯牛奶（250mL*24）,2440,74981.444
2026-8-9,抖音,抖音,250ml方巧(1*24),159,5097.9375
2026-8-9,抖音,抖音,梦幻盖极致有机纯牛奶（250ml*12）,9,238.8681
2026-8-9,抖音,抖音,极致三代低脂纯牛奶（250ml*12）,14,304.395
2026-8-9,抖音,抖音,常温版极致三代全脂纯牛奶,5,108.5195
2026-8-9,抖音,抖音,三元3.3g全脂纯牛奶无菌砖（200ml*24）卡皮巴拉,26,744.4788
2026-8-9,抖音,抖音,三元3.3g方白脱脂无菌砖(250ml*24),216,5900.1696
2026-8-9,抖音,抖音,三元晚安牛奶（250ml*10）,4,103.9372
2026-8-9,抖音,抖音,三元纯牛奶足球礼盒（250ml*12）,197,4178.37
2026-8-9,抖音,抖音,体验装 200M单盒,100,120.2770833
2026-8-9,抖音,抖音,听装三元畅倍益益生菌奶粉700g*6,1,0
2026-8-9,抖音,抖音,小方白卡皮巴拉脱脂纯牛奶（200mL*24）,6,143.1582
2026-8-9,抖音,抖音,极致A2精巧装200ml*10,33,514.7571
2026-8-9,抖音,抖音,极致高品质全脂纯牛奶（250ml*16）,393,10654.5444
2026-8-9,抖音,抖音,简卡原味钻酸奶200g*10,3,66.0111
2026-8-9,抖音,抖音,250S极致娟姗纯牛奶250mL*12,82,1787.4442
2026-8-9,拼多多,拼多多,三元3.3g方白纯牛奶（250mL*24）,1365,41946.5865
2026-8-9,拼多多,拼多多,250ml方巧(1*24),18,577.125
2026-8-9,拼多多,拼多多,梦幻盖极致有机纯牛奶（250ml*12）,20,530.818
2026-8-9,拼多多,拼多多,极致三代低脂纯牛奶（250ml*12）,2,43.485
2026-8-9,拼多多,拼多多,梦幻盖极致A2纯牛奶250ml*12,1,31.6292
2026-8-9,拼多多,拼多多,三元3.3g方白脱脂无菌砖(250ml*24),753,20568.6468
2026-8-9,拼多多,拼多多,三元晚安牛奶（250ml*10）,1,25.9843
2026-8-9,拼多多,拼多多,三元纯牛奶足球礼盒（250ml*12）,2,42.42
2026-8-9,拼多多,拼多多,体验装单盒方巧,80,106.875
2026-8-9,拼多多,拼多多,250ml舒释奶（全脂)(1*12),8,159.1096
2026-8-9,拼多多,拼多多,小方白卡皮巴拉脱脂纯牛奶（200mL*24）,29,691.9313
2026-8-9,拼多多,拼多多,极小智有机A2纯牛奶200mL*10,3,55.4439
2026-8-9,拼多多,拼多多,极致A2精巧装200ml*10,12,187.1844
2026-8-9,拼多多,拼多多,极致高品质全脂纯牛奶（250ml*16）,67,1816.4236
2026-8-9,拼多多,拼多多,简卡原味钻酸奶200g*10,2,44.0074
2026-8-9,拼多多,拼多多,250S极致娟姗纯牛奶250mL*12,3,65.3943
2026-8-9,拼多多,拼多多,钻石装极致有机纯牛奶（200ml*10）,10,204.413
2026-8-9,新零售,新零售,三元3.3g方白纯牛奶（250mL*24）,12,368.7612
2026-8-9,新零售,新零售,梦幻盖极致有机纯牛奶（250ml*12）,2,53.0818
2026-8-9,新零售,新零售,极致三代低脂纯牛奶（250ml*12）,1,21.7425
2026-8-9,新零售,新零售,三元3.2g小方枕全脂利乐枕-电商(227ml*16),462,9375.828
2026-8-9,新零售,新零售,三元3.3g全脂纯牛奶无菌砖（200ml*24）卡皮巴拉,2161,61877.6418
2026-8-9,新零售,新零售,三元3.3g方白纯牛奶（250mL*24）日常版,2285,0
2026-8-9,新零售,新零售,三元3.3g方白脱脂无菌砖(250ml*24),3,81.9468
2026-8-9,新零售,新零售,三元巧克力全脂无菌砖（250ml*24）,210,0
2026-8-9,新零售,新零售,三元简卡全脂砖石包(200g*10),244,0
2026-8-9,新零售,新零售,极小智有机A2纯牛奶200mL*10,2,36.9626
2026-8-9,新零售,新零售,极致A2β-酪蛋白全脂无菌砖(200ml*10),240,0
2026-8-9,新零售,新零售,极致三代低脂无菌砖(250ml*12),340,0
2026-8-9,新零售,新零售,极致三代全脂无菌砖（250ml*12）,372,0
2026-8-9,新零售,新零售,极致娟姗全脂苗条砖(250ml*12),760,0
2026-8-9,新零售,新零售,极致有机全脂梦幻盖(250ml*12),540,0
2026-8-9,新零售,新零售,极致有机全脂苗条砖(200ml*10),972,0
2026-8-9,新零售,新零售,极致高品质全脂纯牛奶（250ml*16）,30,813.324
2026-8-9,新零售,新零售,250S极致娟姗纯牛奶250mL*12,1,21.7981
2026-8-10,京东,京东POP,三元3.3g方白纯牛奶（250mL*24）,411,12630.0711
2026-8-10,京东,京东POP,250ml方巧(1*24),31,993.9375
2026-8-10,京东,京东POP,梦幻盖极致有机纯牛奶（250ml*12）,14,371.5726
2026-8-10,京东,京东POP,极致三代低脂纯牛奶（250ml*12）,12,260.91
2026-8-10,京东,京东POP,常温版极致三代全脂纯牛奶,2,43.4078
2026-8-10,京东,京东POP,三元3.3g全脂纯牛奶无菌砖（200ml*24）卡皮巴拉,194,5554.9572
2026-8-10,京东,京东POP,三元3.3g方白脱脂无菌砖(250ml*24),92,2513.0352
2026-8-10,京东,京东POP,三元北京纯牛奶全脂（250mL*10）,22,406.9516
2026-8-10,京东,京东POP,三元纯牛奶足球礼盒（250ml*12）,9,190.89
2026-8-10,京东,京东POP,体验装 200M单盒,60,72.16624998
2026-8-10,京东,京东POP,体验装单盒方巧,4,5.34375
2026-8-10,京东,京东POP,250ml舒释奶（全脂)(1*12),27,536.9949
2026-8-10,京东,京东POP,极小智有机A2纯牛奶200mL*10,50,924.065
2026-8-10,京东,京东POP,极致A2精巧装200ml*10,100,1559.87
2026-8-10,京东,京东POP,极致高品质全脂纯牛奶（250ml*16）,118,3199.0744
2026-8-10,京东,京东POP,简卡原味钻酸奶200g*10,3,66.0111
2026-8-10,京东,京东POP,250S极致娟姗纯牛奶250mL*12,18,392.3658
2026-8-10,京东,京东POP,250S极致有机纯牛奶250mL*12,1,24.1258
2026-8-10,京东,京东POP,钻石装极致有机纯牛奶（200ml*10）,115,2350.7495
2026-8-10,天猫,猫旗,三元3.3g方白纯牛奶（250mL*24）,1118,34356.2518
2026-8-10,天猫,猫旗,250ml方巧(1*24),116,3719.25
2026-8-10,天猫,猫旗,梦幻盖极致有机纯牛奶（250ml*12）,32,849.3088
2026-8-10,天猫,猫旗,极致三代低脂纯牛奶（250ml*12）,63,1369.7775
2026-8-10,天猫,猫旗,常温版极致三代全脂纯牛奶,9,195.3351
2026-8-10,天猫,猫旗,梦幻盖极致A2纯牛奶250ml*12,7,221.4044
2026-8-10,天猫,猫旗,三元3.3g全脂纯牛奶无菌砖（200ml*24）卡皮巴拉,59,1689.3942
2026-8-10,天猫,猫旗,三元3.3g方白脱脂无菌砖(250ml*24),436,11909.6016
2026-8-10,天猫,猫旗,三元北京纯牛奶全脂（250mL*10）,6,110.9868
2026-8-10,天猫,猫旗,三元晚安牛奶（250ml*10）,6,155.9058
2026-8-10,天猫,猫旗,三元纯牛奶足球礼盒（250ml*12）,4,84.84
2026-8-10,天猫,猫旗,体验装 有机单盒,18,36.18869999
2026-8-10,天猫,猫旗,体验装 极致A2精巧单盒,18,47.44380001
2026-8-10,天猫,猫旗,体验装 极致娟姗拆单盒,28,50.86223332
2026-8-10,天猫,猫旗,体验装 特品脱脂拆单盒,198,196.8425251
2026-8-10,天猫,猫旗,体验装单盒方巧,132,176.34375
2026-8-10,天猫,猫旗,体验装单盒特品,480,583.2740002
2026-8-10,天猫,猫旗,250ml舒释奶（全脂)(1*12),14,278.4418
2026-8-10,天猫,猫旗,北京纯全脂拆单盒,30,55.4934
2026-8-10,天猫,猫旗,小方白卡皮巴拉脱脂纯牛奶（200mL*24）,23,548.7731
2026-8-10,天猫,猫旗,极小智有机A2纯牛奶200mL*10,23,425.0699
2026-8-10,天猫,猫旗,极致A2精巧装200ml*10,55,857.9285
2026-8-10,天猫,猫旗,极致高品质全脂纯牛奶（250ml*16）,172,4663.0576
2026-8-10,天猫,猫旗,简卡原味钻酸奶200g*10,10,220.037
2026-8-10,天猫,猫旗,芭芭农场DM单,3,0
2026-8-10,天猫,猫旗,芭芭农场纸箱,3,0
2026-8-10,天猫,猫旗,250S极致娟姗纯牛奶250mL*12,39,850.1259
2026-8-10,天猫,猫旗,250S极致有机纯牛奶250mL*12,15,361.887
2026-8-10,天猫,猫旗,钻石装极致有机纯牛奶（200ml*10）,17,347.5021
2026-8-10,小程序及其他,小程序及其他,三元3.3g方白纯牛奶（250mL*24）,497,15272.8597
2026-8-10,小程序及其他,小程序及其他,三元A2纯牛奶DS200ml*10,21,321.3147
2026-8-10,小程序及其他,小程序及其他,250ml方巧(1*24),32,1026
2026-8-10,小程序及其他,小程序及其他,梦幻盖极致有机纯牛奶（250ml*12）,2,53.0818
2026-8-10,小程序及其他,小程序及其他,极致三代低脂纯牛奶（250ml*12）,77,1674.1725
2026-8-10,小程序及其他,小程序及其他,常温版极致三代全脂纯牛奶,26,564.3014
2026-8-10,小程序及其他,小程序及其他,梦幻盖极致A2纯牛奶250ml*12,35,1107.022
2026-8-10,小程序及其他,小程序及其他,三元3.3g方白脱脂无菌砖(250ml*24),8,218.5248
2026-8-10,小程序及其他,小程序及其他,三元北京纯牛奶全脂（250mL*10）,6,110.9868
2026-8-10,小程序及其他,小程序及其他,三元晚安牛奶（250ml*10）,6,155.9058
2026-8-10,小程序及其他,小程序及其他,250ml舒释奶（全脂)(1*12),4,79.5548
2026-8-10,小程序及其他,小程序及其他,极小智有机A2纯牛奶200mL*10,4,73.9252
2026-8-10,小程序及其他,小程序及其他,极致A2精巧装200ml*10,90,1403.883
2026-8-10,小程序及其他,小程序及其他,极致高品质全脂纯牛奶（250ml*16）,16,433.7728
2026-8-10,小程序及其他,小程序及其他,简卡原味钻酸奶200g*10,28,616.1036
2026-8-10,小程序及其他,小程序及其他,250S极致有机纯牛奶250mL*12,1,24.1258
2026-8-10,小程序及其他,小程序及其他,钻石装极致有机纯牛奶（200ml*10）,33,674.5629
2026-8-10,抖音,抖音,三元3.3g方白纯牛奶（250mL*24）,2418,74305.3818
2026-8-10,抖音,抖音,250ml方巧(1*24),149,4777.3125
2026-8-10,抖音,抖音,梦幻盖极致有机纯牛奶（250ml*12）,16,424.6544
2026-8-10,抖音,抖音,极致三代低脂纯牛奶（250ml*12）,27,587.0475
2026-8-10,抖音,抖音,常温版极致三代全脂纯牛奶,17,368.9663
2026-8-10,抖音,抖音,三元3.3g全脂纯牛奶无菌砖（200ml*24）卡皮巴拉,31,887.6478
2026-8-10,抖音,抖音,三元3.3g方白脱脂无菌砖(250ml*24),233,6364.5348
2026-8-10,抖音,抖音,三元北京纯牛奶全脂（250mL*10）,2,36.9956
2026-8-10,抖音,抖音,三元晚安牛奶（250ml*10）,2,51.9686
2026-8-10,抖音,抖音,三元纯牛奶足球礼盒（250ml*12）,203,4305.63
2026-8-10,抖音,抖音,体验装 200M单盒,116,139.5214166
2026-8-10,抖音,抖音,250ml舒释奶（全脂)(1*12),3,59.6661
2026-8-10,抖音,抖音,小方白卡皮巴拉脱脂纯牛奶（200mL*24）,5,119.2985
2026-8-10,抖音,抖音,极致A2精巧装200ml*10,51,795.5337
2026-8-10,抖音,抖音,极致高品质全脂纯牛奶（250ml*16）,568,15398.9344
2026-8-10,抖音,抖音,简卡原味钻酸奶200g*10,2,44.0074
2026-8-10,抖音,抖音,250S极致娟姗纯牛奶250mL*12,74,1613.0594
2026-8-10,抖音,抖音,钻石装极致有机纯牛奶（200ml*10）,7,143.0891
2026-8-10,拼多多,拼多多,三元3.3g方白纯牛奶（250mL*24）,1356,41670.0156
2026-8-10,拼多多,拼多多,250ml方巧(1*24),36,1154.25
2026-8-10,拼多多,拼多多,梦幻盖极致有机纯牛奶（250ml*12）,18,477.7362
2026-8-10,拼多多,拼多多,极致三代低脂纯牛奶（250ml*12）,17,369.6225
2026-8-10,拼多多,拼多多,三元3.3g方白脱脂无菌砖(250ml*24),889,24283.5684
2026-8-10,拼多多,拼多多,三元晚安牛奶（250ml*10）,12,311.8116
2026-8-10,拼多多,拼多多,三元纯牛奶足球礼盒（250ml*12）,1,21.21
2026-8-10,拼多多,拼多多,体验装单盒方巧,56,74.8125
2026-8-10,拼多多,拼多多,250ml舒释奶（全脂)(1*12),17,338.1079
2026-8-10,拼多多,拼多多,小方白卡皮巴拉脱脂纯牛奶（200mL*24）,39,930.5283
2026-8-10,拼多多,拼多多,极小智有机A2纯牛奶200mL*10,10,184.813
2026-8-10,拼多多,拼多多,极致A2精巧装200ml*10,17,265.1779
2026-8-10,拼多多,拼多多,极致高品质全脂纯牛奶（250ml*16）,94,2548.4152
2026-8-10,拼多多,拼多多,简卡原味钻酸奶200g*10,6,132.0222
2026-8-10,拼多多,拼多多,250S极致娟姗纯牛奶250mL*12,16,348.7696
2026-8-10,拼多多,拼多多,钻石装极致有机纯牛奶（200ml*10）,4,81.7652
2026-8-10,新零售,新零售,三元3.3g方白纯牛奶（250mL*24）,13,399.4913
2026-8-10,新零售,新零售,梦幻盖极致有机纯牛奶（250ml*12）,3,79.6227
2026-8-10,新零售,新零售,极致三代低脂纯牛奶（250ml*12）,4,86.97
2026-8-10,新零售,新零售,三元3.3g方白脱脂无菌砖(250ml*24),2529,69081.1524
2026-8-10,新零售,新零售,三元3.3g方白脱脂无菌砖(250ml*24),9,245.8404
2026-8-10,新零售,新零售,极小智有机A2纯牛奶200mL*10,5,92.4065
2026-8-10,新零售,新零售,极致高品质全脂纯牛奶（250ml*16）,4,108.4432
2026-8-10,新零售,新零售,250S极致娟姗纯牛奶250mL*12,2,43.5962
2026-8-11,京东,京东POP,三元3.3g方白纯牛奶（250mL*24）,478,14688.9878
2026-8-11,京东,京东POP,250ml方巧(1*24),26,833.625
2026-8-11,京东,京东POP,梦幻盖极致有机纯牛奶（250ml*12）,7,185.7863
2026-8-11,京东,京东POP,极致三代低脂纯牛奶（250ml*12）,15,326.1375
2026-8-11,京东,京东POP,常温版极致三代全脂纯牛奶,5,108.5195
2026-8-11,京东,京东POP,梦幻盖极致A2纯牛奶250ml*12,1,31.6292
2026-8-11,京东,京东POP,三元3.3g全脂纯牛奶无菌砖（200ml*24）卡皮巴拉,141,4037.3658
2026-8-11,京东,京东POP,三元3.3g方白脱脂无菌砖(250ml*24),82,2239.8792
2026-8-11,京东,京东POP,三元北京纯牛奶全脂（250mL*10）,14,258.9692
2026-8-11,京东,京东POP,三元纯牛奶足球礼盒（250ml*12）,3,63.63
2026-8-11,京东,京东POP,体验装 200M单盒,162,194.8488749
2026-8-11,京东,京东POP,250ml舒释奶（全脂)(1*12),14,278.4418
2026-8-11,京东,京东POP,极小智有机A2纯牛奶200mL*10,24,443.5512
2026-8-11,京东,京东POP,极致A2精巧装200ml*10,79,1232.2973
2026-8-11,京东,京东POP,极致高品质全脂纯牛奶（250ml*16）,91,2467.0828
2026-8-11,京东,京东POP,简卡原味钻酸奶200g*10,1,22.0037
2026-8-11,京东,京东POP,250S极致娟姗纯牛奶250mL*12,10,217.981
2026-8-11,京东,京东POP,250S极致有机纯牛奶250mL*12,5,120.629
2026-8-11,京东,京东POP,钻石装极致有机纯牛奶（200ml*10）,93,1901.0409
2026-8-11,京东,京东自营,三元北京纯牛奶全脂（250mL*10）,1400,25896.92
2026-8-11,京东,京东自营,钻石包极致有机纯牛奶（200ml*21）,5400,195792.66
2026-8-11,天猫,猫旗,三元3.3g方白纯牛奶（250mL*24）,1110,34110.411
2026-8-11,天猫,猫旗,250ml方巧(1*24),138,4424.625
2026-8-11,天猫,猫旗,梦幻盖极致有机纯牛奶（250ml*12）,26,690.0634
2026-8-11,天猫,猫旗,极致三代低脂纯牛奶（250ml*12）,38,826.215
2026-8-11,天猫,猫旗,常温版极致三代全脂纯牛奶,2,43.4078
2026-8-11,天猫,猫旗,梦幻盖极致A2纯牛奶250ml*12,4,126.5168
2026-8-11,天猫,猫旗,三元3.3g全脂纯牛奶无菌砖（200ml*24）卡皮巴拉,72,2061.6336
2026-8-11,天猫,猫旗,三元3.3g方白脱脂无菌砖(250ml*24),380,10379.928
2026-8-11,天猫,猫旗,三元北京纯牛奶全脂（250mL*10）,14,258.9692
2026-8-11,天猫,猫旗,三元晚安牛奶（250ml*10）,12,311.8116
2026-8-11,天猫,猫旗,三元纯牛奶足球礼盒（250ml*12）,2,42.42
2026-8-11,天猫,猫旗,体验装 有机单盒,30,60.31449999
2026-8-11,天猫,猫旗,体验装 极致A2精巧单盒,30,79.07300001
2026-8-11,天猫,猫旗,体验装 极致娟姗拆单盒,30,54.49524999
2026-8-11,天猫,猫旗,体验装 特品脱脂拆单盒,144,143.1582
2026-8-11,天猫,猫旗,体验装单盒方巧,90,120.234375
2026-8-11,天猫,猫旗,体验装单盒特品,564,685.3469502
2026-8-11,天猫,猫旗,250ml舒释奶（全脂)(1*12),17,338.1079
2026-8-11,天猫,猫旗,北京纯全脂拆单盒,24,44.39472
2026-8-11,天猫,猫旗,小方白卡皮巴拉脱脂纯牛奶（200mL*24）,40,954.388
2026-8-11,天猫,猫旗,极小智有机A2纯牛奶200mL*10,14,258.7382
2026-8-11,天猫,猫旗,极致A2精巧装200ml*10,69,1076.3103
2026-8-11,天猫,猫旗,极致高品质全脂纯牛奶（250ml*16）,152,4120.8416
2026-8-11,天猫,猫旗,简卡单盒,5,11.00185
2026-8-11,天猫,猫旗,简卡原味钻酸奶200g*10,10,220.037
2026-8-11,天猫,猫旗,芭芭农场DM单,5,0
2026-8-11,天猫,猫旗,芭芭农场纸箱,5,0
2026-8-11,天猫,猫旗,250S极致娟姗纯牛奶250mL*12,49,1068.1069
2026-8-11,天猫,猫旗,250S极致有机纯牛奶250mL*12,14,337.7612
2026-8-11,天猫,猫旗,钻石装极致有机纯牛奶（200ml*10）,12,245.2956
2026-8-11,小程序及其他,小程序及其他,三元3.3g方白纯牛奶（250mL*24）,464,14258.7664
2026-8-11,小程序及其他,小程序及其他,三元A2纯牛奶DS200ml*10,11,168.3077
2026-8-11,小程序及其他,小程序及其他,250ml方巧(1*24),40,1282.5
2026-8-11,小程序及其他,小程序及其他,梦幻盖极致有机纯牛奶（250ml*12）,7,185.7863
2026-8-11,小程序及其他,小程序及其他,极致三代低脂纯牛奶（250ml*12）,95,2065.5375
2026-8-11,小程序及其他,小程序及其他,常温版极致三代全脂纯牛奶,11,238.7429
2026-8-11,小程序及其他,小程序及其他,梦幻盖极致A2纯牛奶250ml*12,31,980.5052
2026-8-11,小程序及其他,小程序及其他,三元3.3g全脂纯牛奶无菌砖（200ml*24）卡皮巴拉,2,57.2676
2026-8-11,小程序及其他,小程序及其他,三元3.3g方白脱脂无菌砖(250ml*24),26,710.2056
2026-8-11,小程序及其他,小程序及其他,三元北京纯牛奶全脂（250mL*10）,5,92.489
2026-8-11,小程序及其他,小程序及其他,三元晚安牛奶（250ml*10）,11,285.8273
2026-8-11,小程序及其他,小程序及其他,250ml舒释奶（全脂)(1*12),1,19.8887
2026-8-11,小程序及其他,小程序及其他,小方白卡皮巴拉脱脂纯牛奶（200mL*24）,2,47.7194
2026-8-11,小程序及其他,小程序及其他,极小智有机A2纯牛奶200mL*10,7,129.3691
2026-8-11,小程序及其他,小程序及其他,极致A2精巧装200ml*10,79,1232.2973
2026-8-11,小程序及其他,小程序及其他,极致高品质全脂纯牛奶（250ml*16）,22,596.4376
2026-8-11,小程序及其他,小程序及其他,简卡原味钻酸奶200g*10,30,660.111
2026-8-11,小程序及其他,小程序及其他,钻石装极致有机纯牛奶（200ml*10）,13,265.7369
2026-8-11,抖音,抖音,三元3.3g方白纯牛奶（250mL*24）,3857,118525.9957
2026-8-11,抖音,抖音,250ml方巧(1*24),153,4905.5625
2026-8-11,抖音,抖音,梦幻盖极致有机纯牛奶（250ml*12）,16,424.6544
2026-8-11,抖音,抖音,极致三代低脂纯牛奶（250ml*12）,35,760.9875
2026-8-11,抖音,抖音,常温版极致三代全脂纯牛奶,24,520.8936
2026-8-11,抖音,抖音,三元3.3g全脂纯牛奶无菌砖（200ml*24）卡皮巴拉,31,887.6478
2026-8-11,抖音,抖音,三元3.3g方白脱脂无菌砖(250ml*24),235,6419.166
2026-8-11,抖音,抖音,三元北京纯牛奶全脂（250mL*10）,6,110.9868
2026-8-11,抖音,抖音,三元纯牛奶足球礼盒（250ml*12）,294,6235.74
2026-8-11,抖音,抖音,体验装 200M单盒,206,247.7707916
2026-8-11,抖音,抖音,听装三元畅倍益益生菌奶粉700g*6,1,0
2026-8-11,抖音,抖音,小方白卡皮巴拉脱脂纯牛奶（200mL*24）,8,190.8776
2026-8-11,抖音,抖音,极小智有机A2纯牛奶200mL*10,6,110.8878
2026-8-11,抖音,抖音,极致A2精巧装200ml*10,119,1856.2453
2026-8-11,抖音,抖音,极致高品质全脂纯牛奶（250ml*16）,797,21607.3076
2026-8-11,抖音,抖音,简卡原味钻酸奶200g*10,5,110.0185
2026-8-11,抖音,抖音,250S极致娟姗纯牛奶250mL*12,105,2288.8005
2026-8-11,抖音,抖音,钻石装极致有机纯牛奶（200ml*10）,6,122.6478
2026-8-11,拼多多,多多买菜,三元3.3g方白脱脂无菌砖(250ml*24),2000,54631.2
2026-8-11,拼多多,多多买菜,三元巧克力全脂无菌砖（250ml*24）,1000,0
2026-8-11,拼多多,多多买菜,冰岛式酸奶（200g*24）,300,13450.98
2026-8-11,拼多多,拼多多,三元3.3g方白纯牛奶（250mL*24）,1412,43390.9012
2026-8-11,拼多多,拼多多,250ml方巧(1*24),26,833.625
2026-8-11,拼多多,拼多多,梦幻盖极致有机纯牛奶（250ml*12）,19,504.2771
2026-8-11,拼多多,拼多多,极致三代低脂纯牛奶（250ml*12）,4,86.97
2026-8-11,拼多多,拼多多,梦幻盖极致A2纯牛奶250ml*12,1,31.6292
2026-8-11,拼多多,拼多多,三元3.3g方白脱脂无菌砖(250ml*24),1093,29855.9508
2026-8-11,拼多多,拼多多,三元北京纯牛奶全脂（250mL*10）,9,166.4802
2026-8-11,拼多多,拼多多,体验装单盒方巧,104,138.9375
2026-8-11,拼多多,拼多多,250ml舒释奶（全脂)(1*12),16,318.2192
2026-8-11,拼多多,拼多多,小方白卡皮巴拉脱脂纯牛奶（200mL*24）,44,1049.8268
2026-8-11,拼多多,拼多多,极小智有机A2纯牛奶200mL*10,6,110.8878
2026-8-11,拼多多,拼多多,极致A2精巧装200ml*10,5,77.9935
2026-8-11,拼多多,拼多多,极致高品质全脂纯牛奶（250ml*16）,69,1870.6452
2026-8-11,拼多多,拼多多,简卡原味钻酸奶200g*10,1,22.0037
2026-8-11,拼多多,拼多多,250S极致娟姗纯牛奶250mL*12,5,108.9905
2026-8-11,拼多多,拼多多,钻石装极致有机纯牛奶（200ml*10）,16,327.0608
2026-8-11,新零售,新零售,三元3.3g方白纯牛奶（250mL*24）,14,430.2214
2026-8-11,新零售,新零售,梦幻盖极致有机纯牛奶（250ml*12）,5,132.7045
2026-8-11,新零售,新零售,极致三代低脂纯牛奶（250ml*12）,6,130.455
2026-8-11,新零售,新零售,三元3.2g小方枕全脂利乐枕-电商(227ml*16),2238,45417.972
2026-8-11,新零售,新零售,三元3.3g全脂纯牛奶无菌砖（200ml*24）卡皮巴拉,790,22620.702
2026-8-11,新零售,新零售,三元3.3g方白全脂无菌砖(200ml*24),1000,0
2026-8-11,新零售,新零售,三元3.3g方白纯牛奶（250mL*24）日常版,776,0
2026-8-11,新零售,新零售,三元3.3g方白脱脂无菌砖(250ml*24),15,409.734
2026-8-11,新零售,新零售,三元3.3g方白脱脂无菌砖(250ml*24),12,327.7872
2026-8-11,新零售,新零售,三元北京纯牛奶全脂（250mL*10）,240,4439.472
2026-8-11,新零售,新零售,三元巧克力全脂无菌砖（250ml*24）,527,0
2026-8-11,新零售,新零售,三元简卡全脂砖石包(200g*10),332,0
2026-8-11,新零售,新零售,极小智有机A2纯牛奶200mL*10,5,92.4065
2026-8-11,新零售,新零售,极致A2β-酪蛋白全脂无菌砖(200ml*10),350,0
2026-8-11,新零售,新零售,极致A2精巧装200mL*20,1200,34242.12
2026-8-11,新零售,新零售,极致三代低脂无菌砖(250ml*12),776,0
2026-8-11,新零售,新零售,极致三代全脂无菌砖（250ml*12）,288,0
2026-8-11,新零售,新零售,极致娟姗全脂苗条砖(250ml*12),572,0
2026-8-11,新零售,新零售,极致有机全脂梦幻盖(250ml*12),736,0
2026-8-11,新零售,新零售,极致有机全脂苗条砖(200ml*10),6366,0
2026-8-11,新零售,新零售,极致高品质全脂纯牛奶（250ml*16）,80,2168.864
2026-8-12,京东,京东POP,三元3.3g方白纯牛奶（250mL*24）,364,11185.7564
2026-8-12,京东,京东POP,250ml方巧(1*24),22,705.375
2026-8-12,京东,京东POP,梦幻盖极致有机纯牛奶（250ml*12）,8,212.3272
2026-8-12,京东,京东POP,极致三代低脂纯牛奶（250ml*12）,7,152.1975
2026-8-12,京东,京东POP,梦幻盖极致A2纯牛奶250ml*12,1,31.6292
2026-8-12,京东,京东POP,三元3.3g全脂纯牛奶无菌砖（200ml*24）卡皮巴拉,136,3894.1968
2026-8-12,京东,京东POP,三元3.3g方白脱脂无菌砖(250ml*24),71,1939.4076
2026-8-12,京东,京东POP,三元北京纯牛奶全脂（250mL*10）,4,73.9912
2026-8-12,京东,京东POP,三元纯牛奶足球礼盒（250ml*12）,5,106.05
2026-8-12,京东,京东POP,体验装 200M单盒,714,858.7783748
2026-8-12,京东,京东POP,体验装单盒方巧,12,16.03125
2026-8-12,京东,京东POP,250ml舒释奶（全脂)(1*12),28,556.8836
2026-8-12,京东,京东POP,极小智有机A2纯牛奶200mL*10,30,554.439
2026-8-12,京东,京东POP,极致A2精巧装200ml*10,75,1169.9025
2026-8-12,京东,京东POP,极致高品质全脂纯牛奶（250ml*16）,99,2683.9692
2026-8-12,京东,京东POP,简卡原味钻酸奶200g*10,1,22.0037
2026-8-12,京东,京东POP,250S极致娟姗纯牛奶250mL*12,9,196.1829
2026-8-12,京东,京东POP,250S极致有机纯牛奶250mL*12,1,24.1258
2026-8-12,京东,京东POP,钻石装极致有机纯牛奶（200ml*10）,82,1676.1866
2026-8-12,天猫,猫旗,三元3.3g方白纯牛奶（250mL*24）,918,28210.2318
2026-8-12,天猫,猫旗,250ml方巧(1*24),156,5001.75
2026-8-12,天猫,猫旗,梦幻盖极致有机纯牛奶（250ml*12）,25,663.5225
2026-8-12,天猫,猫旗,极致三代低脂纯牛奶（250ml*12）,33,717.5025
2026-8-12,天猫,猫旗,常温版极致三代全脂纯牛奶,14,303.8546
2026-8-12,天猫,猫旗,梦幻盖极致A2纯牛奶250ml*12,4,126.5168
2026-8-12,天猫,猫旗,三元3.3g全脂纯牛奶无菌砖（200ml*24）卡皮巴拉,53,1517.5914
2026-8-12,天猫,猫旗,三元3.3g方白脱脂无菌砖(250ml*24),235,6419.166
2026-8-12,天猫,猫旗,三元北京纯牛奶全脂（250mL*10）,13,240.4714
2026-8-12,天猫,猫旗,三元晚安牛奶（250ml*10）,14,363.7802
2026-8-12,天猫,猫旗,三元纯牛奶足球礼盒（250ml*12）,6,127.26
2026-8-12,天猫,猫旗,体验装 有机单盒,48,96.50319998
2026-8-12,天猫,猫旗,体验装 极致A2精巧单盒,12,31.6292
2026-8-12,天猫,猫旗,体验装 极致娟姗拆单盒,12,21.7981
2026-8-12,天猫,猫旗,体验装 特品脱脂拆单盒,126,125.263425
2026-8-12,天猫,猫旗,体验装单盒方巧,48,64.125
2026-8-12,天猫,猫旗,体验装单盒特品,432,524.9466001
2026-8-12,天猫,猫旗,250ml舒释奶（全脂)(1*12),6,119.3322
2026-8-12,天猫,猫旗,北京纯全脂拆单盒,18,33.29604
2026-8-12,天猫,猫旗,小方白卡皮巴拉脱脂纯牛奶（200mL*24）,64,1527.0208
2026-8-12,天猫,猫旗,极小智有机A2纯牛奶200mL*10,37,683.8081
2026-8-12,天猫,猫旗,极致A2精巧装200ml*10,45,701.9415
2026-8-12,天猫,猫旗,极致高品质全脂纯牛奶（250ml*16）,144,3903.9552
2026-8-12,天猫,猫旗,简卡原味钻酸奶200g*10,1,22.0037
2026-8-12,天猫,猫旗,芭芭农场DM单,2,0
2026-8-12,天猫,猫旗,芭芭农场纸箱,2,0
2026-8-12,天猫,猫旗,250S极致娟姗纯牛奶250mL*12,65,1416.8765
2026-8-12,天猫,猫旗,250S极致有机纯牛奶250mL*12,6,144.7548
2026-8-12,天猫,猫旗,钻石装极致有机纯牛奶（200ml*10）,9,183.9717
2026-8-12,天猫,猫超,三元3.2g小方枕全脂利乐枕-电商(227ml*16),1200,24352.8
2026-8-12,天猫,猫超,三元3.3g全脂纯牛奶无菌砖（200ml*24）卡皮巴拉,8977,257045.6226
2026-8-12,天猫,猫超,三元3.3g方白纯牛奶（250mL*24）日常版,3004,0
2026-8-12,天猫,猫超,三元3.3g方白脱脂无菌砖(250ml*24),2186,59711.9016
2026-8-12,天猫,猫超,三元巧克力全脂无菌砖（250ml*24）,602,0
2026-8-12,天猫,猫超,三元简卡全脂砖石包(200g*10),19,0
2026-8-12,天猫,猫超,三元纯牛奶足球礼盒（250ml*12）,60,1272.6
2026-8-12,天猫,猫超,三元高钙全脂无菌砖(250ml*20),337,0
2026-8-12,天猫,猫超,冰岛式酸奶（200g*24）,1244,55776.7304
2026-8-12,天猫,猫超,小方白卡皮巴拉低脂高钙牛奶（200mL*24）,414,10896.3144
2026-8-12,天猫,猫超,小方白卡皮巴拉脱脂纯牛奶（200mL*24）,2500,59649.25
2026-8-12,天猫,猫超,极致三代低脂无菌砖(250ml*12),97,0
2026-8-12,天猫,猫超,极致娟姗全脂苗条砖(250ml*12),153,0
2026-8-12,天猫,猫超,极致有机全脂梦幻盖(250ml*12),423,0
2026-8-12,天猫,猫超,极致极小智有机A2全脂苗条砖(200ml*10),306,0
2026-8-12,天猫,猫超,极致高品质全脂纯牛奶（250ml*16）,855,23179.734
2026-8-12,天猫,猫超,钻石包极致有机纯牛奶（200ml*21）,5712,207105.1248
2026-8-12,小程序及其他,小程序及其他,三元3.3g方白纯牛奶（250mL*24）,484,14873.3684
2026-8-12,小程序及其他,小程序及其他,三元A2纯牛奶DS200ml*10,8,122.4056
2026-8-12,小程序及其他,小程序及其他,250ml方巧(1*24),61,1955.8125
2026-8-12,小程序及其他,小程序及其他,梦幻盖极致有机纯牛奶（250ml*12）,9,238.8681
2026-8-12,小程序及其他,小程序及其他,极致三代低脂纯牛奶（250ml*12）,110,2391.675
2026-8-12,小程序及其他,小程序及其他,常温版极致三代全脂纯牛奶,34,737.9326
2026-8-12,小程序及其他,小程序及其他,梦幻盖极致A2纯牛奶250ml*12,41,1296.7972
2026-8-12,小程序及其他,小程序及其他,三元3.3g全脂纯牛奶无菌砖（200ml*24）卡皮巴拉,1,28.6338
2026-8-12,小程序及其他,小程序及其他,三元3.3g方白脱脂无菌砖(250ml*24),17,464.3652
2026-8-12,小程序及其他,小程序及其他,三元北京纯牛奶全脂（250mL*10）,7,129.4846
2026-8-12,小程序及其他,小程序及其他,250ml舒释奶（全脂)(1*12),2,39.7774
2026-8-12,小程序及其他,小程序及其他,小方白卡皮巴拉脱脂纯牛奶（200mL*24）,2,47.7194
2026-8-12,小程序及其他,小程序及其他,极小智有机A2纯牛奶200mL*10,5,92.4065
2026-8-12,小程序及其他,小程序及其他,极致A2精巧装200ml*10,77,1201.0999
2026-8-12,小程序及其他,小程序及其他,极致高品质全脂纯牛奶（250ml*16）,6,162.6648
2026-8-12,小程序及其他,小程序及其他,简卡原味钻酸奶200g*10,22,484.0814
2026-8-12,小程序及其他,小程序及其他,钻石装极致有机纯牛奶（200ml*10）,25,511.0325
2026-8-12,抖音,抖音,三元3.3g方白纯牛奶（250mL*24）,2440,74981.444
2026-8-12,抖音,抖音,250ml方巧(1*24),137,4392.5625
2026-8-12,抖音,抖音,梦幻盖极致有机纯牛奶（250ml*12）,16,424.6544
2026-8-12,抖音,抖音,极致三代低脂纯牛奶（250ml*12）,44,956.67
2026-8-12,抖音,抖音,常温版极致三代全脂纯牛奶,10,217.039
2026-8-12,抖音,抖音,三元3.3g全脂纯牛奶无菌砖（200ml*24）卡皮巴拉,14,400.8732
2026-8-12,抖音,抖音,三元3.3g方白脱脂无菌砖(250ml*24),247,6746.9532
2026-8-12,抖音,抖音,三元北京纯牛奶全脂（250mL*10）,4,73.9912
2026-8-12,抖音,抖音,三元晚安牛奶（250ml*10）,1,25.9843
2026-8-12,抖音,抖音,三元纯牛奶足球礼盒（250ml*12）,375,7953.75
2026-8-12,抖音,抖音,体验装 200M单盒,254,305.5037916
2026-8-12,抖音,抖音,听装三元畅倍益益生菌奶粉700g*6,1,0
2026-8-12,抖音,抖音,小方白卡皮巴拉脱脂纯牛奶（200mL*24）,6,143.1582
2026-8-12,抖音,抖音,极小智有机A2纯牛奶200mL*10,1,18.4813
2026-8-12,抖音,抖音,极致A2精巧装200ml*10,74,1154.3038
2026-8-12,抖音,抖音,极致高品质全脂纯牛奶（250ml*16）,1363,36952.0204
2026-8-12,抖音,抖音,简卡原味钻酸奶200g*10,3,66.0111
2026-8-12,抖音,抖音,250S极致娟姗纯牛奶250mL*12,238,5187.9478
2026-8-12,拼多多,多多买菜,三元白奶全脂百利包(200ml*16),800,0
2026-8-12,拼多多,拼多多,三元3.3g方白纯牛奶（250mL*24）,1181,36292.2481
2026-8-12,拼多多,拼多多,250ml方巧(1*24),16,513
2026-8-12,拼多多,拼多多,梦幻盖极致有机纯牛奶（250ml*12）,8,212.3272
2026-8-12,拼多多,拼多多,极致三代低脂纯牛奶（250ml*12）,10,217.425
2026-8-12,拼多多,拼多多,三元3.3g方白脱脂无菌砖(250ml*24),937,25594.7172
2026-8-12,拼多多,拼多多,三元北京纯牛奶全脂（250mL*10）,1,18.4978
2026-8-12,拼多多,拼多多,三元纯牛奶足球礼盒（250ml*12）,1,21.21
2026-8-12,拼多多,拼多多,体验装单盒方巧,136,181.6875
2026-8-12,拼多多,拼多多,250ml舒释奶（全脂)(1*12),33,656.3271
2026-8-12,拼多多,拼多多,小方白卡皮巴拉脱脂纯牛奶（200mL*24）,55,1312.2835
2026-8-12,拼多多,拼多多,极小智有机A2纯牛奶200mL*10,20,369.626
2026-8-12,拼多多,拼多多,极致A2精巧装200ml*10,3,46.7961
2026-8-12,拼多多,拼多多,极致高品质全脂纯牛奶（250ml*16）,55,1491.094
2026-8-12,拼多多,拼多多,简卡原味钻酸奶200g*10,7,154.0259
2026-8-12,拼多多,拼多多,250S极致娟姗纯牛奶250mL*12,10,217.981
2026-8-12,拼多多,拼多多,钻石装极致有机纯牛奶（200ml*10）,10,204.413
2026-8-12,新零售,新零售,三元3.3g方白纯牛奶（250mL*24）,16,491.6816
2026-8-12,新零售,新零售,梦幻盖极致有机纯牛奶（250ml*12）,6,159.2454
2026-8-12,新零售,新零售,极致三代低脂纯牛奶（250ml*12）,7,152.1975
2026-8-12,新零售,新零售,三元3.2g小方枕全脂利乐枕-电商(227ml*16),1824,37016.256
2026-8-12,新零售,新零售,三元3.3g全脂纯牛奶无菌砖（200ml*24）卡皮巴拉,55,1574.859
2026-8-12,新零售,新零售,三元3.3g方白纯牛奶（250mL*24）日常版,240,0
2026-8-12,新零售,新零售,三元3.3g方白脱脂无菌砖(250ml*24),315,8604.414
2026-8-12,新零售,新零售,三元3.3g方白脱脂无菌砖(250ml*24),7,191.2092
2026-8-12,新零售,新零售,三元巧克力全脂无菌砖（250ml*24）,28,0
2026-8-12,新零售,新零售,三元简卡全脂砖石包(200g*10),24,0
2026-8-12,新零售,新零售,三元高钙全脂无菌砖(250ml*20),20,0
2026-8-12,新零售,新零售,极小智有机A2纯牛奶200mL*10,6,110.8878
2026-8-12,新零售,新零售,极致三代低脂无菌砖(250ml*12),28,0
2026-8-12,新零售,新零售,极致三代全脂无菌砖（250ml*12）,44,0
2026-8-12,新零售,新零售,极致有机全脂梦幻盖(250ml*12),24,0
2026-8-12,新零售,新零售,极致有机全脂苗条砖(200ml*10),54,0
2026-8-12,新零售,新零售,极致高品质全脂纯牛奶（250ml*16）,12,325.3296
2026-8-12,新零售,新零售,250S极致娟姗纯牛奶250mL*12,3,65.3943
2026-8-13,京东,京东POP,三元3.3g方白纯牛奶（250mL*24）,455,13982.1955
2026-8-13,京东,京东POP,250ml方巧(1*24),29,929.8125
2026-8-13,京东,京东POP,梦幻盖极致有机纯牛奶（250ml*12）,21,557.3589
2026-8-13,京东,京东POP,极致三代低脂纯牛奶（250ml*12）,17,369.6225
2026-8-13,京东,京东POP,梦幻盖极致A2纯牛奶250ml*12,3,94.8876
2026-8-13,京东,京东POP,三元3.3g全脂纯牛奶无菌砖（200ml*24）卡皮巴拉,152,4352.3376
2026-8-13,京东,京东POP,三元3.3g方白脱脂无菌砖(250ml*24),90,2458.404
2026-8-13,京东,京东POP,三元北京纯牛奶全脂（250mL*10）,12,221.9736
2026-8-13,京东,京东POP,三元纯牛奶足球礼盒（250ml*12）,12,254.52
2026-8-13,京东,京东POP,体验装 200M单盒,1380,1659.82375
2026-8-13,京东,京东POP,体验装 极全单盒,3,5.083275
2026-8-13,京东,京东POP,体验装 极小智单盒,3,5.54439
2026-8-13,京东,京东POP,体验装单盒方巧,4,5.34375
2026-8-13,京东,京东POP,250ml舒释奶（全脂)(1*12),27,536.9949
2026-8-13,京东,京东POP,极小智有机A2纯牛奶200mL*10,43,794.6959
2026-8-13,京东,京东POP,极致A2精巧装200ml*10,56,873.5272
2026-8-13,京东,京东POP,极致高品质全脂纯牛奶（250ml*16）,92,2494.1936
2026-8-13,京东,京东POP,简卡原味钻酸奶200g*10,2,44.0074
2026-8-13,京东,京东POP,250S极致娟姗纯牛奶250mL*12,13,283.3753
2026-8-13,京东,京东POP,钻石装极致有机纯牛奶（200ml*10）,123,2514.2799
2026-8-13,天猫,猫旗,三元3.3g方白纯牛奶（250mL*24）,1225,37644.3725
2026-8-13,天猫,猫旗,250ml方巧(1*24),136,4360.5
2026-8-13,天猫,猫旗,梦幻盖极致有机纯牛奶（250ml*12）,24,636.9816
2026-8-13,天猫,猫旗,极致三代低脂纯牛奶（250ml*12）,46,1000.155
2026-8-13,天猫,猫旗,梦幻盖极致A2纯牛奶250ml*12,6,189.7752
2026-8-13,天猫,猫旗,三元3.3g全脂纯牛奶无菌砖（200ml*24）卡皮巴拉,56,1603.4928
2026-8-13,天猫,猫旗,三元3.3g方白脱脂无菌砖(250ml*24),241,6583.0596
2026-8-13,天猫,猫旗,三元北京纯牛奶全脂（250mL*10）,4,73.9912
2026-8-13,天猫,猫旗,三元晚安牛奶（250ml*10）,9,233.8587
2026-8-13,天猫,猫旗,三元纯牛奶足球礼盒（250ml*12）,5,106.05
2026-8-13,天猫,猫旗,体验装 有机单盒,54,108.5661
2026-8-13,天猫,猫旗,体验装 极致A2精巧单盒,42,110.7022
2026-8-13,天猫,猫旗,体验装 极致娟姗拆单盒,24,43.59619999
2026-8-13,天猫,猫旗,体验装 特品脱脂拆单盒,186,184.9126751
2026-8-13,天猫,猫旗,体验装单盒方巧,110,146.953125
2026-8-13,天猫,猫旗,体验装单盒特品,576,699.9288002
2026-8-13,天猫,猫旗,250ml舒释奶（全脂)(1*12),7,139.2209
2026-8-13,天猫,猫旗,北京纯全脂拆单盒,12,22.19736
2026-8-13,天猫,猫旗,小方白卡皮巴拉脱脂纯牛奶（200mL*24）,47,1121.4059
2026-8-13,天猫,猫旗,极小智有机A2纯牛奶200mL*10,48,887.1024
2026-8-13,天猫,猫旗,极致A2精巧装200ml*10,71,1107.5077
2026-8-13,天猫,猫旗,极致高品质全脂纯牛奶（250ml*16）,157,4256.3956
2026-8-13,天猫,猫旗,简卡原味钻酸奶200g*10,13,286.0481
2026-8-13,天猫,猫旗,芭芭农场DM单,7,0
2026-8-13,天猫,猫旗,芭芭农场纸箱,7,0
2026-8-13,天猫,猫旗,250S极致娟姗纯牛奶250mL*12,52,1133.5012
2026-8-13,天猫,猫旗,250S极致有机纯牛奶250mL*12,16,386.0128
2026-8-13,天猫,猫旗,钻石装极致有机纯牛奶（200ml*10）,3,61.3239
2026-8-13,天猫,猫超,三元3.3g全脂纯牛奶无菌砖（200ml*24）卡皮巴拉,196,5612.2248
2026-8-13,天猫,猫超,三元3.3g方白纯牛奶（250mL*24）日常版,399,0
2026-8-13,天猫,猫超,三元3.3g方白脱脂无菌砖(250ml*24),489,13357.3284
2026-8-13,天猫,猫超,三元北京纯牛奶全脂（250mL*10）,500,9248.9
2026-8-13,天猫,猫超,三元巧克力全脂无菌砖（250ml*24）,76,0
2026-8-13,天猫,猫超,三元纯牛奶足球礼盒（250ml*12）,8,169.68
2026-8-13,天猫,猫超,冰岛式酸奶（200g*24）,88,3945.6208
2026-8-13,天猫,猫超,小方白卡皮巴拉低脂高钙牛奶（200mL*24）,90,2368.764
2026-8-13,天猫,猫超,小方白卡皮巴拉脱脂纯牛奶（200mL*24）,228,5440.0116
2026-8-13,天猫,猫超,极致三代低脂无菌砖(250ml*12),8,0
2026-8-13,天猫,猫超,极致娟姗全脂苗条砖(250ml*12),2,0
2026-8-13,天猫,猫超,极致有机全脂梦幻盖(250ml*12),14,0
2026-8-13,天猫,猫超,极致高品质全脂纯牛奶（250ml*16）,48,1301.3184
2026-8-13,天猫,猫超,钻石包极致有机纯牛奶（200ml*21）,816,29586.4464
2026-8-13,小程序及其他,小程序及其他,三元3.3g方白纯牛奶（250mL*24）,400,12292.04
2026-8-13,小程序及其他,小程序及其他,三元A2纯牛奶DS200ml*10,8,122.4056
2026-8-13,小程序及其他,小程序及其他,250ml方巧(1*24),47,1506.9375
2026-8-13,小程序及其他,小程序及其他,梦幻盖极致有机纯牛奶（250ml*12）,3,79.6227
2026-8-13,小程序及其他,小程序及其他,极致三代低脂纯牛奶（250ml*12）,140,3043.95
2026-8-13,小程序及其他,小程序及其他,常温版极致三代全脂纯牛奶,34,737.9326
2026-8-13,小程序及其他,小程序及其他,梦幻盖极致A2纯牛奶250ml*12,25,790.73
2026-8-13,小程序及其他,小程序及其他,三元3.3g方白脱脂无菌砖(250ml*24),15,409.734
2026-8-13,小程序及其他,小程序及其他,三元北京纯牛奶全脂（250mL*10）,12,221.9736
2026-8-13,小程序及其他,小程序及其他,250ml舒释奶（全脂)(1*12),3,59.6661
2026-8-13,小程序及其他,小程序及其他,小方白卡皮巴拉脱脂纯牛奶（200mL*24）,1,23.8597
2026-8-13,小程序及其他,小程序及其他,极小智有机A2纯牛奶200mL*10,5,92.4065
2026-8-13,小程序及其他,小程序及其他,极致A2精巧装200ml*10,56,873.5272
2026-8-13,小程序及其他,小程序及其他,极致高品质全脂纯牛奶（250ml*16）,32,867.5456
2026-8-13,小程序及其他,小程序及其他,简卡原味钻酸奶200g*10,28,616.1036
2026-8-13,小程序及其他,小程序及其他,钻石装极致有机纯牛奶（200ml*10）,14,286.1782
2026-8-13,抖音,抖音,三元3.3g方白纯牛奶（250mL*24）,3758,115483.7158
2026-8-13,抖音,抖音,250ml方巧(1*24),247,7919.4375
2026-8-13,抖音,抖音,梦幻盖极致有机纯牛奶（250ml*12）,11,291.9499
2026-8-13,抖音,抖音,极致三代低脂纯牛奶（250ml*12）,20,434.85
2026-8-13,抖音,抖音,常温版极致三代全脂纯牛奶,20,434.078
2026-8-13,抖音,抖音,三元3.3g全脂纯牛奶无菌砖（200ml*24）卡皮巴拉,46,1317.1548
2026-8-13,抖音,抖音,三元3.3g方白脱脂无菌砖(250ml*24),301,8221.9956
2026-8-13,抖音,抖音,三元纯牛奶足球礼盒（250ml*12）,370,7847.7
2026-8-13,抖音,抖音,体验装 200M单盒,212,254.9874166
2026-8-13,抖音,抖音,小方白卡皮巴拉脱脂纯牛奶（200mL*24）,2,47.7194
2026-8-13,抖音,抖音,极小智有机A2纯牛奶200mL*10,8,147.8504
2026-8-13,抖音,抖音,极致A2精巧装200ml*10,63,982.7181
2026-8-13,抖音,抖音,极致高品质全脂纯牛奶（250ml*16）,973,26378.8084
2026-8-13,抖音,抖音,简卡原味钻酸奶200g*10,6,132.0222
2026-8-13,抖音,抖音,250S极致娟姗纯牛奶250mL*12,189,4119.8409
2026-8-13,拼多多,拼多多,三元3.3g方白纯牛奶（250mL*24）,1405,43175.7905
2026-8-13,拼多多,拼多多,250ml方巧(1*24),34,1090.125
2026-8-13,拼多多,拼多多,梦幻盖极致有机纯牛奶（250ml*12）,8,212.3272
2026-8-13,拼多多,拼多多,极致三代低脂纯牛奶（250ml*12）,12,260.91
2026-8-13,拼多多,拼多多,三元3.3g方白脱脂无菌砖(250ml*24),1297,35428.3332
2026-8-13,拼多多,拼多多,三元晚安牛奶（250ml*10）,4,103.9372
2026-8-13,拼多多,拼多多,体验装单盒方巧,96,128.25
2026-8-13,拼多多,拼多多,250ml舒释奶（全脂)(1*12),23,457.4401
2026-8-13,拼多多,拼多多,小方白卡皮巴拉脱脂纯牛奶（200mL*24）,31,739.6507
2026-8-13,拼多多,拼多多,极小智有机A2纯牛奶200mL*10,6,110.8878
2026-8-13,拼多多,拼多多,极致A2精巧装200ml*10,5,77.9935
2026-8-13,拼多多,拼多多,极致高品质全脂纯牛奶（250ml*16）,55,1491.094
2026-8-13,拼多多,拼多多,简卡原味钻酸奶200g*10,7,154.0259
2026-8-13,拼多多,拼多多,250S极致娟姗纯牛奶250mL*12,5,108.9905
2026-8-13,拼多多,拼多多,钻石装极致有机纯牛奶（200ml*10）,8,163.5304
2026-8-13,新零售,新零售,三元3.3g方白纯牛奶（250mL*24）,21,645.3321
2026-8-13,新零售,新零售,梦幻盖极致有机纯牛奶（250ml*12）,8,212.3272
2026-8-13,新零售,新零售,极致三代低脂纯牛奶（250ml*12）,6,130.455
2026-8-13,新零售,新零售,三元3.2g小方枕全脂利乐枕-电商(227ml*16),2176,44159.744
2026-8-13,新零售,新零售,三元3.3g方白全脂无菌砖(200ml*24),3600,0
2026-8-13,新零售,新零售,三元3.3g方白纯牛奶（250mL*24）日常版,70,0
2026-8-13,新零售,新零售,三元3.3g方白脱脂无菌砖(250ml*24),9,245.8404
2026-8-13,新零售,新零售,三元北京纯牛奶全脂（250mL*10）,801,14816.7378
2026-8-13,新零售,新零售,极致A2β-酪蛋白全脂无菌砖(200ml*10),388,0
2026-8-13,新零售,新零售,极致有机全脂梦幻盖(250ml*12),12,0
2026-8-13,新零售,新零售,极致高品质全脂纯牛奶（250ml*16）,2,54.2216
2026-8-13,新零售,新零售,250S极致娟姗纯牛奶250mL*12,2,43.5962
2026-8-14,京东,京东POP,三元3.3g方白纯牛奶（250mL*24）,418,12845.1818
2026-8-14,京东,京东POP,250ml方巧(1*24),19,609.1875
2026-8-14,京东,京东POP,梦幻盖极致有机纯牛奶（250ml*12）,13,345.0317
2026-8-14,京东,京东POP,极致三代低脂纯牛奶（250ml*12）,19,413.1075
2026-8-14,京东,京东POP,常温版极致三代全脂纯牛奶,4,86.8156
2026-8-14,京东,京东POP,梦幻盖极致A2纯牛奶250ml*12,3,94.8876
2026-8-14,京东,京东POP,三元3.3g全脂纯牛奶无菌砖（200ml*24）卡皮巴拉,191,5469.0558
2026-8-14,京东,京东POP,三元3.3g方白脱脂无菌砖(250ml*24),78,2130.6168
2026-8-14,京东,京东POP,三元北京纯牛奶全脂（250mL*10）,11,203.4758
2026-8-14,京东,京东POP,三元纯牛奶足球礼盒（250ml*12）,9,190.89
2026-8-14,京东,京东POP,体验装 200M单盒,3666,4409.357874
2026-8-14,京东,京东POP,250ml舒释奶（全脂)(1*12),25,497.2175
2026-8-14,京东,京东POP,极小智有机A2纯牛奶200mL*10,43,794.6959
2026-8-14,京东,京东POP,极致A2精巧装200ml*10,55,857.9285
2026-8-14,京东,京东POP,极致高品质全脂纯牛奶（250ml*16）,143,3876.8444
2026-8-14,京东,京东POP,250S极致娟姗纯牛奶250mL*12,10,217.981
2026-8-14,京东,京东POP,钻石装极致有机纯牛奶（200ml*10）,89,1819.2757
2026-8-14,天猫,猫旗,三元3.3g方白纯牛奶（250mL*24）,1073,32973.3973
2026-8-14,天猫,猫旗,250ml方巧(1*24),142,4552.875
2026-8-14,天猫,猫旗,梦幻盖极致有机纯牛奶（250ml*12）,33,875.8497
2026-8-14,天猫,猫旗,极致三代低脂纯牛奶（250ml*12）,40,869.7
2026-8-14,天猫,猫旗,常温版极致三代全脂纯牛奶,5,108.5195
2026-8-14,天猫,猫旗,梦幻盖极致A2纯牛奶250ml*12,2,63.2584
2026-8-14,天猫,猫旗,三元3.3g全脂纯牛奶无菌砖（200ml*24）卡皮巴拉,68,1947.0984
2026-8-14,天猫,猫旗,三元3.3g方白脱脂无菌砖(250ml*24),229,6255.2724
2026-8-14,天猫,猫旗,三元北京纯牛奶全脂（250mL*10）,4,73.9912
2026-8-14,天猫,猫旗,三元晚安牛奶（250ml*10）,11,285.8273
2026-8-14,天猫,猫旗,三元纯牛奶足球礼盒（250ml*12）,6,127.26
2026-8-14,天猫,猫旗,体验装 有机单盒,48,96.50319998
2026-8-14,天猫,猫旗,体验装 极全单盒,12,20.3331
2026-8-14,天猫,猫旗,体验装 极致A2精巧单盒,312,822.3592001
2026-8-14,天猫,猫旗,体验装 极致娟姗拆单盒,30,54.49524999
2026-8-14,天猫,猫旗,体验装 特品脱脂拆单盒,90,89.47387503
2026-8-14,天猫,猫旗,体验装单盒方巧,78,104.203125
2026-8-14,天猫,猫旗,体验装单盒特品,294,357.2553251
2026-8-14,天猫,猫旗,250ml舒释奶（全脂)(1*12),13,258.5531
2026-8-14,天猫,猫旗,北京纯全脂拆单盒,12,22.19736
2026-8-14,天猫,猫旗,小方白卡皮巴拉脱脂纯牛奶（200mL*24）,57,1360.0029
2026-8-14,天猫,猫旗,极小智有机A2纯牛奶200mL*10,14,258.7382
2026-8-14,天猫,猫旗,极致A2精巧装200ml*10,60,935.922
2026-8-14,天猫,猫旗,极致高品质全脂纯牛奶（250ml*16）,155,4202.174
2026-8-14,天猫,猫旗,简卡原味钻酸奶200g*10,13,286.0481
2026-8-14,天猫,猫旗,芭芭农场DM单,51,0
2026-8-14,天猫,猫旗,芭芭农场纸箱,51,0
2026-8-14,天猫,猫旗,250S极致娟姗纯牛奶250mL*12,51,1111.7031
2026-8-14,天猫,猫旗,250S极致有机纯牛奶250mL*12,5,120.629
2026-8-14,天猫,猫旗,钻石装极致有机纯牛奶（200ml*10）,10,204.413
2026-8-14,小程序及其他,小程序及其他,三元3.3g方白纯牛奶（250mL*24）,383,11769.6283
2026-8-14,小程序及其他,小程序及其他,三元A2纯牛奶DS200ml*10,14,214.2098
2026-8-14,小程序及其他,小程序及其他,250ml方巧(1*24),92,2949.75
2026-8-14,小程序及其他,小程序及其他,梦幻盖极致有机纯牛奶（250ml*12）,12,318.4908
2026-8-14,小程序及其他,小程序及其他,极致三代低脂纯牛奶（250ml*12）,157,3413.5725
2026-8-14,小程序及其他,小程序及其他,常温版极致三代全脂纯牛奶,34,737.9326
2026-8-14,小程序及其他,小程序及其他,梦幻盖极致A2纯牛奶250ml*12,38,1201.9096
2026-8-14,小程序及其他,小程序及其他,三元3.3g全脂纯牛奶无菌砖（200ml*24）卡皮巴拉,3,85.9014
2026-8-14,小程序及其他,小程序及其他,三元3.3g方白脱脂无菌砖(250ml*24),61,1666.2516
2026-8-14,小程序及其他,小程序及其他,三元北京纯牛奶全脂（250mL*10）,81,1498.3218
2026-8-14,小程序及其他,小程序及其他,三元晚安牛奶（250ml*10）,4,103.9372
2026-8-14,小程序及其他,小程序及其他,250ml舒释奶（全脂)(1*12),4,79.5548
2026-8-14,小程序及其他,小程序及其他,小方白卡皮巴拉脱脂纯牛奶（200mL*24）,1,23.8597
2026-8-14,小程序及其他,小程序及其他,极小智有机A2纯牛奶200mL*10,1,18.4813
2026-8-14,小程序及其他,小程序及其他,极致A2精巧装200ml*10,199,3104.1413
2026-8-14,小程序及其他,小程序及其他,极致高品质全脂纯牛奶（250ml*16）,30,813.324
2026-8-14,小程序及其他,小程序及其他,简卡原味钻酸奶200g*10,45,990.1665
2026-8-14,小程序及其他,小程序及其他,250S极致有机纯牛奶250mL*12,5,120.629
2026-8-14,小程序及其他,小程序及其他,钻石装极致有机纯牛奶（200ml*10）,23,470.1499
2026-8-14,抖音,抖音,三元3.3g方白纯牛奶（250mL*24）,1841,56574.1141
2026-8-14,抖音,抖音,250ml方巧(1*24),202,6476.625
2026-8-14,抖音,抖音,极致三代低脂纯牛奶（250ml*12）,41,891.4425
2026-8-14,抖音,抖音,常温版极致三代全脂纯牛奶,8,173.6312
2026-8-14,抖音,抖音,三元3.3g全脂纯牛奶无菌砖（200ml*24）卡皮巴拉,41,1173.9858
2026-8-14,抖音,抖音,三元3.3g方白脱脂无菌砖(250ml*24),109,2977.4004
2026-8-14,抖音,抖音,三元纯牛奶足球礼盒（250ml*12）,89,1887.69
2026-8-14,抖音,抖音,体验装 200M单盒,84,101.03275
2026-8-14,抖音,抖音,听装三元畅倍益益生菌奶粉700g*6,1,0
2026-8-14,抖音,抖音,小方白卡皮巴拉脱脂纯牛奶（200mL*24）,17,405.6149
2026-8-14,抖音,抖音,极小智有机A2纯牛奶200mL*10,6,110.8878
2026-8-14,抖音,抖音,极致A2精巧装200ml*10,43,670.7441
2026-8-14,抖音,抖音,极致高品质全脂纯牛奶（250ml*16）,373,10112.3284
2026-8-14,抖音,抖音,简卡原味钻酸奶200g*10,2,44.0074
2026-8-14,抖音,抖音,250S极致娟姗纯牛奶250mL*12,42,915.5202
2026-8-14,拼多多,多多买菜,三元3.2g小方枕全脂利乐枕-电商(227ml*16),2000,40588
2026-8-14,拼多多,拼多多,三元3.3g方白纯牛奶（250mL*24）,1438,44189.8838
2026-8-14,拼多多,拼多多,250ml方巧(1*24),30,961.875
2026-8-14,拼多多,拼多多,梦幻盖极致有机纯牛奶（250ml*12）,11,291.9499
2026-8-14,拼多多,拼多多,极致三代低脂纯牛奶（250ml*12）,10,217.425
2026-8-14,拼多多,拼多多,常温版极致三代全脂纯牛奶,2,43.4078
2026-8-14,拼多多,拼多多,三元3.3g方白脱脂无菌砖(250ml*24),299,8167.3644
2026-8-14,拼多多,拼多多,三元北京纯牛奶全脂（250mL*10）,7,129.4846
2026-8-14,拼多多,拼多多,三元纯牛奶足球礼盒（250ml*12）,1,21.21
2026-8-14,拼多多,拼多多,体验装单盒方巧,96,128.25
2026-8-14,拼多多,拼多多,250ml舒释奶（全脂)(1*12),15,298.3305
2026-8-14,拼多多,拼多多,小方白卡皮巴拉脱脂纯牛奶（200mL*24）,66,1574.7402
2026-8-14,拼多多,拼多多,极小智有机A2纯牛奶200mL*10,12,221.7756
2026-8-14,拼多多,拼多多,极致A2精巧装200ml*10,17,265.1779
2026-8-14,拼多多,拼多多,极致高品质全脂纯牛奶（250ml*16）,53,1436.8724
2026-8-14,拼多多,拼多多,250S极致娟姗纯牛奶250mL*12,7,152.5867
2026-8-14,拼多多,拼多多,钻石装极致有机纯牛奶（200ml*10）,14,286.1782
2026-8-14,新零售,新零售,三元3.3g方白纯牛奶（250mL*24）,13,399.4913
2026-8-14,新零售,新零售,梦幻盖极致有机纯牛奶（250ml*12）,4,106.1636
2026-8-14,新零售,新零售,极致三代低脂纯牛奶（250ml*12）,1,21.7425
2026-8-14,新零售,新零售,三元3.2g小方枕全脂利乐枕-电商(227ml*16),923,18731.362
2026-8-14,新零售,新零售,三元3.3g方白纯牛奶（250mL*24）日常版,2676,0
2026-8-14,新零售,新零售,三元3.3g方白脱脂无菌砖(250ml*24),5,136.578
2026-8-14,新零售,新零售,极小智有机A2纯牛奶200mL*10,3,55.4439
2026-8-14,新零售,新零售,极致高品质全脂纯牛奶（250ml*16）,8,216.8864
2026-8-14,新零售,新零售,250S极致娟姗纯牛奶250mL*12,3,65.3943
2026-8-15,京东,京东POP,三元3.3g方白纯牛奶（250mL*24）,390,11984.739
2026-8-15,京东,京东POP,250ml方巧(1*24),38,1218.375
2026-8-15,京东,京东POP,梦幻盖极致有机纯牛奶（250ml*12）,2,53.0818
2026-8-15,京东,京东POP,极致三代低脂纯牛奶（250ml*12）,26,565.305
2026-8-15,京东,京东POP,常温版极致三代全脂纯牛奶,5,108.5195
2026-8-15,京东,京东POP,梦幻盖极致A2纯牛奶250ml*12,5,158.146
2026-8-15,京东,京东POP,三元3.3g全脂纯牛奶无菌砖（200ml*24）卡皮巴拉,230,6585.774
2026-8-15,京东,京东POP,三元3.3g方白脱脂无菌砖(250ml*24),73,1994.0388
2026-8-15,京东,京东POP,三元北京纯牛奶全脂（250mL*10）,10,184.978
2026-8-15,京东,京东POP,三元纯牛奶足球礼盒（250ml*12）,6,127.26
2026-8-15,京东,京东POP,体验装 200M单盒,5556,6682.594748
2026-8-15,京东,京东POP,体验装单盒方巧,4,5.34375
2026-8-15,京东,京东POP,250ml舒释奶（全脂)(1*12),29,576.7723
2026-8-15,京东,京东POP,极小智有机A2纯牛奶200mL*10,39,720.7707
2026-8-15,京东,京东POP,极致A2精巧装200ml*10,58,904.7246
2026-8-15,京东,京东POP,极致高品质全脂纯牛奶（250ml*16）,74,2006.1992
2026-8-15,京东,京东POP,简卡原味钻酸奶200g*10,1,22.0037
2026-8-15,京东,京东POP,250S极致娟姗纯牛奶250mL*12,6,130.7886
2026-8-15,京东,京东POP,250S极致有机纯牛奶250mL*12,5,120.629
2026-8-15,京东,京东POP,钻石装极致有机纯牛奶（200ml*10）,134,2739.1342
2026-8-15,京东,京东自营,三元3.2g小方枕全脂利乐枕-电商(227ml*16),4400,89293.6
2026-8-15,天猫,猫旗,三元3.3g方白纯牛奶（250mL*24）,1027,31559.8127
2026-8-15,天猫,猫旗,250ml方巧(1*24),128,4104
2026-8-15,天猫,猫旗,梦幻盖极致有机纯牛奶（250ml*12）,27,716.6043
2026-8-15,天猫,猫旗,极致三代低脂纯牛奶（250ml*12）,22,478.335
2026-8-15,天猫,猫旗,常温版极致三代全脂纯牛奶,5,108.5195
2026-8-15,天猫,猫旗,梦幻盖极致A2纯牛奶250ml*12,1,31.6292
2026-8-15,天猫,猫旗,三元3.3g全脂纯牛奶无菌砖（200ml*24）卡皮巴拉,91,2605.6758
2026-8-15,天猫,猫旗,三元3.3g方白脱脂无菌砖(250ml*24),209,5708.9604
2026-8-15,天猫,猫旗,三元北京纯牛奶全脂（250mL*10）,10,184.978
2026-8-15,天猫,猫旗,三元晚安牛奶（250ml*10）,9,233.8587
2026-8-15,天猫,猫旗,三元纯牛奶足球礼盒（250ml*12）,8,169.68
2026-8-15,天猫,猫旗,体验装 有机单盒,18,36.18869999
2026-8-15,天猫,猫旗,体验装 极全单盒,6,10.16655
2026-8-15,天猫,猫旗,体验装 极致A2精巧单盒,570,1502.387
2026-8-15,天猫,猫旗,体验装 极致娟姗拆单盒,18,32.69714999
2026-8-15,天猫,猫旗,体验装 特品脱脂拆单盒,108,107.36865
2026-8-15,天猫,猫旗,体验装单盒方巧,114,152.296875
2026-8-15,天猫,猫旗,体验装单盒特品,360,437.4555001
2026-8-15,天猫,猫旗,250ml舒释奶（全脂)(1*12),5,99.4435
2026-8-15,天猫,猫旗,北京纯全脂拆单盒,18,33.29604
2026-8-15,天猫,猫旗,小方白卡皮巴拉脱脂纯牛奶（200mL*24）,78,1861.0566
2026-8-15,天猫,猫旗,极小智有机A2纯牛奶200mL*10,17,314.1821
2026-8-15,天猫,猫旗,极致A2精巧装200ml*10,46,717.5402
2026-8-15,天猫,猫旗,极致高品质全脂纯牛奶（250ml*16）,153,4147.9524
2026-8-15,天猫,猫旗,简卡原味钻酸奶200g*10,5,110.0185
2026-8-15,天猫,猫旗,芭芭农场DM单,94,0
2026-8-15,天猫,猫旗,芭芭农场纸箱,94,0
2026-8-15,天猫,猫旗,250S极致娟姗纯牛奶250mL*12,46,1002.7126
2026-8-15,天猫,猫旗,250S极致有机纯牛奶250mL*12,14,337.7612
2026-8-15,天猫,猫旗,钻石装极致有机纯牛奶（200ml*10）,4,81.7652
2026-8-15,小程序及其他,小程序及其他,三元3.3g方白纯牛奶（250mL*24）,385,11831.0885
2026-8-15,小程序及其他,小程序及其他,250ml方巧(1*24),42,1346.625
2026-8-15,小程序及其他,小程序及其他,梦幻盖极致有机纯牛奶（250ml*12）,8,212.3272
2026-8-15,小程序及其他,小程序及其他,极致三代低脂纯牛奶（250ml*12）,155,3370.0875
2026-8-15,小程序及其他,小程序及其他,常温版极致三代全脂纯牛奶,28,607.7092
2026-8-15,小程序及其他,小程序及其他,梦幻盖极致A2纯牛奶250ml*12,25,790.73
2026-8-15,小程序及其他,小程序及其他,三元3.3g全脂纯牛奶无菌砖（200ml*24）卡皮巴拉,3,85.9014
2026-8-15,小程序及其他,小程序及其他,三元3.3g方白脱脂无菌砖(250ml*24),16,437.0496
2026-8-15,小程序及其他,小程序及其他,三元北京纯牛奶全脂（250mL*10）,24,443.9472
2026-8-15,小程序及其他,小程序及其他,三元晚安牛奶（250ml*10）,6,155.9058
2026-8-15,小程序及其他,小程序及其他,250ml舒释奶（全脂)(1*12),3,59.6661
2026-8-15,小程序及其他,小程序及其他,极小智有机A2纯牛奶200mL*10,6,110.8878
2026-8-15,小程序及其他,小程序及其他,极致A2精巧装200ml*10,79,1232.2973
2026-8-15,小程序及其他,小程序及其他,极致高品质全脂纯牛奶（250ml*16）,18,487.9944
2026-8-15,小程序及其他,小程序及其他,简卡原味钻酸奶200g*10,22,484.0814
2026-8-15,小程序及其他,小程序及其他,250S极致娟姗纯牛奶250mL*12,1,21.7981
2026-8-15,小程序及其他,小程序及其他,250S极致有机纯牛奶250mL*12,2,48.2516
2026-8-15,小程序及其他,小程序及其他,钻石装极致有机纯牛奶（200ml*10）,37,756.3281
2026-8-15,抖音,抖音,三元3.3g方白纯牛奶（250mL*24）,731,22463.7031
2026-8-15,抖音,抖音,250ml方巧(1*24),22,705.375
2026-8-15,抖音,抖音,梦幻盖极致有机纯牛奶（250ml*12）,4,106.1636
2026-8-15,抖音,抖音,极致三代低脂纯牛奶（250ml*12）,28,608.79
2026-8-15,抖音,抖音,常温版极致三代全脂纯牛奶,11,238.7429
2026-8-15,抖音,抖音,三元3.3g全脂纯牛奶无菌砖（200ml*24）卡皮巴拉,33,944.9154
2026-8-15,抖音,抖音,三元3.3g方白脱脂无菌砖(250ml*24),55,1502.358
2026-8-15,抖音,抖音,三元北京纯牛奶全脂（250mL*10）,2,36.9956
2026-8-15,抖音,抖音,三元纯牛奶足球礼盒（250ml*12）,27,572.67
2026-8-15,抖音,抖音,体验装 200M单盒,2,2.405541666
2026-8-15,抖音,抖音,小方白卡皮巴拉脱脂纯牛奶（200mL*24）,8,190.8776
2026-8-15,抖音,抖音,极小智有机A2纯牛奶200mL*10,8,147.8504
2026-8-15,抖音,抖音,极致A2精巧装200ml*10,31,483.5597
2026-8-15,抖音,抖音,极致高品质全脂纯牛奶（250ml*16）,51,1382.6508
2026-8-15,抖音,抖音,简卡原味钻酸奶200g*10,4,88.0148
2026-8-15,抖音,抖音,250S极致娟姗纯牛奶250mL*12,31,675.7411
2026-8-15,拼多多,拼多多,三元3.3g方白纯牛奶（250mL*24）,1617,49690.5717
2026-8-15,拼多多,拼多多,250ml方巧(1*24),21,673.3125
2026-8-15,拼多多,拼多多,梦幻盖极致有机纯牛奶（250ml*12）,3,79.6227
2026-8-15,拼多多,拼多多,极致三代低脂纯牛奶（250ml*12）,14,304.395
2026-8-15,拼多多,拼多多,常温版极致三代全脂纯牛奶,4,86.8156
2026-8-15,拼多多,拼多多,梦幻盖极致A2纯牛奶250ml*12,1,31.6292
2026-8-15,拼多多,拼多多,三元3.3g方白脱脂无菌砖(250ml*24),159,4343.1804
2026-8-15,拼多多,拼多多,三元北京纯牛奶全脂（250mL*10）,3,55.4934
2026-8-15,拼多多,拼多多,三元纯牛奶足球礼盒（250ml*12）,2,42.42
2026-8-15,拼多多,拼多多,体验装单盒方巧,56,74.8125
2026-8-15,拼多多,拼多多,250ml舒释奶（全脂)(1*12),19,377.8853
2026-8-15,拼多多,拼多多,小方白卡皮巴拉脱脂纯牛奶（200mL*24）,40,954.388
2026-8-15,拼多多,拼多多,极小智有机A2纯牛奶200mL*10,10,184.813
2026-8-15,拼多多,拼多多,极致A2精巧装200ml*10,6,93.5922
2026-8-15,拼多多,拼多多,极致高品质全脂纯牛奶（250ml*16）,70,1897.756
2026-8-15,拼多多,拼多多,简卡原味钻酸奶200g*10,1,22.0037
2026-8-15,拼多多,拼多多,250S极致娟姗纯牛奶250mL*12,7,152.5867
2026-8-15,拼多多,拼多多,钻石装极致有机纯牛奶（200ml*10）,6,122.6478
2026-8-15,新零售,新零售,三元3.3g方白纯牛奶（250mL*24）,10,307.301
2026-8-15,新零售,新零售,三元3.2g小方枕全脂利乐枕-电商(227ml*16),2077,42150.638
2026-8-15,新零售,新零售,三元3.3g方白脱脂无菌砖(250ml*24),8,218.5248
2026-8-15,新零售,新零售,极小智有机A2纯牛奶200mL*10,2,36.9626
2026-8-15,新零售,新零售,极致有机全脂梦幻盖(250ml*12),508,0
2026-8-15,新零售,新零售,极致高品质全脂纯牛奶（250ml*16）,4,108.4432
2026-8-15,新零售,新零售,250S极致娟姗纯牛奶250mL*12,1,21.7981
2026-8-16,京东,京东POP,三元3.3g方白纯牛奶（250mL*24）,446,13705.6246
2026-8-16,京东,京东POP,250ml方巧(1*24),59,1891.6875
2026-8-16,京东,京东POP,梦幻盖极致有机纯牛奶（250ml*12）,14,371.5726
2026-8-16,京东,京东POP,极致三代低脂纯牛奶（250ml*12）,12,260.91
2026-8-16,京东,京东POP,梦幻盖极致A2纯牛奶250ml*12,1,31.6292
2026-8-16,京东,京东POP,三元3.3g全脂纯牛奶无菌砖（200ml*24）卡皮巴拉,217,6213.5346
2026-8-16,京东,京东POP,三元3.3g方白脱脂无菌砖(250ml*24),70,1912.092
2026-8-16,京东,京东POP,三元北京纯牛奶全脂（250mL*10）,8,147.9824
2026-8-16,京东,京东POP,三元纯牛奶足球礼盒（250ml*12）,9,190.89
2026-8-16,京东,京东POP,体验装 200M单盒,6606,7945.504123
2026-8-16,京东,京东POP,250ml舒释奶（全脂)(1*12),19,377.8853
2026-8-16,京东,京东POP,极小智有机A2纯牛奶200mL*10,38,702.2894
2026-8-16,京东,京东POP,极致A2精巧装200ml*10,62,967.1194
2026-8-16,京东,京东POP,极致高品质全脂纯牛奶（250ml*16）,93,2521.3044
2026-8-16,京东,京东POP,简卡原味钻酸奶200g*10,5,110.0185
2026-8-16,京东,京东POP,250S极致娟姗纯牛奶250mL*12,9,196.1829
2026-8-16,京东,京东POP,钻石装极致有机纯牛奶（200ml*10）,121,2473.3973
2026-8-16,京东,京东自营,三元3.3g全脂纯牛奶无菌砖（200ml*24）卡皮巴拉,756,21647.1528
2026-8-16,京东,京东自营,三元3.3g方白纯牛奶（250mL*24）日常版,1756,0
2026-8-16,京东,京东自营,三元3.3g方白脱脂无菌砖(250ml*24),4044,110464.2864
2026-8-16,京东,京东自营,三元北京纯牛奶全脂（250mL*10）,700,12948.46
2026-8-16,京东,京东自营,三元巧克力全脂无菌砖（250ml*24）,5244,0
2026-8-16,京东,京东自营,三元简卡全脂砖石包(200g*10),624,0
2026-8-16,京东,京东自营,三元高钙全脂无菌砖(250ml*20),3604,0
2026-8-16,京东,京东自营,冰岛式酸奶（200g*24）,5768,258617.5088
2026-8-16,京东,京东自营,小方白卡皮巴拉低脂高钙牛奶（200mL*24）,2732,71905.1472
2026-8-16,京东,京东自营,小方白卡皮巴拉脱脂纯牛奶（200mL*24）,2724,64993.8228
2026-8-16,京东,京东自营,极致4.0高蛋白纯牛奶250mL*24,1200,62478.36
2026-8-16,京东,京东自营,极致A2β-酪蛋白全脂梦幻盖(250ml*12),312,0
2026-8-16,京东,京东自营,极致A2精巧装16入,3216,76765.92
2026-8-16,京东,京东自营,极致三代低脂无菌砖(250ml*12),444,0
2026-8-16,京东,京东自营,极致三代全脂无菌砖（250ml*12）,516,0
2026-8-16,京东,京东自营,极致有机低脂纯牛奶（200ml*21）,2024,78247.2328
2026-8-16,京东,京东自营,极致有机全脂梦幻盖(250ml*12),8132,0
2026-8-16,京东,京东自营,极致有机全脂苗条砖(250ml*12),432,0
2026-8-16,京东,京东自营,极致极小智有机A2全脂苗条砖(200ml*10),498,0
2026-8-16,京东,京东自营,极致高品质全脂纯牛奶（250ml*16）,3104,84151.9232
2026-8-16,京东,京东自营,梦幻盖极致娟姗纯牛奶（250ml*10）,676,18058.7316
2026-8-16,京东,京东自营,钻石包极致有机纯牛奶（200ml*21）,1384,50180.9336
2026-8-16,天猫,猫旗,三元3.3g方白纯牛奶（250mL*24）,1141,35063.0441
2026-8-16,天猫,猫旗,250ml方巧(1*24),123,3943.6875
2026-8-16,天猫,猫旗,梦幻盖极致有机纯牛奶（250ml*12）,48,1273.9632
2026-8-16,天猫,猫旗,极致三代低脂纯牛奶（250ml*12）,34,739.245
2026-8-16,天猫,猫旗,常温版极致三代全脂纯牛奶,4,86.8156
2026-8-16,天猫,猫旗,梦幻盖极致A2纯牛奶250ml*12,6,189.7752
2026-8-16,天猫,猫旗,三元3.3g全脂纯牛奶无菌砖（200ml*24）卡皮巴拉,77,2204.8026
2026-8-16,天猫,猫旗,三元3.3g方白脱脂无菌砖(250ml*24),209,5708.9604
2026-8-16,天猫,猫旗,三元北京纯牛奶全脂（250mL*10）,16,295.9648
2026-8-16,天猫,猫旗,三元纯牛奶足球礼盒（250ml*12）,2,42.42
2026-8-16,天猫,猫旗,体验装 有机单盒,18,36.18869999
2026-8-16,天猫,猫旗,体验装 极全单盒,6,10.16655
2026-8-16,天猫,猫旗,体验装 极致A2精巧单盒,168,442.8088001
2026-8-16,天猫,猫旗,体验装 极致娟姗拆单盒,30,54.49524999
2026-8-16,天猫,猫旗,体验装 特品脱脂拆单盒,144,143.1582
2026-8-16,天猫,猫旗,体验装单盒方巧,66,88.171875
2026-8-16,天猫,猫旗,体验装单盒特品,264,320.8007001
2026-8-16,天猫,猫旗,250ml舒释奶（全脂)(1*12),8,159.1096
2026-8-16,天猫,猫旗,北京纯全脂拆单盒,48,88.78944
2026-8-16,天猫,猫旗,小方白卡皮巴拉脱脂纯牛奶（200mL*24）,56,1336.1432
2026-8-16,天猫,猫旗,极小智有机A2纯牛奶200mL*10,30,554.439
2026-8-16,天猫,猫旗,极致A2精巧装200ml*10,41,639.5467
2026-8-16,天猫,猫旗,极致高品质全脂纯牛奶（250ml*16）,164,4446.1712
2026-8-16,天猫,猫旗,简卡原味钻酸奶200g*10,7,154.0259
2026-8-16,天猫,猫旗,芭芭农场DM单,25,0
2026-8-16,天猫,猫旗,芭芭农场纸箱,25,0
2026-8-16,天猫,猫旗,250S极致娟姗纯牛奶250mL*12,47,1024.5107
2026-8-16,天猫,猫旗,250S极致有机纯牛奶250mL*12,17,410.1386
2026-8-16,天猫,猫旗,钻石装极致有机纯牛奶（200ml*10）,4,81.7652
2026-8-16,小程序及其他,小程序及其他,三元3.3g方白纯牛奶（250mL*24）,380,11677.438
2026-8-16,小程序及其他,小程序及其他,250ml方巧(1*24),57,1827.5625
2026-8-16,小程序及其他,小程序及其他,梦幻盖极致有机纯牛奶（250ml*12）,5,132.7045
2026-8-16,小程序及其他,小程序及其他,极致三代低脂纯牛奶（250ml*12）,119,2587.3575
2026-8-16,小程序及其他,小程序及其他,常温版极致三代全脂纯牛奶,27,586.0053
2026-8-16,小程序及其他,小程序及其他,梦幻盖极致A2纯牛奶250ml*12,23,727.4716
2026-8-16,小程序及其他,小程序及其他,三元3.3g方白脱脂无菌砖(250ml*24),13,355.1028
2026-8-16,小程序及其他,小程序及其他,三元北京纯牛奶全脂（250mL*10）,11,203.4758
2026-8-16,小程序及其他,小程序及其他,250ml舒释奶（全脂)(1*12),8,159.1096
2026-8-16,小程序及其他,小程序及其他,小方白卡皮巴拉脱脂纯牛奶（200mL*24）,6,143.1582
2026-8-16,小程序及其他,小程序及其他,极小智有机A2纯牛奶200mL*10,6,110.8878
2026-8-16,小程序及其他,小程序及其他,极致A2精巧装200ml*10,126,1965.4362
2026-8-16,小程序及其他,小程序及其他,极致高品质全脂纯牛奶（250ml*16）,18,487.9944
2026-8-16,小程序及其他,小程序及其他,简卡原味钻酸奶200g*10,44,968.1628
2026-8-16,小程序及其他,小程序及其他,250S极致娟姗纯牛奶250mL*12,1,21.7981
2026-8-16,小程序及其他,小程序及其他,250S极致有机纯牛奶250mL*12,2,48.2516
2026-8-16,小程序及其他,小程序及其他,钻石装极致有机纯牛奶（200ml*10）,17,347.5021
2026-8-16,抖音,抖音,三元3.3g方白纯牛奶（250mL*24）,923,28363.8823
2026-8-16,抖音,抖音,250ml方巧(1*24),51,1635.1875
2026-8-16,抖音,抖音,梦幻盖极致有机纯牛奶（250ml*12）,5,132.7045
2026-8-16,抖音,抖音,极致三代低脂纯牛奶（250ml*12）,22,478.335
2026-8-16,抖音,抖音,常温版极致三代全脂纯牛奶,10,217.039
2026-8-16,抖音,抖音,三元3.3g全脂纯牛奶无菌砖（200ml*24）卡皮巴拉,19,544.0422
2026-8-16,抖音,抖音,三元3.3g方白脱脂无菌砖(250ml*24),55,1502.358
2026-8-16,抖音,抖音,三元北京纯牛奶全脂（250mL*10）,4,73.9912
2026-8-16,抖音,抖音,三元纯牛奶足球礼盒（250ml*12）,19,402.99
2026-8-16,抖音,抖音,听装三元畅倍益益生菌奶粉700g*6,1,0
2026-8-16,抖音,抖音,极致A2精巧装200ml*10,57,889.1259
2026-8-16,抖音,抖音,极致高品质全脂纯牛奶（250ml*16）,66,1789.3128
2026-8-16,抖音,抖音,简卡原味钻酸奶200g*10,7,154.0259
2026-8-16,抖音,抖音,250S极致娟姗纯牛奶250mL*12,33,719.3373
2026-8-16,拼多多,拼多多,三元3.3g方白纯牛奶（250mL*24）,1631,50120.7931
2026-8-16,拼多多,拼多多,250ml方巧(1*24),24,769.5
2026-8-16,拼多多,拼多多,梦幻盖极致有机纯牛奶（250ml*12）,5,132.7045
2026-8-16,拼多多,拼多多,极致三代低脂纯牛奶（250ml*12）,5,108.7125
2026-8-16,拼多多,拼多多,常温版极致三代全脂纯牛奶,6,130.2234
2026-8-16,拼多多,拼多多,三元3.3g方白脱脂无菌砖(250ml*24),160,4370.496
2026-8-16,拼多多,拼多多,三元北京纯牛奶全脂（250mL*10）,1,18.4978
2026-8-16,拼多多,拼多多,三元纯牛奶足球礼盒（250ml*12）,3,63.63
2026-8-16,拼多多,拼多多,体验装单盒方巧,120,160.3125
2026-8-16,拼多多,拼多多,250ml舒释奶（全脂)(1*12),34,676.2158
2026-8-16,拼多多,拼多多,小方白卡皮巴拉脱脂纯牛奶（200mL*24）,44,1049.8268
2026-8-16,拼多多,拼多多,极小智有机A2纯牛奶200mL*10,3,55.4439
2026-8-16,拼多多,拼多多,极致A2精巧装200ml*10,4,62.3948
2026-8-16,拼多多,拼多多,极致高品质全脂纯牛奶（250ml*16）,88,2385.7504
2026-8-16,拼多多,拼多多,250S极致娟姗纯牛奶250mL*12,4,87.1924
2026-8-16,拼多多,拼多多,钻石装极致有机纯牛奶（200ml*10）,16,327.0608
2026-8-16,新零售,新零售,三元3.3g方白纯牛奶（250mL*24）,14,430.2214
2026-8-16,新零售,新零售,梦幻盖极致有机纯牛奶（250ml*12）,3,79.6227
2026-8-16,新零售,新零售,极致三代低脂纯牛奶（250ml*12）,2,43.485
2026-8-16,新零售,新零售,三元3.3g全脂纯牛奶无菌砖（200ml*24）卡皮巴拉,2604,74562.4152
2026-8-16,新零售,新零售,三元3.3g方白纯牛奶（250mL*24）日常版,191,0
2026-8-16,新零售,新零售,三元3.3g方白脱脂无菌砖(250ml*24),3,81.9468
2026-8-16,新零售,新零售,三元巧克力全脂无菌砖（250ml*24）,523,0
2026-8-16,新零售,新零售,三元简卡全脂砖石包(200g*10),276,0
2026-8-16,新零售,新零售,极小智有机A2纯牛奶200mL*10,1,18.4813
2026-8-16,新零售,新零售,极致三代低脂无菌砖(250ml*12),496,0
2026-8-16,新零售,新零售,极致三代全脂无菌砖（250ml*12）,460,0
2026-8-16,新零售,新零售,极致娟姗全脂苗条砖(250ml*12),164,0
2026-8-16,新零售,新零售,极致有机全脂苗条砖(200ml*10),2706,0
2026-8-16,新零售,新零售,极致高品质全脂纯牛奶（250ml*16）,116,3144.8528
2026-8-17,京东,京东POP,三元3.3g方白纯牛奶（250mL*24）,365,11216.4865
2026-8-17,京东,京东POP,250ml方巧(1*24),62,1987.875
2026-8-17,京东,京东POP,梦幻盖极致有机纯牛奶（250ml*12）,13,345.0317
2026-8-17,京东,京东POP,极致三代低脂纯牛奶（250ml*12）,17,369.6225
2026-8-17,京东,京东POP,常温版极致三代全脂纯牛奶,3,65.1117
2026-8-17,京东,京东POP,梦幻盖极致A2纯牛奶250ml*12,4,126.5168
2026-8-17,京东,京东POP,三元3.3g全脂纯牛奶无菌砖（200ml*24）卡皮巴拉,225,6442.605
2026-8-17,京东,京东POP,三元3.3g方白脱脂无菌砖(250ml*24),61,1666.2516
2026-8-17,京东,京东POP,三元北京纯牛奶全脂（250mL*10）,4,73.9912
2026-8-17,京东,京东POP,三元纯牛奶足球礼盒（250ml*12）,6,127.26
2026-8-17,京东,京东POP,体验装 200M单盒,3558,4279.458624
2026-8-17,京东,京东POP,体验装 极全单盒,3,5.083275
2026-8-17,京东,京东POP,体验装 极小智单盒,3,5.54439
2026-8-17,京东,京东POP,体验装单盒方巧,4,5.34375
2026-8-17,京东,京东POP,250ml舒释奶（全脂)(1*12),22,437.5514
2026-8-17,京东,京东POP,极小智有机A2纯牛奶200mL*10,42,776.2146
2026-8-17,京东,京东POP,极致A2精巧装200ml*10,68,1060.7116
2026-8-17,京东,京东POP,极致高品质全脂纯牛奶（250ml*16）,83,2250.1964
2026-8-17,京东,京东POP,简卡原味钻酸奶200g*10,2,44.0074
2026-8-17,京东,京东POP,250S极致娟姗纯牛奶250mL*12,14,305.1734
2026-8-17,京东,京东POP,250S极致有机纯牛奶250mL*12,1,24.1258
2026-8-17,京东,京东POP,钻石装极致有机纯牛奶（200ml*10）,151,3086.6363
2026-8-17,京东,京东自营,三元纯牛奶足球礼盒（250ml*12）,152,3223.92
2026-8-17,京东,京东自营,极致A2β-酪蛋白全脂无菌砖(200ml*10),3000,0
2026-8-17,天猫,猫旗,三元3.3g方白纯牛奶（250mL*24）,1032,31713.4632
2026-8-17,天猫,猫旗,250ml方巧(1*24),161,5162.0625
2026-8-17,天猫,猫旗,梦幻盖极致有机纯牛奶（250ml*12）,39,1035.0951
2026-8-17,天猫,猫旗,极致三代低脂纯牛奶（250ml*12）,40,869.7
2026-8-17,天猫,猫旗,常温版极致三代全脂纯牛奶,8,173.6312
2026-8-17,天猫,猫旗,三元3.3g全脂纯牛奶无菌砖（200ml*24）卡皮巴拉,86,2462.5068
2026-8-17,天猫,猫旗,三元3.3g方白脱脂无菌砖(250ml*24),216,5900.1696
2026-8-17,天猫,猫旗,三元北京纯牛奶全脂（250mL*10）,18,332.9604
2026-8-17,天猫,猫旗,三元纯牛奶足球礼盒（250ml*12）,3,63.63
2026-8-17,天猫,猫旗,体验装 有机单盒,24,48.25159999
2026-8-17,天猫,猫旗,体验装 极致A2精巧单盒,257,677.3920334
2026-8-17,天猫,猫旗,体验装 极致娟姗拆单盒,12,21.7981
2026-8-17,天猫,猫旗,体验装 特品脱脂拆单盒,126,125.263425
2026-8-17,天猫,猫旗,体验装单盒方巧,114,152.296875
2026-8-17,天猫,猫旗,体验装单盒特品,288,349.9644001
2026-8-17,天猫,猫旗,250ml舒释奶（全脂)(1*12),13,258.5531
2026-8-17,天猫,猫旗,北京纯全脂拆单盒,30,55.4934
2026-8-17,天猫,猫旗,小方白卡皮巴拉脱脂纯牛奶（200mL*24）,111,2648.4267
2026-8-17,天猫,猫旗,极小智有机A2纯牛奶200mL*10,29,535.9577
2026-8-17,天猫,猫旗,极致A2精巧装200ml*10,44,686.3428
2026-8-17,天猫,猫旗,极致高品质全脂纯牛奶（250ml*16）,127,3443.0716
2026-8-17,天猫,猫旗,简卡原味钻酸奶200g*10,16,352.0592
2026-8-17,天猫,猫旗,芭芭农场DM单,40,0
2026-8-17,天猫,猫旗,芭芭农场纸箱,40,0
2026-8-17,天猫,猫旗,250S极致娟姗纯牛奶250mL*12,28,610.3468
2026-8-17,天猫,猫旗,250S极致有机纯牛奶250mL*12,20,482.516
2026-8-17,天猫,猫旗,钻石装极致有机纯牛奶（200ml*10）,13,265.7369
2026-8-17,小程序及其他,小程序及其他,三元3.3g方白纯牛奶（250mL*24）,341,10478.9641
2026-8-17,小程序及其他,小程序及其他,三元A2纯牛奶DS200ml*10,6,91.8042
2026-8-17,小程序及其他,小程序及其他,250ml方巧(1*24),43,1378.6875
2026-8-17,小程序及其他,小程序及其他,梦幻盖极致有机纯牛奶（250ml*12）,7,185.7863
2026-8-17,小程序及其他,小程序及其他,极致三代低脂纯牛奶（250ml*12）,155,3370.0875
2026-8-17,小程序及其他,小程序及其他,常温版极致三代全脂纯牛奶,35,759.6365
2026-8-17,小程序及其他,小程序及其他,梦幻盖极致A2纯牛奶250ml*12,38,1201.9096
2026-8-17,小程序及其他,小程序及其他,三元3.3g全脂纯牛奶无菌砖（200ml*24）卡皮巴拉,5,143.169
2026-8-17,小程序及其他,小程序及其他,三元3.3g方白脱脂无菌砖(250ml*24),13,355.1028
2026-8-17,小程序及其他,小程序及其他,三元北京纯牛奶全脂（250mL*10）,6,110.9868
2026-8-17,小程序及其他,小程序及其他,三元纯牛奶足球礼盒（250ml*12）,1,21.21
2026-8-17,小程序及其他,小程序及其他,小方白卡皮巴拉脱脂纯牛奶（200mL*24）,2,47.7194
2026-8-17,小程序及其他,小程序及其他,极小智有机A2纯牛奶200mL*10,8,147.8504
2026-8-17,小程序及其他,小程序及其他,极致A2精巧装200ml*10,126,1965.4362
2026-8-17,小程序及其他,小程序及其他,极致高品质全脂纯牛奶（250ml*16）,50,1355.54
2026-8-17,小程序及其他,小程序及其他,简卡原味钻酸奶200g*10,26,572.0962
2026-8-17,小程序及其他,小程序及其他,250S极致娟姗纯牛奶250mL*12,1,21.7981
2026-8-17,小程序及其他,小程序及其他,钻石装极致有机纯牛奶（200ml*10）,23,470.1499
2026-8-17,抖音,抖音,三元3.3g方白纯牛奶（250mL*24）,928,28517.5328
2026-8-17,抖音,抖音,250ml方巧(1*24),40,1282.5
2026-8-17,抖音,抖音,梦幻盖极致有机纯牛奶（250ml*12）,7,185.7863
2026-8-17,抖音,抖音,极致三代低脂纯牛奶（250ml*12）,17,369.6225
2026-8-17,抖音,抖音,常温版极致三代全脂纯牛奶,12,260.4468
2026-8-17,抖音,抖音,三元3.3g全脂纯牛奶无菌砖（200ml*24）卡皮巴拉,22,629.9436
2026-8-17,抖音,抖音,三元3.3g方白脱脂无菌砖(250ml*24),52,1420.4112
2026-8-17,抖音,抖音,三元北京纯牛奶全脂（250mL*10）,3,55.4934
2026-8-17,抖音,抖音,三元纯牛奶足球礼盒（250ml*12）,20,424.2
2026-8-17,抖音,抖音,听装三元畅倍益益生菌奶粉700g*6,1,0
2026-8-17,抖音,抖音,小方白卡皮巴拉脱脂纯牛奶（200mL*24）,12,286.3164
2026-8-17,抖音,抖音,极致A2精巧装200ml*10,66,1029.5142
2026-8-17,抖音,抖音,极致高品质全脂纯牛奶（250ml*16）,48,1301.3184
2026-8-17,抖音,抖音,简卡原味钻酸奶200g*10,1,22.0037
2026-8-17,抖音,抖音,250S极致娟姗纯牛奶250mL*12,38,828.3278
2026-8-17,拼多多,拼多多,三元3.3g方白纯牛奶（250mL*24）,1888,58018.4288
2026-8-17,拼多多,拼多多,250ml方巧(1*24),8,256.5
2026-8-17,拼多多,拼多多,梦幻盖极致有机纯牛奶（250ml*12）,10,265.409
2026-8-17,拼多多,拼多多,极致三代低脂纯牛奶（250ml*12）,1,21.7425
2026-8-17,拼多多,拼多多,常温版极致三代全脂纯牛奶,6,130.2234
2026-8-17,拼多多,拼多多,三元3.3g全脂纯牛奶无菌砖（200ml*24）卡皮巴拉,4,114.5352
2026-8-17,拼多多,拼多多,三元3.3g方白脱脂无菌砖(250ml*24),211,5763.5916
2026-8-17,拼多多,拼多多,三元北京纯牛奶全脂（250mL*10）,4,73.9912
2026-8-17,拼多多,拼多多,体验装单盒方巧,40,53.4375
2026-8-17,拼多多,拼多多,250ml舒释奶（全脂)(1*12),24,477.3288
2026-8-17,拼多多,拼多多,小方白卡皮巴拉脱脂纯牛奶（200mL*24）,37,882.8089
2026-8-17,拼多多,拼多多,极小智有机A2纯牛奶200mL*10,7,129.3691
2026-8-17,拼多多,拼多多,极致A2精巧装200ml*10,1,15.5987
2026-8-17,拼多多,拼多多,极致高品质全脂纯牛奶（250ml*16）,93,2521.3044
2026-8-17,拼多多,拼多多,简卡原味钻酸奶200g*10,1,22.0037
2026-8-17,拼多多,拼多多,250S极致娟姗纯牛奶250mL*12,6,130.7886
2026-8-17,拼多多,拼多多,钻石装极致有机纯牛奶（200ml*10）,4,81.7652
2026-8-17,新零售,新零售,三元3.3g方白纯牛奶（250mL*24）,12,368.7612
2026-8-17,新零售,新零售,梦幻盖极致有机纯牛奶（250ml*12）,2,53.0818
2026-8-17,新零售,新零售,极致三代低脂纯牛奶（250ml*12）,5,108.7125
2026-8-17,新零售,新零售,三元3.2g小方枕全脂利乐枕(227ml*16),901,0
2026-8-17,新零售,新零售,三元3.3g方白脱脂无菌砖(250ml*24),7,191.2092
2026-8-17,新零售,新零售,极小智有机A2纯牛奶200mL*10,3,55.4439
2026-8-17,新零售,新零售,极致A2β-酪蛋白全脂无菌砖(200ml*10),246,0
2026-8-17,新零售,新零售,极致高品质全脂纯牛奶（250ml*16）,2,54.2216
2026-8-18,抖音,抖音,250ml方巧(1*24),41,1314.56
2026-8-18,抖音,抖音,250S极致娟姗纯牛奶250mL*12,15,326.97
2026-8-18,抖音,抖音,常温版极致三代全脂纯牛奶,17,368.97
2026-8-18,抖音,抖音,极致高品质全脂纯牛奶（250ml*16）,62,1680.87
2026-8-18,抖音,抖音,极致三代低脂纯牛奶（250ml*12）,23,500.08
2026-8-18,抖音,抖音,极致A2精巧装200ml*10,55,857.93
2026-8-18,抖音,抖音,简卡原味钻酸奶200g*10,5,110.02
2026-8-18,抖音,抖音,梦幻盖极致有机纯牛奶（250ml*12）,3,79.62
2026-8-18,抖音,抖音,三元3.3g方白纯牛奶（250mL*24）,889,27319.06
2026-8-18,抖音,抖音,三元3.3g方白脱脂无菌砖(250ml*24),52,1420.41
2026-8-18,抖音,抖音,三元3.3g全脂纯牛奶无菌砖（200ml*24）卡皮巴拉,27,773.11
2026-8-18,抖音,抖音,三元北京纯牛奶全脂（250mL*10）,5,92.49
2026-8-18,抖音,抖音,三元纯牛奶足球礼盒（250ml*12）,12,254.52
2026-8-18,抖音,抖音,小方白卡皮巴拉脱脂纯牛奶（200mL*24）,14,334.04
2026-8-18,抖音,抖音,钻石装极致有机纯牛奶（200ml*10）,4,81.77
2026-8-18,京东,京东POP,250ml方巧(1*24),63,2019.94
2026-8-18,京东,京东POP,250ml舒释奶（全脂)(1*12),31,616.55
2026-8-18,京东,京东POP,250S极致娟姗纯牛奶250mL*12,9,196.18
2026-8-18,京东,京东POP,常温版极致三代全脂纯牛奶,5,108.52
2026-8-18,京东,京东POP,极小智有机A2纯牛奶200mL*10,39,720.77
2026-8-18,京东,京东POP,极致高品质全脂纯牛奶（250ml*16）,100,2711.08
2026-8-18,京东,京东POP,极致三代低脂纯牛奶（250ml*12）,10,217.43
2026-8-18,京东,京东POP,极致A2精巧装200ml*10,72,1123.11
2026-8-18,京东,京东POP,简卡原味钻酸奶200g*10,3,66.01
2026-8-18,京东,京东POP,梦幻盖极致有机纯牛奶（250ml*12）,14,371.57
2026-8-18,京东,京东POP,梦幻盖极致A2纯牛奶250ml*12,6,189.78
2026-8-18,京东,京东POP,三元3.3g方白纯牛奶（250mL*24）,449,13797.81
2026-8-18,京东,京东POP,三元3.3g方白脱脂无菌砖(250ml*24),76,2075.99
2026-8-18,京东,京东POP,三元3.3g全脂纯牛奶无菌砖（200ml*24）卡皮巴拉,259,7416.15
2026-8-18,京东,京东POP,三元北京纯牛奶全脂（250mL*10）,5,92.49
2026-8-18,京东,京东POP,三元纯牛奶足球礼盒（250ml*12）,7,148.47
2026-8-18,京东,京东POP,体验装 200M单盒,222,267.02
2026-8-18,京东,京东POP,钻石装极致有机纯牛奶（200ml*10）,100,2044.13
2026-8-18,拼多多,多多买菜,冰岛式酸奶（200g*24）,500,22418.3
2026-8-18,拼多多,多多买菜,极致有机全脂苗条砖(200ml*10),200,0
2026-8-18,拼多多,多多买菜,三元3.3g方白纯牛奶（250mL*24）日常版,5000,0
2026-8-18,拼多多,多多买菜,三元3.3g方白脱脂无菌砖(250ml*24),1500,40973.4
2026-8-18,拼多多,多多买菜,小方白卡皮巴拉脱脂纯牛奶（200mL*24）,500,11929.85
2026-8-18,拼多多,拼多多,250ml方巧(1*24),19,609.19
2026-8-18,拼多多,拼多多,250ml舒释奶（全脂)(1*12),41,815.44
2026-8-18,拼多多,拼多多,250S极致娟姗纯牛奶250mL*12,7,152.59
2026-8-18,拼多多,拼多多,常温版极致三代全脂纯牛奶,6,130.22
2026-8-18,拼多多,拼多多,极小智有机A2纯牛奶200mL*10,5,92.41
2026-8-18,拼多多,拼多多,极致高品质全脂纯牛奶（250ml*16）,155,4202.17
2026-8-18,拼多多,拼多多,极致三代低脂纯牛奶（250ml*12）,9,195.68
2026-8-18,拼多多,拼多多,极致A2精巧装200ml*10,14,218.38
2026-8-18,拼多多,拼多多,简卡原味钻酸奶200g*10,3,66.01
2026-8-18,拼多多,拼多多,梦幻盖极致有机纯牛奶（250ml*12）,28,743.15
2026-8-18,拼多多,拼多多,梦幻盖极致A2纯牛奶250ml*12,6,189.78
2026-8-18,拼多多,拼多多,三元3.3g方白纯牛奶（250mL*24）,2360,72523.04
2026-8-18,拼多多,拼多多,三元3.3g方白脱脂无菌砖(250ml*24),261,7129.37
2026-8-18,拼多多,拼多多,三元3.3g全脂纯牛奶无菌砖（200ml*24）卡皮巴拉,4,114.54
2026-8-18,拼多多,拼多多,三元北京纯牛奶全脂（250mL*10）,3,55.49
2026-8-18,拼多多,拼多多,三元纯牛奶足球礼盒（250ml*12）,1,21.21
2026-8-18,拼多多,拼多多,体验装单盒方巧,80,106.88
2026-8-18,拼多多,拼多多,小方白卡皮巴拉脱脂纯牛奶（200mL*24）,61,1455.44
2026-8-18,拼多多,拼多多,钻石装极致有机纯牛奶（200ml*10）,30,613.24
2026-8-18,天猫,猫超,冰岛式酸奶（200g*24）,848,38021.44
2026-8-18,天猫,猫超,极致高品质全脂纯牛奶（250ml*16）,1079,29252.55
2026-8-18,天猫,猫超,极致极小智有机A2全脂苗条砖(200ml*10),13,0
2026-8-18,天猫,猫超,极致娟姗全脂苗条砖(250ml*12),201,0
2026-8-18,天猫,猫超,极致三代低脂无菌砖(250ml*12),79,0
2026-8-18,天猫,猫超,极致有机全脂梦幻盖(250ml*12),302,0
2026-8-18,天猫,猫超,三元3.3g方白纯牛奶（250mL*24）日常版,5752,0
2026-8-18,天猫,猫超,三元3.3g方白脱脂无菌砖(250ml*24),993,27124.39
2026-8-18,天猫,猫超,三元3.3g全脂纯牛奶无菌砖（200ml*24）卡皮巴拉,200,5726.76
2026-8-18,天猫,猫超,三元纯牛奶足球礼盒（250ml*12）,76,1611.96
2026-8-18,天猫,猫超,三元高钙全脂无菌砖(250ml*20),33,0
2026-8-18,天猫,猫超,三元简卡全脂砖石包(200g*10),72,0
2026-8-18,天猫,猫超,三元巧克力全脂无菌砖（250ml*24）,1456,0
2026-8-18,天猫,猫超,小方白卡皮巴拉低脂高钙牛奶（200mL*24）,928,24424.59
2026-8-18,天猫,猫超,小方白卡皮巴拉脱脂纯牛奶（200mL*24）,585,13957.92
2026-8-18,天猫,猫超,钻石包极致有机纯牛奶（200ml*21）,2667,96699.82
2026-8-18,天猫,猫旗,250ml方巧(1*24),136,4360.5
2026-8-18,天猫,猫旗,250ml舒释奶（全脂)(1*12),16,318.22
2026-8-18,天猫,猫旗,250S极致娟姗纯牛奶250mL*12,44,959.12
2026-8-18,天猫,猫旗,250S极致有机纯牛奶250mL*12,8,193.01
2026-8-18,天猫,猫旗,芭芭农场纸箱,10,0
2026-8-18,天猫,猫旗,芭芭农场DM单,10,0
2026-8-18,天猫,猫旗,北京纯全脂拆单盒,84,155.38
2026-8-18,天猫,猫旗,常温版极致三代全脂纯牛奶,4,86.82
2026-8-18,天猫,猫旗,极小智有机A2纯牛奶200mL*10,17,314.18
2026-8-18,天猫,猫旗,极致高品质全脂纯牛奶（250ml*16）,150,4066.62
2026-8-18,天猫,猫旗,极致三代低脂纯牛奶（250ml*12）,34,739.25
2026-8-18,天猫,猫旗,极致A2精巧装200ml*10,57,889.13
2026-8-18,天猫,猫旗,简卡原味钻酸奶200g*10,5,110.02
2026-8-18,天猫,猫旗,梦幻盖极致有机纯牛奶（250ml*12）,19,504.28
2026-8-18,天猫,猫旗,梦幻盖极致A2纯牛奶250ml*12,1,31.63
2026-8-18,天猫,猫旗,三元3.3g方白纯牛奶（250mL*24）,1041,31990.03
2026-8-18,天猫,猫旗,三元3.3g方白脱脂无菌砖(250ml*24),262,7156.69
2026-8-18,天猫,猫旗,三元3.3g全脂纯牛奶无菌砖（200ml*24）卡皮巴拉,97,2777.48
2026-8-18,天猫,猫旗,三元北京纯牛奶全脂（250mL*10）,5,92.49
2026-8-18,天猫,猫旗,三元纯牛奶足球礼盒（250ml*12）,3,63.63
2026-8-18,天猫,猫旗,体验装 极致娟姗拆单盒,30,54.5
2026-8-18,天猫,猫旗,体验装 极致A2精巧单盒,84,221.4
2026-8-18,天猫,猫旗,体验装 特品脱脂拆单盒,138,137.19
2026-8-18,天猫,猫旗,体验装 有机单盒,24,48.25
2026-8-18,天猫,猫旗,体验装单盒方巧,120,160.31
2026-8-18,天猫,猫旗,体验装单盒特品,342,415.58
2026-8-18,天猫,猫旗,小方白卡皮巴拉脱脂纯牛奶（200mL*24）,18,429.47
2026-8-18,天猫,猫旗,钻石装极致有机纯牛奶（200ml*10）,10,204.41
2026-8-18,小程序及其他,小程序及其他,250ml方巧(1*24),70,2244.38
2026-8-18,小程序及其他,小程序及其他,250ml舒释奶（全脂)(1*12),1,19.89
2026-8-18,小程序及其他,小程序及其他,常温版极致三代全脂纯牛奶,10,217.04
2026-8-18,小程序及其他,小程序及其他,极小智有机A2纯牛奶200mL*10,3,55.44
2026-8-18,小程序及其他,小程序及其他,极致高品质全脂纯牛奶（250ml*16）,22,596.44
2026-8-18,小程序及其他,小程序及其他,极致三代低脂纯牛奶（250ml*12）,139,3022.21
2026-8-18,小程序及其他,小程序及其他,极致A2精巧装200ml*10,96,1497.48
2026-8-18,小程序及其他,小程序及其他,简卡原味钻酸奶200g*10,33,726.12
2026-8-18,小程序及其他,小程序及其他,梦幻盖极致有机纯牛奶（250ml*12）,8,212.33
2026-8-18,小程序及其他,小程序及其他,梦幻盖极致A2纯牛奶250ml*12,33,1043.76
2026-8-18,小程序及其他,小程序及其他,三元3.3g方白纯牛奶（250mL*24）,388,11923.28
2026-8-18,小程序及其他,小程序及其他,三元3.3g方白脱脂无菌砖(250ml*24),7,191.21
2026-8-18,小程序及其他,小程序及其他,三元3.3g全脂纯牛奶无菌砖（200ml*24）卡皮巴拉,1,28.63
2026-8-18,小程序及其他,小程序及其他,三元北京纯牛奶全脂（250mL*10）,12,221.97
2026-8-18,小程序及其他,小程序及其他,三元A2纯牛奶DS200ml*10,4,61.2
2026-8-18,小程序及其他,小程序及其他,小方白卡皮巴拉脱脂纯牛奶（200mL*24）,4,95.44
2026-8-18,小程序及其他,小程序及其他,钻石装极致有机纯牛奶（200ml*10）,22,449.71
2026-8-18,新零售,新零售,250S极致娟姗纯牛奶250mL*12,4,87.19
2026-8-18,新零售,新零售,极小智有机A2纯牛奶200mL*10,9,166.33
2026-8-18,新零售,新零售,极致高品质全脂纯牛奶（250ml*16）,4,108.44
2026-8-18,新零售,新零售,极致三代低脂纯牛奶（250ml*12）,11,239.17
2026-8-18,新零售,新零售,极致三代低脂无菌砖(250ml*12),60,0
2026-8-18,新零售,新零售,极致有机全脂梦幻盖(250ml*12),769,0
2026-8-18,新零售,新零售,极致有机全脂苗条砖(200ml*10),1404,0
2026-8-18,新零售,新零售,梦幻盖极致有机纯牛奶（250ml*12）,9,238.87
2026-8-18,新零售,新零售,三元3.2g小方枕全脂利乐枕(227ml*16),599,0
2026-8-18,新零售,新零售,三元3.3g方白纯牛奶（250mL*24）,14,430.22
2026-8-18,新零售,新零售,三元3.3g方白纯牛奶（250mL*24）日常版,749,0
2026-8-18,新零售,新零售,三元3.3g方白脱脂无菌砖(250ml*24),2757,75309.11
2026-8-18,新零售,新零售,三元3.3g全脂纯牛奶无菌砖（200ml*24）卡皮巴拉,191,5469.06
2026-8-18,新零售,新零售,三元巧克力全脂无菌砖（250ml*24）,19,0
2026-8-19,抖音,抖音,250ml方巧(1*24),71,2276.44
2026-8-19,抖音,抖音,250S极致娟姗纯牛奶250mL*12,56,1220.69
2026-8-19,抖音,抖音,常温版极致三代全脂纯牛奶,16,347.26
2026-8-19,抖音,抖音,极致高品质全脂纯牛奶（250ml*16）,2979,80763.07
2026-8-19,抖音,抖音,极致三代低脂纯牛奶（250ml*12）,28,608.79
2026-8-19,抖音,抖音,极致A2精巧装200ml*10,121,1887.44
2026-8-19,抖音,抖音,简卡原味钻酸奶200g*10,7,154.03
2026-8-19,抖音,抖音,梦幻盖极致有机纯牛奶（250ml*12）,12,318.49
2026-8-19,抖音,抖音,三元3.3g方白纯牛奶（250mL*24）,818,25137.22
2026-8-19,抖音,抖音,三元3.3g方白脱脂无菌砖(250ml*24),47,1283.83
2026-8-19,抖音,抖音,三元3.3g全脂纯牛奶无菌砖（200ml*24）卡皮巴拉,21,601.31
2026-8-19,抖音,抖音,三元北京纯牛奶全脂（250mL*10）,13,240.47
2026-8-19,抖音,抖音,三元纯牛奶足球礼盒（250ml*12）,457,9692.97
2026-8-19,抖音,抖音,体验装 200M单盒,104,125.09
2026-8-19,抖音,抖音,听装三元畅倍益益生菌奶粉700g*6,465,0
2026-8-19,抖音,抖音,小方白卡皮巴拉脱脂纯牛奶（200mL*24）,14,334.04
2026-8-19,抖音,抖音,钻石装极致有机纯牛奶（200ml*10）,12,245.3
2026-8-19,京东,京东POP,250ml方巧(1*24),33,1058.06
2026-8-19,京东,京东POP,250ml舒释奶（全脂)(1*12),39,775.66
2026-8-19,京东,京东POP,250S极致娟姗纯牛奶250mL*12,14,305.17
2026-8-19,京东,京东POP,常温版极致三代全脂纯牛奶,3,65.11
2026-8-19,京东,京东POP,极小智有机A2纯牛奶200mL*10,32,591.4
2026-8-19,京东,京东POP,极致高品质全脂纯牛奶（250ml*16）,55,1491.09
2026-8-19,京东,京东POP,极致三代低脂纯牛奶（250ml*12）,7,152.2
2026-8-19,京东,京东POP,极致A2精巧装200ml*10,83,1294.69
2026-8-19,京东,京东POP,简卡原味钻酸奶200g*10,6,132.02
2026-8-19,京东,京东POP,梦幻盖极致有机纯牛奶（250ml*12）,6,159.25
2026-8-19,京东,京东POP,梦幻盖极致A2纯牛奶250ml*12,2,63.26
2026-8-19,京东,京东POP,三元3.3g方白纯牛奶（250mL*24）,540,16594.25
2026-8-19,京东,京东POP,三元3.3g方白脱脂无菌砖(250ml*24),70,1912.09
2026-8-19,京东,京东POP,三元3.3g全脂纯牛奶无菌砖（200ml*24）卡皮巴拉,180,5154.08
2026-8-19,京东,京东POP,三元北京纯牛奶全脂（250mL*10）,9,166.48
2026-8-19,京东,京东POP,三元纯牛奶足球礼盒（250ml*12）,2,42.42
2026-8-19,京东,京东POP,体验装 200M单盒,1350,1623.74
2026-8-19,京东,京东POP,钻石装极致有机纯牛奶（200ml*10）,110,2248.54
2026-8-19,拼多多,拼多多,250ml方巧(1*24),34,1090.13
2026-8-19,拼多多,拼多多,250ml舒释奶（全脂)(1*12),17,338.11
2026-8-19,拼多多,拼多多,250S极致娟姗纯牛奶250mL*12,2,43.6
2026-8-19,拼多多,拼多多,常温版极致三代全脂纯牛奶,2,43.41
2026-8-19,拼多多,拼多多,极小智有机A2纯牛奶200mL*10,6,110.89
2026-8-19,拼多多,拼多多,极致高品质全脂纯牛奶（250ml*16）,145,3931.07
2026-8-19,拼多多,拼多多,极致三代低脂纯牛奶（250ml*12）,4,86.97
2026-8-19,拼多多,拼多多,极致A2精巧装200ml*10,4,62.39
2026-8-19,拼多多,拼多多,简卡原味钻酸奶200g*10,1,22
2026-8-19,拼多多,拼多多,梦幻盖极致有机纯牛奶（250ml*12）,15,398.11
2026-8-19,拼多多,拼多多,梦幻盖极致A2纯牛奶250ml*12,10,316.29
2026-8-19,拼多多,拼多多,三元3.3g方白纯牛奶（250mL*24）,2832,87027.64
2026-8-19,拼多多,拼多多,三元3.3g方白脱脂无菌砖(250ml*24),221,6036.75
2026-8-19,拼多多,拼多多,三元北京纯牛奶全脂（250mL*10）,4,73.99
2026-8-19,拼多多,拼多多,体验装单盒方巧,104,138.94
2026-8-19,拼多多,拼多多,小方白卡皮巴拉脱脂纯牛奶（200mL*24）,49,1169.13
2026-8-19,拼多多,拼多多,钻石装极致有机纯牛奶（200ml*10）,14,286.18
2026-8-19,天猫,猫超,三元3.2g小方枕全脂利乐枕-电商(227ml*16),1200,24352.8
2026-8-19,天猫,猫超,三元北京纯牛奶全脂（250mL*10）,500,9248.9
2026-8-19,天猫,猫超,三元高钙全脂无菌砖(250ml*20),463,0
2026-8-19,天猫,猫旗,250ml方巧(1*24),129,4136.06
2026-8-19,天猫,猫旗,250ml舒释奶（全脂)(1*12),17,338.11
2026-8-19,天猫,猫旗,250S极致娟姗纯牛奶250mL*12,39,850.13
2026-8-19,天猫,猫旗,250S极致有机纯牛奶250mL*12,10,241.26
2026-8-19,天猫,猫旗,芭芭农场纸箱,5,0
2026-8-19,天猫,猫旗,芭芭农场DM单,5,0
2026-8-19,天猫,猫旗,北京纯全脂拆单盒,30,55.49
2026-8-19,天猫,猫旗,常温版极致三代全脂纯牛奶,2,43.41
2026-8-19,天猫,猫旗,极小智有机A2纯牛奶200mL*10,12,221.78
2026-8-19,天猫,猫旗,极致高品质全脂纯牛奶（250ml*16）,103,2792.41
2026-8-19,天猫,猫旗,极致三代低脂纯牛奶（250ml*12）,44,956.67
2026-8-19,天猫,猫旗,极致A2精巧装200ml*10,44,686.34
2026-8-19,天猫,猫旗,简卡单盒,5,11
2026-8-19,天猫,猫旗,简卡原味钻酸奶200g*10,8,176.03
2026-8-19,天猫,猫旗,梦幻盖极致有机纯牛奶（250ml*12）,40,1061.64
2026-8-19,天猫,猫旗,梦幻盖极致A2纯牛奶250ml*12,1,31.63
2026-8-19,天猫,猫旗,三元3.3g方白纯牛奶（250mL*24）,1229,37767.29
2026-8-19,天猫,猫旗,三元3.3g方白脱脂无菌砖(250ml*24),210,5736.28
2026-8-19,天猫,猫旗,三元3.3g全脂纯牛奶无菌砖（200ml*24）卡皮巴拉,36,1030.82
2026-8-19,天猫,猫旗,三元北京纯牛奶全脂（250mL*10）,16,295.96
2026-8-19,天猫,猫旗,三元纯牛奶足球礼盒（250ml*12）,6,127.26
2026-8-19,天猫,猫旗,体验装 极全单盒,12,20.33
2026-8-19,天猫,猫旗,体验装 极致娟姗拆单盒,24,43.6
2026-8-19,天猫,猫旗,体验装 极致A2精巧单盒,66,173.96
2026-8-19,天猫,猫旗,体验装 特品脱脂拆单盒,156,155.09
2026-8-19,天猫,猫旗,体验装 有机单盒,18,36.19
2026-8-19,天猫,猫旗,体验装单盒方巧,126,168.33
2026-8-19,天猫,猫旗,体验装单盒特品,300,364.55
2026-8-19,天猫,猫旗,小方白卡皮巴拉脱脂纯牛奶（200mL*24）,19,453.33
2026-8-19,天猫,猫旗,钻石装极致有机纯牛奶（200ml*10）,10,204.41
2026-8-19,小程序及其他,小程序及其他,250ml方巧(1*24),81,2597.06
2026-8-19,小程序及其他,小程序及其他,250S极致有机纯牛奶250mL*12,6,144.75
2026-8-19,小程序及其他,小程序及其他,常温版极致三代全脂纯牛奶,34,737.93
2026-8-19,小程序及其他,小程序及其他,极小智有机A2纯牛奶200mL*10,6,110.89
2026-8-19,小程序及其他,小程序及其他,极致高品质全脂纯牛奶（250ml*16）,10,271.11
2026-8-19,小程序及其他,小程序及其他,极致三代低脂纯牛奶（250ml*12）,102,2217.74
2026-8-19,小程序及其他,小程序及其他,极致A2精巧装200ml*10,146,2277.41
2026-8-19,小程序及其他,小程序及其他,简卡原味钻酸奶200g*10,30,660.11
2026-8-19,小程序及其他,小程序及其他,梦幻盖极致有机纯牛奶（250ml*12）,7,185.79
2026-8-19,小程序及其他,小程序及其他,梦幻盖极致A2纯牛奶250ml*12,24,759.1
2026-8-19,小程序及其他,小程序及其他,三元3.3g方白纯牛奶（250mL*24）,419,12875.91
2026-8-19,小程序及其他,小程序及其他,三元3.3g方白脱脂无菌砖(250ml*24),11,300.47
2026-8-19,小程序及其他,小程序及其他,三元3.3g全脂纯牛奶无菌砖（200ml*24）卡皮巴拉,1,28.63
2026-8-19,小程序及其他,小程序及其他,三元北京纯牛奶全脂（250mL*10）,11,203.48
2026-8-19,小程序及其他,小程序及其他,三元A2纯牛奶DS200ml*10,4,61.2
2026-8-19,小程序及其他,小程序及其他,小方白卡皮巴拉脱脂纯牛奶（200mL*24）,1,23.86
2026-8-19,小程序及其他,小程序及其他,钻石装极致有机纯牛奶（200ml*10）,26,531.47
2026-8-19,新零售,新零售,250ml三元纯牛奶节庆礼盒-2026中秋（1*18）,1,0
2026-8-19,新零售,新零售,250S极致娟姗纯牛奶250mL*12,1,21.8
2026-8-19,新零售,新零售,极小智有机A2纯牛奶200mL*10,4,73.93
2026-8-19,新零售,新零售,极致4.0高蛋白纯牛奶250mL*24,120,6247.84
2026-8-19,新零售,新零售,极致高品质全脂纯牛奶（250ml*16）,182,4934.17
2026-8-19,新零售,新零售,极致娟姗全脂苗条砖(250ml*12),1145,0
2026-8-19,新零售,新零售,极致三代低脂纯牛奶（250ml*12）,6,130.45
2026-8-19,新零售,新零售,极致三代低脂无菌砖(250ml*12),1180,0
2026-8-19,新零售,新零售,极致三代全脂无菌砖（250ml*12）,764,0
2026-8-19,新零售,新零售,极致有机全脂梦幻盖(250ml*12),1336,0
2026-8-19,新零售,新零售,极致有机全脂苗条砖(200ml*10),6156,0
2026-8-19,新零售,新零售,极致A2精巧装200mL*20,2040,58211.6
2026-8-19,新零售,新零售,梦幻盖极致有机纯牛奶（250ml*12）,12,318.49
2026-8-19,新零售,新零售,三元3.2g小方枕全脂利乐枕-电商(227ml*16),3609,73241.05
2026-8-19,新零售,新零售,三元3.3g方白纯牛奶（250mL*24）,21,645.33
2026-8-19,新零售,新零售,三元3.3g方白纯牛奶（250mL*24）日常版,10454,0
2026-8-19,新零售,新零售,三元3.3g方白全脂无菌砖(200ml*24),2601,0
2026-8-19,新零售,新零售,三元3.3g方白脱脂无菌砖(250ml*24),2251,61487.42
2026-8-19,新零售,新零售,三元3.3g全脂纯牛奶无菌砖（200ml*24）卡皮巴拉,4032,115451.48
2026-8-19,新零售,新零售,三元高钙全脂无菌砖(250ml*20),66,0
2026-8-19,新零售,新零售,三元简卡全脂砖石包(200g*10),472,0
2026-8-19,新零售,新零售,三元巧克力全脂无菌砖（250ml*24）,1450,0
2026-8-20,抖音,抖音,250ml方巧(1*24),245,7855.31
2026-8-20,抖音,抖音,250S极致娟姗纯牛奶250mL*12,48,1046.31
2026-8-20,抖音,抖音,常温版极致三代全脂纯牛奶,6,130.22
2026-8-20,抖音,抖音,极致高品质全脂纯牛奶（250ml*16）,263,7130.14
2026-8-20,抖音,抖音,极致三代低脂纯牛奶（250ml*12）,28,608.79
2026-8-20,抖音,抖音,极致A2精巧装200ml*10,302,4710.81
2026-8-20,抖音,抖音,简卡原味钻酸奶200g*10,2,44.01
2026-8-20,抖音,抖音,梦幻盖极致有机纯牛奶（250ml*12）,1,26.54
2026-8-20,抖音,抖音,三元3.3g方白纯牛奶（250mL*24）,770,23662.18
2026-8-20,抖音,抖音,三元3.3g方白脱脂无菌砖(250ml*24),48,1311.15
2026-8-20,抖音,抖音,三元3.3g全脂纯牛奶无菌砖（200ml*24）卡皮巴拉,16,458.14
2026-8-20,抖音,抖音,三元北京纯牛奶全脂（250mL*10）,14,258.97
2026-8-20,抖音,抖音,三元纯牛奶足球礼盒（250ml*12）,329,6978.09
2026-8-20,抖音,抖音,体验装 200M单盒,6,7.22
2026-8-20,抖音,抖音,听装三元畅倍益益生菌奶粉700g*6,22,0
2026-8-20,抖音,抖音,小方白卡皮巴拉脱脂纯牛奶（200mL*24）,8,190.88
2026-8-20,京东,京东POP,250ml方巧(1*24),50,1603.13
2026-8-20,京东,京东POP,250ml舒释奶（全脂)(1*12),10,198.89
2026-8-20,京东,京东POP,250S极致娟姗纯牛奶250mL*12,8,174.38
2026-8-20,京东,京东POP,常温版极致三代全脂纯牛奶,3,65.11
2026-8-20,京东,京东POP,极小智有机A2纯牛奶200mL*10,22,406.59
2026-8-20,京东,京东POP,极致高品质全脂纯牛奶（250ml*16）,70,1897.76
2026-8-20,京东,京东POP,极致三代低脂纯牛奶（250ml*12）,14,304.4
2026-8-20,京东,京东POP,极致A2精巧装200ml*10,65,1013.92
2026-8-20,京东,京东POP,简卡原味钻酸奶200g*10,5,110.02
2026-8-20,京东,京东POP,梦幻盖极致有机纯牛奶（250ml*12）,6,159.25
2026-8-20,京东,京东POP,梦幻盖极致A2纯牛奶250ml*12,2,63.26
2026-8-20,京东,京东POP,三元3.3g方白纯牛奶（250mL*24）,356,10939.92
2026-8-20,京东,京东POP,三元3.3g方白脱脂无菌砖(250ml*24),75,2048.67
2026-8-20,京东,京东POP,三元3.3g全脂纯牛奶无菌砖（200ml*24）卡皮巴拉,172,4925.01
2026-8-20,京东,京东POP,三元北京纯牛奶全脂（250mL*10）,8,147.98
2026-8-20,京东,京东POP,三元纯牛奶足球礼盒（250ml*12）,3,63.63
2026-8-20,京东,京东POP,体验装 200M单盒,276,331.96
2026-8-20,京东,京东POP,体验装 极小智单盒,3,5.54
2026-8-20,京东,京东POP,钻石装极致有机纯牛奶（200ml*10）,105,2146.34
2026-8-20,拼多多,拼多多,250ml方巧(1*24),29,929.81
2026-8-20,拼多多,拼多多,250ml舒释奶（全脂)(1*12),11,218.78
2026-8-20,拼多多,拼多多,250S极致娟姗纯牛奶250mL*12,16,348.77
2026-8-20,拼多多,拼多多,常温版极致三代全脂纯牛奶,2,43.41
2026-8-20,拼多多,拼多多,极小智有机A2纯牛奶200mL*10,8,147.85
2026-8-20,拼多多,拼多多,极致高品质全脂纯牛奶（250ml*16）,85,2304.42
2026-8-20,拼多多,拼多多,极致三代低脂纯牛奶（250ml*12）,6,130.45
2026-8-20,拼多多,拼多多,极致A2精巧装200ml*10,11,171.59
2026-8-20,拼多多,拼多多,简卡原味钻酸奶200g*10,4,88.01
2026-8-20,拼多多,拼多多,梦幻盖极致有机纯牛奶（250ml*12）,6,159.25
2026-8-20,拼多多,拼多多,梦幻盖极致A2纯牛奶250ml*12,5,158.15
2026-8-20,拼多多,拼多多,三元3.3g方白纯牛奶（250mL*24）,2502,76886.71
2026-8-20,拼多多,拼多多,三元3.3g方白脱脂无菌砖(250ml*24),193,5271.91
2026-8-20,拼多多,拼多多,三元北京纯牛奶全脂（250mL*10）,3,55.49
2026-8-20,拼多多,拼多多,三元纯牛奶足球礼盒（250ml*12）,2,42.42
2026-8-20,拼多多,拼多多,体验装单盒方巧,88,117.56
2026-8-20,拼多多,拼多多,小方白卡皮巴拉脱脂纯牛奶（200mL*24）,39,930.53
2026-8-20,拼多多,拼多多,钻石装极致有机纯牛奶（200ml*10）,8,163.53
2026-8-20,天猫,猫旗,250ml方巧(1*24),87,2789.44
2026-8-20,天猫,猫旗,250ml舒释奶（全脂)(1*12),9,179
2026-8-20,天猫,猫旗,250S极致娟姗纯牛奶250mL*12,30,653.94
2026-8-20,天猫,猫旗,250S极致有机纯牛奶250mL*12,7,168.88
2026-8-20,天猫,猫旗,芭芭农场纸箱,19,0
2026-8-20,天猫,猫旗,芭芭农场DM单,19,0
2026-8-20,天猫,猫旗,北京纯全脂拆单盒,30,55.49
2026-8-20,天猫,猫旗,常温版极致三代全脂纯牛奶,7,151.93
2026-8-20,天猫,猫旗,极小智有机A2纯牛奶200mL*10,28,517.48
2026-8-20,天猫,猫旗,极致高品质全脂纯牛奶（250ml*16）,86,2331.53
2026-8-20,天猫,猫旗,极致三代低脂纯牛奶（250ml*12）,45,978.41
2026-8-20,天猫,猫旗,极致A2精巧装200ml*10,29,452.36
2026-8-20,天猫,猫旗,简卡原味钻酸奶200g*10,3,66.01
2026-8-20,天猫,猫旗,梦幻盖极致有机纯牛奶（250ml*12）,27,716.6
2026-8-20,天猫,猫旗,梦幻盖极致A2纯牛奶250ml*12,1,31.63
2026-8-20,天猫,猫旗,三元3.3g方白纯牛奶（250mL*24）,847,26028.39
2026-8-20,天猫,猫旗,三元3.3g方白脱脂无菌砖(250ml*24),193,5271.91
2026-8-20,天猫,猫旗,三元3.3g全脂纯牛奶无菌砖（200ml*24）卡皮巴拉,37,1059.45
2026-8-20,天猫,猫旗,三元北京纯牛奶全脂（250mL*10）,6,110.99
2026-8-20,天猫,猫旗,三元纯牛奶足球礼盒（250ml*12）,3,63.63
2026-8-20,天猫,猫旗,体验装 极致娟姗拆单盒,6,10.9
2026-8-20,天猫,猫旗,体验装 极致A2精巧单盒,138,363.74
2026-8-20,天猫,猫旗,体验装 特品脱脂拆单盒,120,119.3
2026-8-20,天猫,猫旗,体验装 有机单盒,48,96.5
2026-8-20,天猫,猫旗,体验装单盒方巧,84,112.22
2026-8-20,天猫,猫旗,体验装单盒特品,222,269.76
2026-8-20,天猫,猫旗,小方白卡皮巴拉脱脂纯牛奶（200mL*24）,16,381.76
2026-8-20,小程序及其他,小程序及其他,250ml方巧(1*24),147,4713.19
2026-8-20,小程序及其他,小程序及其他,250ml舒释奶（全脂)(1*12),4,79.55
2026-8-20,小程序及其他,小程序及其他,250S极致娟姗纯牛奶250mL*12,2,43.6
2026-8-20,小程序及其他,小程序及其他,250S极致有机纯牛奶250mL*12,13,313.64
2026-8-20,小程序及其他,小程序及其他,常温版极致三代全脂纯牛奶,43,933.27
2026-8-20,小程序及其他,小程序及其他,极小智有机A2纯牛奶200mL*10,7,129.37
2026-8-20,小程序及其他,小程序及其他,极致高品质全脂纯牛奶（250ml*16）,12,325.33
2026-8-20,小程序及其他,小程序及其他,极致三代低脂纯牛奶（250ml*12）,115,2500.39
2026-8-20,小程序及其他,小程序及其他,极致A2精巧装200ml*10,159,2480.19
2026-8-20,小程序及其他,小程序及其他,简卡原味钻酸奶200g*10,51,1122.19
2026-8-20,小程序及其他,小程序及其他,梦幻盖极致有机纯牛奶（250ml*12）,10,265.41
2026-8-20,小程序及其他,小程序及其他,梦幻盖极致A2纯牛奶250ml*12,39,1233.54
2026-8-20,小程序及其他,小程序及其他,三元3.3g方白纯牛奶（250mL*24）,478,14688.99
2026-8-20,小程序及其他,小程序及其他,三元3.3g方白脱脂无菌砖(250ml*24),105,2868.14
2026-8-20,小程序及其他,小程序及其他,三元3.3g全脂纯牛奶无菌砖（200ml*24）卡皮巴拉,6,171.8
2026-8-20,小程序及其他,小程序及其他,三元北京纯牛奶全脂（250mL*10）,15,277.47
2026-8-20,小程序及其他,小程序及其他,三元纯牛奶足球礼盒（250ml*12）,1,21.21
2026-8-20,小程序及其他,小程序及其他,三元A2纯牛奶DS200ml*10,2,30.6
2026-8-20,小程序及其他,小程序及其他,小方白卡皮巴拉脱脂纯牛奶（200mL*24）,1,23.86
2026-8-20,小程序及其他,小程序及其他,钻石装极致有机纯牛奶（200ml*10）,17,347.5
2026-8-20,新零售,新零售,250S极致娟姗纯牛奶250mL*12,2,43.6
2026-8-20,新零售,新零售,极小智有机A2纯牛奶200mL*10,2,36.96
2026-8-20,新零售,新零售,极致4.0高蛋白纯牛奶250mL*24,550,28635.92
2026-8-20,新零售,新零售,极致高品质全脂纯牛奶（250ml*16）,2,54.22
2026-8-20,新零售,新零售,极致娟姗全脂苗条砖(250ml*12),1500,0
2026-8-20,新零售,新零售,极致三代低脂纯牛奶（250ml*12）,4,86.97
2026-8-20,新零售,新零售,极致有机全脂梦幻盖(250ml*12),620,0
2026-8-20,新零售,新零售,极致A2β-酪蛋白全脂无菌砖(200ml*10),300,0
2026-8-20,新零售,新零售,梦幻盖极致有机纯牛奶（250ml*12）,7,185.79
2026-8-20,新零售,新零售,三元3.2g小方枕全脂利乐枕-电商(227ml*16),2069,41988.29
2026-8-20,新零售,新零售,三元3.3g方白纯牛奶（250mL*24）,23,706.79
2026-8-20,新零售,新零售,三元3.3g方白全脂无菌砖(200ml*24),4199,0
2026-8-20,新零售,新零售,三元3.3g方白脱脂无菌砖(250ml*24),10,273.16
2026-8-20,新零售,新零售,三元北京纯牛奶全脂（250mL*10）,1080,19977.62
2026-8-20,新零售,新零售,三元巧克力全脂无菌砖（250ml*24）,100,0
2026-8-21,抖音,抖音,250ml方巧(1*24),161,5162.06
2026-8-21,抖音,抖音,250S极致娟姗纯牛奶250mL*12,25,544.95
2026-8-21,抖音,抖音,常温版极致三代全脂纯牛奶,3,65.11
2026-8-21,抖音,抖音,极小智有机A2纯牛奶200mL*10,1,18.48
2026-8-21,抖音,抖音,极致高品质全脂纯牛奶（250ml*16）,715,19384.22
2026-8-21,抖音,抖音,极致三代低脂纯牛奶（250ml*12）,18,391.37
2026-8-21,抖音,抖音,极致A2精巧装200ml*10,244,3806.08
2026-8-21,抖音,抖音,简卡原味钻酸奶200g*10,5,110.02
2026-8-21,抖音,抖音,梦幻盖极致有机纯牛奶（250ml*12）,19,504.28
2026-8-21,抖音,抖音,三元3.3g方白纯牛奶（250mL*24）,654,20097.49
2026-8-21,抖音,抖音,三元3.3g方白脱脂无菌砖(250ml*24),42,1147.26
2026-8-21,抖音,抖音,三元3.3g全脂纯牛奶无菌砖（200ml*24）卡皮巴拉,12,343.61
2026-8-21,抖音,抖音,三元北京纯牛奶全脂（250mL*10）,19,351.46
2026-8-21,抖音,抖音,三元纯牛奶足球礼盒（250ml*12）,178,3775.38
2026-8-21,抖音,抖音,体验装 200M单盒,22,26.46
2026-8-21,抖音,抖音,体验装 极全单盒,84,142.33
2026-8-21,抖音,抖音,听装三元畅倍益益生菌奶粉700g*6,96,0
2026-8-21,抖音,抖音,小方白卡皮巴拉脱脂纯牛奶（200mL*24）,2,47.72
2026-8-21,抖音,抖音,钻石装极致有机纯牛奶（200ml*10）,3,61.32
2026-8-21,京东,京东POP,250ml方巧(1*24),54,1731.38
2026-8-21,京东,京东POP,250ml舒释奶（全脂)(1*12),7,139.22
2026-8-21,京东,京东POP,250S极致娟姗纯牛奶250mL*12,6,130.79
2026-8-21,京东,京东POP,250S极致有机纯牛奶250mL*12,3,72.38
2026-8-21,京东,京东POP,常温版极致三代全脂纯牛奶,4,86.82
2026-8-21,京东,京东POP,极小智有机A2纯牛奶200mL*10,24,443.55
2026-8-21,京东,京东POP,极致高品质全脂纯牛奶（250ml*16）,48,1301.32
2026-8-21,京东,京东POP,极致三代低脂纯牛奶（250ml*12）,17,369.62
2026-8-21,京东,京东POP,极致A2精巧装200ml*10,87,1357.09
2026-8-21,京东,京东POP,简卡原味钻酸奶200g*10,3,66.01
2026-8-21,京东,京东POP,梦幻盖极致有机纯牛奶（250ml*12）,10,265.41
2026-8-21,京东,京东POP,梦幻盖极致A2纯牛奶250ml*12,6,189.78
2026-8-21,京东,京东POP,三元3.3g方白纯牛奶（250mL*24）,471,14473.88
2026-8-21,京东,京东POP,三元3.3g方白脱脂无菌砖(250ml*24),62,1693.57
2026-8-21,京东,京东POP,三元3.3g全脂纯牛奶无菌砖（200ml*24）卡皮巴拉,146,4180.53
2026-8-21,京东,京东POP,三元北京纯牛奶全脂（250mL*10）,14,258.97
2026-8-21,京东,京东POP,体验装 200M单盒,6,7.22
2026-8-21,京东,京东POP,钻石装极致有机纯牛奶（200ml*10）,96,1962.36
2026-8-21,拼多多,拼多多,250ml方巧(1*24),30,961.88
2026-8-21,拼多多,拼多多,250ml舒释奶（全脂)(1*12),21,417.66
2026-8-21,拼多多,拼多多,250S极致娟姗纯牛奶250mL*12,59,1286.09
2026-8-21,拼多多,拼多多,极小智有机A2纯牛奶200mL*10,2,36.96
2026-8-21,拼多多,拼多多,极致高品质全脂纯牛奶（250ml*16）,106,2873.74
2026-8-21,拼多多,拼多多,极致三代低脂纯牛奶（250ml*12）,4,86.97
2026-8-21,拼多多,拼多多,极致A2精巧装200ml*10,1,15.6
2026-8-21,拼多多,拼多多,简卡原味钻酸奶200g*10,3,66.01
2026-8-21,拼多多,拼多多,梦幻盖极致有机纯牛奶（250ml*12）,2,53.08
2026-8-21,拼多多,拼多多,梦幻盖极致A2纯牛奶250ml*12,4,126.52
2026-8-21,拼多多,拼多多,三元3.3g方白纯牛奶（250mL*24）,1971,60569.03
2026-8-21,拼多多,拼多多,三元3.3g方白脱脂无菌砖(250ml*24),181,4944.12
2026-8-21,拼多多,拼多多,三元北京纯牛奶全脂（250mL*10）,9,166.48
2026-8-21,拼多多,拼多多,体验装单盒方巧,72,96.19
2026-8-21,拼多多,拼多多,小方白卡皮巴拉脱脂纯牛奶（200mL*24）,53,1264.56
2026-8-21,拼多多,拼多多,钻石装极致有机纯牛奶（200ml*10）,4,81.77
2026-8-21,天猫,猫旗,250ml方巧(1*24),48,1539
2026-8-21,天猫,猫旗,250ml舒释奶（全脂)(1*12),7,139.22
2026-8-21,天猫,猫旗,250S极致娟姗纯牛奶250mL*12,31,675.74
2026-8-21,天猫,猫旗,250S极致有机纯牛奶250mL*12,2,48.25
2026-8-21,天猫,猫旗,芭芭农场纸箱,82,0
2026-8-21,天猫,猫旗,芭芭农场DM单,82,0
2026-8-21,天猫,猫旗,北京纯全脂拆单盒,60,110.99
2026-8-21,天猫,猫旗,常温版极致三代全脂纯牛奶,1,21.7
2026-8-21,天猫,猫旗,极小智有机A2纯牛奶200mL*10,8,147.85
2026-8-21,天猫,猫旗,极致高品质全脂纯牛奶（250ml*16）,70,1897.76
2026-8-21,天猫,猫旗,极致三代低脂纯牛奶（250ml*12）,31,674.02
2026-8-21,天猫,猫旗,极致A2精巧装200ml*10,15,233.98
2026-8-21,天猫,猫旗,简卡原味钻酸奶200g*10,12,264.04
2026-8-21,天猫,猫旗,梦幻盖极致有机纯牛奶（250ml*12）,17,451.2
2026-8-21,天猫,猫旗,梦幻盖极致A2纯牛奶250ml*12,2,63.26
2026-8-21,天猫,猫旗,三元3.3g方白纯牛奶（250mL*24）,929,28548.26
2026-8-21,天猫,猫旗,三元3.3g方白脱脂无菌砖(250ml*24),67,1830.15
2026-8-21,天猫,猫旗,三元3.3g全脂纯牛奶无菌砖（200ml*24）卡皮巴拉,28,801.75
2026-8-21,天猫,猫旗,三元北京纯牛奶全脂（250mL*10）,8,147.98
2026-8-21,天猫,猫旗,三元纯牛奶足球礼盒（250ml*12）,1,21.21
2026-8-21,天猫,猫旗,体验装 极致娟姗拆单盒,36,65.39
2026-8-21,天猫,猫旗,体验装 极致A2精巧单盒,540,1423.31
2026-8-21,天猫,猫旗,体验装 特品脱脂拆单盒,54,53.68
2026-8-21,天猫,猫旗,体验装 有机单盒,30,60.31
2026-8-21,天猫,猫旗,体验装单盒方巧,60,80.16
2026-8-21,天猫,猫旗,体验装单盒特品,198,240.6
2026-8-21,天猫,猫旗,小方白卡皮巴拉脱脂纯牛奶（200mL*24）,19,453.33
2026-8-21,小程序及其他,小程序及其他,250ml方巧(1*24),126,4039.88
2026-8-21,小程序及其他,小程序及其他,250ml舒释奶（全脂)(1*12),1,19.89
2026-8-21,小程序及其他,小程序及其他,250S极致有机纯牛奶250mL*12,10,241.26
2026-8-21,小程序及其他,小程序及其他,常温版极致三代全脂纯牛奶,18,390.67
2026-8-21,小程序及其他,小程序及其他,极小智有机A2纯牛奶200mL*10,2,36.96
2026-8-21,小程序及其他,小程序及其他,极致高品质全脂纯牛奶（250ml*16）,24,650.66
2026-8-21,小程序及其他,小程序及其他,极致三代低脂纯牛奶（250ml*12）,121,2630.84
2026-8-21,小程序及其他,小程序及其他,极致A2精巧装200ml*10,160,2495.79
2026-8-21,小程序及其他,小程序及其他,简卡原味钻酸奶200g*10,34,748.13
2026-8-21,小程序及其他,小程序及其他,梦幻盖极致有机纯牛奶（250ml*12）,5,132.7
2026-8-21,小程序及其他,小程序及其他,梦幻盖极致A2纯牛奶250ml*12,34,1075.39
2026-8-21,小程序及其他,小程序及其他,三元3.3g方白纯牛奶（250mL*24）,236,7252.3
2026-8-21,小程序及其他,小程序及其他,三元3.3g方白脱脂无菌砖(250ml*24),8,218.52
2026-8-21,小程序及其他,小程序及其他,三元3.3g全脂纯牛奶无菌砖（200ml*24）卡皮巴拉,5,143.17
2026-8-21,小程序及其他,小程序及其他,三元北京纯牛奶全脂（250mL*10）,19,351.46
2026-8-21,小程序及其他,小程序及其他,三元A2纯牛奶DS200ml*10,3,45.9
2026-8-21,小程序及其他,小程序及其他,钻石装极致有机纯牛奶（200ml*10）,32,654.12
2026-8-21,新零售,新零售,250S极致娟姗纯牛奶250mL*12,2,43.6
2026-8-21,新零售,新零售,极小智有机A2纯牛奶200mL*10,5,92.41
2026-8-21,新零售,新零售,极致高品质全脂纯牛奶（250ml*16）,4,108.44
2026-8-21,新零售,新零售,极致娟姗全脂苗条砖(250ml*12),27,0
2026-8-21,新零售,新零售,极致三代低脂纯牛奶（250ml*12）,3,65.23
2026-8-21,新零售,新零售,极致三代低脂无菌砖(250ml*12),100,0
2026-8-21,新零售,新零售,极致有机全脂梦幻盖(250ml*12),121,0
2026-8-21,新零售,新零售,极致有机全脂苗条砖(200ml*10),144,0
2026-8-21,新零售,新零售,极致A2β-酪蛋白全脂无菌砖(200ml*10),30,0
2026-8-21,新零售,新零售,梦幻盖极致有机纯牛奶（250ml*12）,1,26.54
2026-8-21,新零售,新零售,三元3.3g方白纯牛奶（250mL*24）,22,676.06
2026-8-21,新零售,新零售,三元3.3g方白纯牛奶（250mL*24）日常版,4357,0
2026-8-21,新零售,新零售,三元3.3g方白脱脂无菌砖(250ml*24),17,464.37
2026-8-21,新零售,新零售,三元3.3g全脂纯牛奶无菌砖（200ml*24）卡皮巴拉,7,200.44
2026-8-21,新零售,新零售,三元巧克力全脂无菌砖（250ml*24）,16,0
2026-8-22,抖音,抖音,250ml方巧(1*24),195,6252.19
2026-8-22,抖音,抖音,250ml舒释奶（全脂)(1*12),1,19.89
2026-8-22,抖音,抖音,250S极致娟姗纯牛奶250mL*12,207,4512.21
2026-8-22,抖音,抖音,常温版极致三代全脂纯牛奶,3,65.11
2026-8-22,抖音,抖音,极小智有机A2纯牛奶200mL*10,5,92.41
2026-8-22,抖音,抖音,极致高品质全脂纯牛奶（250ml*16）,1588,43051.95
2026-8-22,抖音,抖音,极致三代低脂纯牛奶（250ml*12）,8,173.94
2026-8-22,抖音,抖音,极致A2精巧装200ml*10,235,3665.69
2026-8-22,抖音,抖音,梦幻盖极致有机纯牛奶（250ml*12）,12,318.49
2026-8-22,抖音,抖音,三元3.3g方白纯牛奶（250mL*24）,557,17116.67
2026-8-22,抖音,抖音,三元3.3g方白脱脂无菌砖(250ml*24),33,901.41
2026-8-22,抖音,抖音,三元3.3g全脂纯牛奶无菌砖（200ml*24）卡皮巴拉,19,544.04
2026-8-22,抖音,抖音,三元北京纯牛奶全脂（250mL*10）,10,184.98
2026-8-22,抖音,抖音,三元纯牛奶足球礼盒（250ml*12）,222,4708.62
2026-8-22,抖音,抖音,体验装 极全单盒,106,179.61
2026-8-22,抖音,抖音,听装三元畅倍益益生菌奶粉700g*6,87,0
2026-8-22,抖音,抖音,小方白卡皮巴拉脱脂纯牛奶（200mL*24）,15,357.9
2026-8-22,抖音,抖音,钻石装极致有机纯牛奶（200ml*10）,9,183.97
2026-8-22,京东,京东POP,250ml方巧(1*24),40,1282.5
2026-8-22,京东,京东POP,250ml舒释奶（全脂)(1*12),22,437.55
2026-8-22,京东,京东POP,250S极致娟姗纯牛奶250mL*12,7,152.59
2026-8-22,京东,京东POP,常温版极致三代全脂纯牛奶,5,108.52
2026-8-22,京东,京东POP,极小智有机A2纯牛奶200mL*10,21,388.11
2026-8-22,京东,京东POP,极致高品质全脂纯牛奶（250ml*16）,141,3822.62
2026-8-22,京东,京东POP,极致三代低脂纯牛奶（250ml*12）,21,456.59
2026-8-22,京东,京东POP,极致A2精巧装200ml*10,103,1606.67
2026-8-22,京东,京东POP,简卡原味钻酸奶200g*10,1,22
2026-8-22,京东,京东POP,梦幻盖极致有机纯牛奶（250ml*12）,8,212.33
2026-8-22,京东,京东POP,梦幻盖极致A2纯牛奶250ml*12,6,189.78
2026-8-22,京东,京东POP,三元3.3g方白纯牛奶（250mL*24）,314,9649.25
2026-8-22,京东,京东POP,三元3.3g方白脱脂无菌砖(250ml*24),75,2048.67
2026-8-22,京东,京东POP,三元3.3g全脂纯牛奶无菌砖（200ml*24）卡皮巴拉,118,3378.79
2026-8-22,京东,京东POP,三元北京纯牛奶全脂（250mL*10）,10,184.98
2026-8-22,京东,京东POP,三元纯牛奶足球礼盒（250ml*12）,3,63.63
2026-8-22,京东,京东POP,钻石装极致有机纯牛奶（200ml*10）,108,2207.66
2026-8-22,拼多多,拼多多,250ml方巧(1*24),31,993.94
2026-8-22,拼多多,拼多多,250ml舒释奶（全脂)(1*12),15,298.33
2026-8-22,拼多多,拼多多,250S极致娟姗纯牛奶250mL*12,137,2986.34
2026-8-22,拼多多,拼多多,极小智有机A2纯牛奶200mL*10,14,258.74
2026-8-22,拼多多,拼多多,极致高品质全脂纯牛奶（250ml*16）,100,2711.08
2026-8-22,拼多多,拼多多,极致三代低脂纯牛奶（250ml*12）,8,173.94
2026-8-22,拼多多,拼多多,极致A2精巧装200ml*10,4,62.39
2026-8-22,拼多多,拼多多,简卡原味钻酸奶200g*10,2,44.01
2026-8-22,拼多多,拼多多,梦幻盖极致有机纯牛奶（250ml*12）,8,212.33
2026-8-22,拼多多,拼多多,梦幻盖极致A2纯牛奶250ml*12,4,126.52
2026-8-22,拼多多,拼多多,三元3.3g方白纯牛奶（250mL*24）,1186,36445.9
2026-8-22,拼多多,拼多多,三元3.3g方白脱脂无菌砖(250ml*24),405,11062.82
2026-8-22,拼多多,拼多多,三元北京纯牛奶全脂（250mL*10）,3,55.49
2026-8-22,拼多多,拼多多,三元纯牛奶足球礼盒（250ml*12）,15,318.15
2026-8-22,拼多多,拼多多,体验装单盒方巧,104,138.94
2026-8-22,拼多多,拼多多,小方白卡皮巴拉脱脂纯牛奶（200mL*24）,39,930.53
2026-8-22,天猫,猫超,冰岛式酸奶（200g*24）,100,4483.66
2026-8-22,天猫,猫超,极致极小智有机A2全脂苗条砖(200ml*10),300,0
2026-8-22,天猫,猫超,极致娟姗全脂苗条砖(250ml*12),200,0
2026-8-22,天猫,猫超,极致三代低脂无菌砖(250ml*12),5,0
2026-8-22,天猫,猫超,极致A2β-酪蛋白全脂无菌砖(200ml*10),300,0
2026-8-22,天猫,猫超,三元3.3g方白纯牛奶（250mL*24）日常版,1000,0
2026-8-22,天猫,猫超,三元3.3g方白脱脂无菌砖(250ml*24),100,2731.56
2026-8-22,天猫,猫超,三元纯牛奶足球礼盒（250ml*12）,4,84.84
2026-8-22,天猫,猫旗,250ml方巧(1*24),55,1763.44
2026-8-22,天猫,猫旗,250ml舒释奶（全脂)(1*12),10,198.89
2026-8-22,天猫,猫旗,250S极致娟姗纯牛奶250mL*12,25,544.95
2026-8-22,天猫,猫旗,250S极致有机纯牛奶250mL*12,2,48.25
2026-8-22,天猫,猫旗,芭芭农场纸箱,85,0
2026-8-22,天猫,猫旗,芭芭农场DM单,85,0
2026-8-22,天猫,猫旗,北京纯全脂拆单盒,54,99.89
2026-8-22,天猫,猫旗,常温版极致三代全脂纯牛奶,2,43.41
2026-8-22,天猫,猫旗,极小智有机A2纯牛奶200mL*10,6,110.89
2026-8-22,天猫,猫旗,极致高品质全脂纯牛奶（250ml*16）,69,1870.65
2026-8-22,天猫,猫旗,极致三代低脂纯牛奶（250ml*12）,41,891.44
2026-8-22,天猫,猫旗,极致A2精巧装200ml*10,15,233.98
2026-8-22,天猫,猫旗,简卡原味钻酸奶200g*10,13,286.05
2026-8-22,天猫,猫旗,梦幻盖极致有机纯牛奶（250ml*12）,10,265.41
2026-8-22,天猫,猫旗,梦幻盖极致A2纯牛奶250ml*12,1,31.63
2026-8-22,天猫,猫旗,三元3.3g方白纯牛奶（250mL*24）,738,22678.81
2026-8-22,天猫,猫旗,三元3.3g方白脱脂无菌砖(250ml*24),77,2103.3
2026-8-22,天猫,猫旗,三元3.3g全脂纯牛奶无菌砖（200ml*24）卡皮巴拉,13,372.24
2026-8-22,天猫,猫旗,三元北京纯牛奶全脂（250mL*10）,4,73.99
2026-8-22,天猫,猫旗,三元纯牛奶足球礼盒（250ml*12）,3,63.63
2026-8-22,天猫,猫旗,体验装 极致A2精巧单盒,552,1454.94
2026-8-22,天猫,猫旗,体验装 特品脱脂拆单盒,24,23.86
2026-8-22,天猫,猫旗,体验装 有机单盒,42,84.44
2026-8-22,天猫,猫旗,体验装单盒方巧,24,32.06
2026-8-22,天猫,猫旗,体验装单盒特品,156,189.56
2026-8-22,天猫,猫旗,小方白卡皮巴拉脱脂纯牛奶（200mL*24）,5,119.3
2026-8-22,小程序及其他,小程序及其他,250ml方巧(1*24),48,1539
2026-8-22,小程序及其他,小程序及其他,250ml舒释奶（全脂)(1*12),1,19.89
2026-8-22,小程序及其他,小程序及其他,250S极致有机纯牛奶250mL*12,8,193.01
2026-8-22,小程序及其他,小程序及其他,常温版极致三代全脂纯牛奶,30,651.12
2026-8-22,小程序及其他,小程序及其他,极小智有机A2纯牛奶200mL*10,3,55.44
2026-8-22,小程序及其他,小程序及其他,极致高品质全脂纯牛奶（250ml*16）,14,379.55
2026-8-22,小程序及其他,小程序及其他,极致三代低脂纯牛奶（250ml*12）,86,1869.86
2026-8-22,小程序及其他,小程序及其他,极致A2精巧装200ml*10,90,1403.88
2026-8-22,小程序及其他,小程序及其他,简卡原味钻酸奶200g*10,21,462.08
2026-8-22,小程序及其他,小程序及其他,梦幻盖极致有机纯牛奶（250ml*12）,3,79.62
2026-8-22,小程序及其他,小程序及其他,梦幻盖极致A2纯牛奶250ml*12,20,632.58
2026-8-22,小程序及其他,小程序及其他,三元3.3g方白纯牛奶（250mL*24）,229,7037.19
2026-8-22,小程序及其他,小程序及其他,三元3.3g方白脱脂无菌砖(250ml*24),8,218.52
2026-8-22,小程序及其他,小程序及其他,三元3.3g全脂纯牛奶无菌砖（200ml*24）卡皮巴拉,4,114.54
2026-8-22,小程序及其他,小程序及其他,三元北京纯牛奶全脂（250mL*10）,21,388.45
2026-8-22,小程序及其他,小程序及其他,三元A2纯牛奶DS200ml*10,4,61.2
2026-8-22,小程序及其他,小程序及其他,小方白卡皮巴拉脱脂纯牛奶（200mL*24）,1,23.86
2026-8-22,小程序及其他,小程序及其他,钻石装极致有机纯牛奶（200ml*10）,30,613.24
2026-8-22,新零售,新零售,极致高品质全脂纯牛奶（250ml*16）,164,4446.17
2026-8-22,新零售,新零售,极致三代低脂纯牛奶（250ml*12）,4,86.97
2026-8-22,新零售,新零售,极致三代低脂无菌砖(250ml*12),308,0
2026-8-22,新零售,新零售,极致三代全脂无菌砖（250ml*12）,156,0
2026-8-22,新零售,新零售,极致有机全脂梦幻盖(250ml*12),2956,0
2026-8-22,新零售,新零售,极致有机全脂苗条砖(200ml*10),2946,0
2026-8-22,新零售,新零售,极致A2β-酪蛋白全脂无菌砖(200ml*10),360,0
2026-8-22,新零售,新零售,梦幻盖极致有机纯牛奶（250ml*12）,1,26.54
2026-8-22,新零售,新零售,三元3.2g小方枕全脂利乐枕-电商(227ml*16),2408,48867.95
2026-8-22,新零售,新零售,三元3.3g方白纯牛奶（250mL*24）,10,307.3
2026-8-22,新零售,新零售,三元3.3g方白纯牛奶（250mL*24）日常版,166,0
2026-8-22,新零售,新零售,三元3.3g方白脱脂无菌砖(250ml*24),9,245.84
2026-8-22,新零售,新零售,三元3.3g全脂纯牛奶无菌砖（200ml*24）卡皮巴拉,2558,73245.26
2026-8-22,新零售,新零售,三元高钙全脂无菌砖(250ml*20),64,0
2026-8-22,新零售,新零售,三元简卡全脂砖石包(200g*10),180,0
2026-8-22,新零售,新零售,三元巧克力全脂无菌砖（250ml*24）,31,0
2026-8-23,抖音,抖音,250ml方巧(1*24),286,9169.88
2026-8-23,抖音,抖音,250S极致娟姗纯牛奶250mL*12,102,2223.41
2026-8-23,抖音,抖音,常温版极致三代全脂纯牛奶,4,86.82
2026-8-23,抖音,抖音,极小智有机A2纯牛奶200mL*10,6,110.89
2026-8-23,抖音,抖音,极致高品质全脂纯牛奶（250ml*16）,661,17920.24
2026-8-23,抖音,抖音,极致三代低脂纯牛奶（250ml*12）,29,630.53
2026-8-23,抖音,抖音,极致A2精巧装200ml*10,253,3946.47
2026-8-23,抖音,抖音,简卡原味钻酸奶200g*10,2,44.01
2026-8-23,抖音,抖音,梦幻盖极致有机纯牛奶（250ml*12）,6,159.25
2026-8-23,抖音,抖音,三元3.3g方白纯牛奶（250mL*24）,643,19759.45
2026-8-23,抖音,抖音,三元3.3g方白脱脂无菌砖(250ml*24),37,1010.68
2026-8-23,抖音,抖音,三元3.3g全脂纯牛奶无菌砖（200ml*24）卡皮巴拉,17,486.77
2026-8-23,抖音,抖音,三元北京纯牛奶全脂（250mL*10）,21,388.45
2026-8-23,抖音,抖音,三元纯牛奶足球礼盒（250ml*12）,266,5641.86
2026-8-23,抖音,抖音,体验装 极全单盒,102,172.83
2026-8-23,抖音,抖音,听装三元畅倍益益生菌奶粉700g*6,103,0
2026-8-23,抖音,抖音,小方白卡皮巴拉脱脂纯牛奶（200mL*24）,11,262.46
2026-8-23,抖音,抖音,钻石装极致有机纯牛奶（200ml*10）,12,245.3
2026-8-23,京东,京东自营,冰岛式酸奶（200g*24）,1924,86265.62
2026-8-23,京东,京东自营,极致4.0高蛋白纯牛奶250mL*24,495,25772.32
2026-8-23,京东,京东自营,极致高品质全脂纯牛奶（250ml*16）,6540,177304.63
2026-8-23,京东,京东自营,极致极小智有机A2全脂苗条砖(200ml*10),2136,0
2026-8-23,京东,京东自营,极致三代低脂无菌砖(250ml*12),1392,0
2026-8-23,京东,京东自营,极致三代全脂无菌砖（250ml*12）,820,0
2026-8-23,京东,京东自营,极致有机低脂纯牛奶（200ml*21）,2654,102602.84
2026-8-23,京东,京东自营,极致有机全脂梦幻盖(250ml*12),452,0
2026-8-23,京东,京东自营,极致有机全脂苗条砖(250ml*12),744,0
2026-8-23,京东,京东自营,极致A2精巧装16入,1220,29121.4
2026-8-23,京东,京东自营,极致A2β-酪蛋白全脂无菌砖(200ml*10),3954,0
2026-8-23,京东,京东自营,梦幻盖极致娟姗纯牛奶（250ml*10）,3733,99723.74
2026-8-23,京东,京东自营,三元3.3g方白纯牛奶（250mL*24）日常版,4676,0
2026-8-23,京东,京东自营,三元3.3g方白脱脂无菌砖(250ml*24),3788,103471.49
2026-8-23,京东,京东自营,三元3.3g全脂纯牛奶无菌砖（200ml*24）卡皮巴拉,2068,59214.7
2026-8-23,京东,京东自营,三元高钙全脂无菌砖(250ml*20),2949,0
2026-8-23,京东,京东自营,三元简卡全脂砖石包(200g*10),188,0
2026-8-23,京东,京东自营,三元巧克力全脂无菌砖（250ml*24）,856,0
2026-8-23,京东,京东自营,小方白卡皮巴拉低脂高钙牛奶（200mL*24）,160,4211.14
2026-8-23,京东,京东自营,小方白卡皮巴拉脱脂纯牛奶（200mL*24）,109,2600.71
2026-8-23,京东,京东自营,钻石包极致有机纯牛奶（200ml*21）,7484,271354.12
2026-8-23,京东,京东POP,250ml方巧(1*24),32,1026
2026-8-23,京东,京东POP,250ml舒释奶（全脂)(1*12),27,536.99
2026-8-23,京东,京东POP,250S极致娟姗纯牛奶250mL*12,7,152.59
2026-8-23,京东,京东POP,250S极致有机纯牛奶250mL*12,2,48.25
2026-8-23,京东,京东POP,极小智有机A2纯牛奶200mL*10,28,517.48
2026-8-23,京东,京东POP,极致高品质全脂纯牛奶（250ml*16）,78,2114.64
2026-8-23,京东,京东POP,极致三代低脂纯牛奶（250ml*12）,9,195.68
2026-8-23,京东,京东POP,极致A2精巧装200ml*10,90,1403.88
2026-8-23,京东,京东POP,简卡原味钻酸奶200g*10,1,22
2026-8-23,京东,京东POP,梦幻盖极致有机纯牛奶（250ml*12）,9,238.87
2026-8-23,京东,京东POP,三元3.3g方白纯牛奶（250mL*24）,429,13183.21
2026-8-23,京东,京东POP,三元3.3g方白脱脂无菌砖(250ml*24),76,2075.99
2026-8-23,京东,京东POP,三元3.3g全脂纯牛奶无菌砖（200ml*24）卡皮巴拉,167,4781.84
2026-8-23,京东,京东POP,三元北京纯牛奶全脂（250mL*10）,9,166.48
2026-8-23,京东,京东POP,三元纯牛奶足球礼盒（250ml*12）,2,42.42
2026-8-23,京东,京东POP,体验装 极全单盒,3,5.08
2026-8-23,京东,京东POP,体验装单盒方巧,4,5.34
2026-8-23,京东,京东POP,钻石装极致有机纯牛奶（200ml*10）,82,1676.19
2026-8-23,拼多多,拼多多,250ml方巧(1*24),11,352.69
2026-8-23,拼多多,拼多多,250ml舒释奶（全脂)(1*12),20,397.77
2026-8-23,拼多多,拼多多,250S极致娟姗纯牛奶250mL*12,36,784.73
2026-8-23,拼多多,拼多多,极小智有机A2纯牛奶200mL*10,2,36.96
2026-8-23,拼多多,拼多多,极致高品质全脂纯牛奶（250ml*16）,84,2277.31
2026-8-23,拼多多,拼多多,极致三代低脂纯牛奶（250ml*12）,14,304.4
2026-8-23,拼多多,拼多多,极致A2精巧装200ml*10,11,171.59
2026-8-23,拼多多,拼多多,简卡原味钻酸奶200g*10,3,66.01
2026-8-23,拼多多,拼多多,梦幻盖极致有机纯牛奶（250ml*12）,6,159.25
2026-8-23,拼多多,拼多多,三元3.3g方白纯牛奶（250mL*24）,1102,33864.57
2026-8-23,拼多多,拼多多,三元3.3g方白脱脂无菌砖(250ml*24),370,10106.77
2026-8-23,拼多多,拼多多,三元纯牛奶足球礼盒（250ml*12）,6,127.26
2026-8-23,拼多多,拼多多,体验装单盒方巧,56,74.81
2026-8-23,拼多多,拼多多,小方白卡皮巴拉脱脂纯牛奶（200mL*24）,60,1431.58
2026-8-23,拼多多,拼多多,钻石装极致有机纯牛奶（200ml*10）,6,122.65
2026-8-23,天猫,猫旗,250ml方巧(1*24),54,1731.38
2026-8-23,天猫,猫旗,250ml舒释奶（全脂)(1*12),18,358
2026-8-23,天猫,猫旗,250S极致娟姗纯牛奶250mL*12,28,610.35
2026-8-23,天猫,猫旗,250S极致有机纯牛奶250mL*12,4,96.5
2026-8-23,天猫,猫旗,芭芭农场纸箱,54,0
2026-8-23,天猫,猫旗,芭芭农场DM单,54,0
2026-8-23,天猫,猫旗,北京纯全脂拆单盒,72,133.18
2026-8-23,天猫,猫旗,常温版极致三代全脂纯牛奶,5,108.52
2026-8-23,天猫,猫旗,极小智有机A2纯牛奶200mL*10,16,295.7
2026-8-23,天猫,猫旗,极致高品质全脂纯牛奶（250ml*16）,55,1491.09
2026-8-23,天猫,猫旗,极致三代低脂纯牛奶（250ml*12）,41,891.44
2026-8-23,天猫,猫旗,极致A2精巧装200ml*10,44,686.34
2026-8-23,天猫,猫旗,简卡原味钻酸奶200g*10,7,154.03
2026-8-23,天猫,猫旗,梦幻盖极致有机纯牛奶（250ml*12）,19,504.28
2026-8-23,天猫,猫旗,三元3.3g方白纯牛奶（250mL*24）,643,19759.45
2026-8-23,天猫,猫旗,三元3.3g方白脱脂无菌砖(250ml*24),77,2103.3
2026-8-23,天猫,猫旗,三元3.3g全脂纯牛奶无菌砖（200ml*24）卡皮巴拉,14,400.87
2026-8-23,天猫,猫旗,三元北京纯牛奶全脂（250mL*10）,8,147.98
2026-8-23,天猫,猫旗,三元纯牛奶足球礼盒（250ml*12）,1,21.21
2026-8-23,天猫,猫旗,体验装 极致娟姗拆单盒,78,141.69
2026-8-23,天猫,猫旗,体验装 极致A2精巧单盒,342,901.43
2026-8-23,天猫,猫旗,体验装 特品脱脂拆单盒,12,11.93
2026-8-23,天猫,猫旗,体验装 有机单盒,6,12.06
2026-8-23,天猫,猫旗,体验装单盒方巧,54,72.14
2026-8-23,天猫,猫旗,体验装单盒特品,66,80.2
2026-8-23,天猫,猫旗,小方白卡皮巴拉脱脂纯牛奶（200mL*24）,11,262.46
2026-8-23,小程序及其他,小程序及其他,250ml方巧(1*24),140,4488.75
2026-8-23,小程序及其他,小程序及其他,250ml舒释奶（全脂)(1*12),9,179
2026-8-23,小程序及其他,小程序及其他,250S极致有机纯牛奶250mL*12,11,265.38
2026-8-23,小程序及其他,小程序及其他,常温版极致三代全脂纯牛奶,21,455.78
2026-8-23,小程序及其他,小程序及其他,极小智有机A2纯牛奶200mL*10,2,36.96
2026-8-23,小程序及其他,小程序及其他,极致高品质全脂纯牛奶（250ml*16）,18,487.99
2026-8-23,小程序及其他,小程序及其他,极致三代低脂纯牛奶（250ml*12）,142,3087.44
2026-8-23,小程序及其他,小程序及其他,极致A2精巧装200ml*10,124,1934.24
2026-8-23,小程序及其他,小程序及其他,简卡原味钻酸奶200g*10,16,352.06
2026-8-23,小程序及其他,小程序及其他,梦幻盖极致有机纯牛奶（250ml*12）,1,26.54
2026-8-23,小程序及其他,小程序及其他,梦幻盖极致A2纯牛奶250ml*12,26,822.36
2026-8-23,小程序及其他,小程序及其他,三元3.3g方白纯牛奶（250mL*24）,231,7098.65
2026-8-23,小程序及其他,小程序及其他,三元3.3g方白脱脂无菌砖(250ml*24),9,245.84
2026-8-23,小程序及其他,小程序及其他,三元3.3g全脂纯牛奶无菌砖（200ml*24）卡皮巴拉,5,143.17
2026-8-23,小程序及其他,小程序及其他,三元北京纯牛奶全脂（250mL*10）,11,203.48
2026-8-23,小程序及其他,小程序及其他,三元A2纯牛奶DS200ml*10,4,61.2
2026-8-23,小程序及其他,小程序及其他,小方白卡皮巴拉脱脂纯牛奶（200mL*24）,4,95.44
2026-8-23,小程序及其他,小程序及其他,钻石装极致有机纯牛奶（200ml*10）,13,265.74
2026-8-23,新零售,新零售,极致三代低脂纯牛奶（250ml*12）,2,43.49
2026-8-23,新零售,新零售,梦幻盖极致有机纯牛奶（250ml*12）,3,79.62
2026-8-23,新零售,新零售,三元3.2g小方枕全脂利乐枕-电商(227ml*16),45,913.23
2026-8-23,新零售,新零售,三元3.3g方白纯牛奶（250mL*24）,9,276.57
2026-8-23,新零售,新零售,三元3.3g方白纯牛奶（250mL*24）日常版,400,0
2026-8-23,新零售,新零售,三元3.3g方白脱脂无菌砖(250ml*24),5,136.58
2026-8-24,抖音,抖音,250ml方巧(1*24),246,7887.38
2026-8-24,抖音,抖音,250ml舒释奶（全脂)(1*12),3,59.67
2026-8-24,抖音,抖音,250S极致娟姗纯牛奶250mL*12,237,5166.15
2026-8-24,抖音,抖音,常温版极致三代全脂纯牛奶,9,195.34
2026-8-24,抖音,抖音,极小智有机A2纯牛奶200mL*10,4,73.93
2026-8-24,抖音,抖音,极致高品质全脂纯牛奶（250ml*16）,1625,44055.05
2026-8-24,抖音,抖音,极致三代低脂纯牛奶（250ml*12）,14,304.4
2026-8-24,抖音,抖音,极致A2精巧装200ml*10,224,3494.11
2026-8-24,抖音,抖音,简卡原味钻酸奶200g*10,1,22
2026-8-24,抖音,抖音,梦幻盖极致有机纯牛奶（250ml*12）,12,318.49
2026-8-24,抖音,抖音,三元3.3g方白纯牛奶（250mL*24）,1234,37920.94
2026-8-24,抖音,抖音,三元3.3g方白脱脂无菌砖(250ml*24),48,1311.15
2026-8-24,抖音,抖音,三元3.3g全脂纯牛奶无菌砖（200ml*24）卡皮巴拉,9,257.7
2026-8-24,抖音,抖音,三元北京纯牛奶全脂（250mL*10）,34,628.93
2026-8-24,抖音,抖音,三元纯牛奶足球礼盒（250ml*12）,105,2227.05
2026-8-24,抖音,抖音,体验装 极全单盒,96,162.66
2026-8-24,抖音,抖音,听装三元畅倍益益生菌奶粉700g*6,157,0
2026-8-24,抖音,抖音,小方白卡皮巴拉脱脂纯牛奶（200mL*24）,2,47.72
2026-8-24,抖音,抖音,钻石装极致有机纯牛奶（200ml*10）,12,245.3
2026-8-24,京东,京东自营,极致A2β-酪蛋白全脂梦幻盖(250ml*12),600,0
2026-8-24,京东,京东自营,三元纯牛奶足球礼盒（250ml*12）,60,1272.6
2026-8-24,京东,京东POP,250ml方巧(1*24),49,1571.06
2026-8-24,京东,京东POP,250ml舒释奶（全脂)(1*12),17,338.11
2026-8-24,京东,京东POP,250S极致娟姗纯牛奶250mL*12,12,261.58
2026-8-24,京东,京东POP,250S极致有机纯牛奶250mL*12,1,24.13
2026-8-24,京东,京东POP,极小智有机A2纯牛奶200mL*10,37,683.81
2026-8-24,京东,京东POP,极致高品质全脂纯牛奶（250ml*16）,107,2900.86
2026-8-24,京东,京东POP,极致三代低脂纯牛奶（250ml*12）,16,347.88
2026-8-24,京东,京东POP,极致A2精巧装200ml*10,110,1715.86
2026-8-24,京东,京东POP,简卡原味钻酸奶200g*10,3,66.01
2026-8-24,京东,京东POP,梦幻盖极致有机纯牛奶（250ml*12）,8,212.33
2026-8-24,京东,京东POP,梦幻盖极致A2纯牛奶250ml*12,7,221.4
2026-8-24,京东,京东POP,三元3.3g方白纯牛奶（250mL*24）,443,13613.43
2026-8-24,京东,京东POP,三元3.3g方白脱脂无菌砖(250ml*24),85,2321.83
2026-8-24,京东,京东POP,三元3.3g全脂纯牛奶无菌砖（200ml*24）卡皮巴拉,174,4982.28
2026-8-24,京东,京东POP,三元北京纯牛奶全脂（250mL*10）,1,18.5
2026-8-24,京东,京东POP,三元纯牛奶足球礼盒（250ml*12）,4,84.84
2026-8-24,京东,京东POP,体验装 极小智单盒,3,5.54
2026-8-24,京东,京东POP,钻石装极致有机纯牛奶（200ml*10）,123,2514.28
2026-8-24,拼多多,拼多多,250ml方巧(1*24),26,833.63
2026-8-24,拼多多,拼多多,250ml舒释奶（全脂)(1*12),29,576.77
2026-8-24,拼多多,拼多多,250S极致娟姗纯牛奶250mL*12,21,457.76
2026-8-24,拼多多,拼多多,极小智有机A2纯牛奶200mL*10,5,92.41
2026-8-24,拼多多,拼多多,极致高品质全脂纯牛奶（250ml*16）,96,2602.64
2026-8-24,拼多多,拼多多,极致三代低脂纯牛奶（250ml*12）,20,434.85
2026-8-24,拼多多,拼多多,极致A2精巧装200ml*10,7,109.19
2026-8-24,拼多多,拼多多,梦幻盖极致有机纯牛奶（250ml*12）,10,265.41
2026-8-24,拼多多,拼多多,梦幻盖极致A2纯牛奶250ml*12,8,253.03
2026-8-24,拼多多,拼多多,三元3.3g方白纯牛奶（250mL*24）,2455,75442.4
2026-8-24,拼多多,拼多多,三元3.3g方白脱脂无菌砖(250ml*24),561,15324.05
2026-8-24,拼多多,拼多多,三元北京纯牛奶全脂（250mL*10）,6,110.99
2026-8-24,拼多多,拼多多,三元纯牛奶足球礼盒（250ml*12）,3,63.63
2026-8-24,拼多多,拼多多,体验装单盒方巧,80,106.88
2026-8-24,拼多多,拼多多,小方白卡皮巴拉脱脂纯牛奶（200mL*24）,73,1741.76
2026-8-24,拼多多,拼多多,钻石装极致有机纯牛奶（200ml*10）,22,449.71
2026-8-24,天猫,猫旗,250ml方巧(1*24),51,1635.19
2026-8-24,天猫,猫旗,250ml舒释奶（全脂)(1*12),17,338.11
2026-8-24,天猫,猫旗,250S极致娟姗纯牛奶250mL*12,33,719.34
2026-8-24,天猫,猫旗,250S极致有机纯牛奶250mL*12,5,120.63
2026-8-24,天猫,猫旗,芭芭农场纸箱,25,0
2026-8-24,天猫,猫旗,芭芭农场DM单,25,0
2026-8-24,天猫,猫旗,北京纯全脂拆单盒,48,88.79
2026-8-24,天猫,猫旗,常温版极致三代全脂纯牛奶,3,65.11
2026-8-24,天猫,猫旗,极小智有机A2纯牛奶200mL*10,12,221.78
2026-8-24,天猫,猫旗,极致高品质全脂纯牛奶（250ml*16）,79,2141.75
2026-8-24,天猫,猫旗,极致三代低脂纯牛奶（250ml*12）,29,630.53
2026-8-24,天猫,猫旗,极致A2精巧装200ml*10,23,358.77
2026-8-24,天猫,猫旗,简卡原味钻酸奶200g*10,10,220.04
2026-8-24,天猫,猫旗,梦幻盖极致有机纯牛奶（250ml*12）,11,291.95
2026-8-24,天猫,猫旗,梦幻盖极致A2纯牛奶250ml*12,1,31.63
2026-8-24,天猫,猫旗,三元3.3g方白纯牛奶（250mL*24）,714,21941.29
2026-8-24,天猫,猫旗,三元3.3g方白脱脂无菌砖(250ml*24),87,2376.46
2026-8-24,天猫,猫旗,三元3.3g全脂纯牛奶无菌砖（200ml*24）卡皮巴拉,21,601.31
2026-8-24,天猫,猫旗,三元北京纯牛奶全脂（250mL*10）,6,110.99
2026-8-24,天猫,猫旗,三元纯牛奶足球礼盒（250ml*12）,6,127.26
2026-8-24,天猫,猫旗,体验装 极致娟姗拆单盒,54,98.09
2026-8-24,天猫,猫旗,体验装 极致A2精巧单盒,168,442.81
2026-8-24,天猫,猫旗,体验装 特品脱脂拆单盒,18,17.89
2026-8-24,天猫,猫旗,体验装 有机单盒,24,48.25
2026-8-24,天猫,猫旗,体验装单盒方巧,36,48.09
2026-8-24,天猫,猫旗,体验装单盒特品,186,226.02
2026-8-24,天猫,猫旗,小方白卡皮巴拉脱脂纯牛奶（200mL*24）,6,143.16
2026-8-24,天猫,猫旗,钻石装极致有机纯牛奶（200ml*10）,1,20.44
2026-8-24,小程序及其他,小程序及其他,250ml方巧(1*24),107,3430.69
2026-8-24,小程序及其他,小程序及其他,250ml舒释奶（全脂)(1*12),5,99.44
2026-8-24,小程序及其他,小程序及其他,250S极致有机纯牛奶250mL*12,6,144.75
2026-8-24,小程序及其他,小程序及其他,常温版极致三代全脂纯牛奶,31,672.82
2026-8-24,小程序及其他,小程序及其他,极小智有机A2纯牛奶200mL*10,6,110.89
2026-8-24,小程序及其他,小程序及其他,极致高品质全脂纯牛奶（250ml*16）,21,569.33
2026-8-24,小程序及其他,小程序及其他,极致三代低脂纯牛奶（250ml*12）,123,2674.33
2026-8-24,小程序及其他,小程序及其他,极致A2精巧装200ml*10,180,2807.77
2026-8-24,小程序及其他,小程序及其他,简卡原味钻酸奶200g*10,39,858.14
2026-8-24,小程序及其他,小程序及其他,梦幻盖极致有机纯牛奶（250ml*12）,1,26.54
2026-8-24,小程序及其他,小程序及其他,梦幻盖极致A2纯牛奶250ml*12,22,695.84
2026-8-24,小程序及其他,小程序及其他,三元3.3g方白纯牛奶（250mL*24）,220,6760.62
2026-8-24,小程序及其他,小程序及其他,三元3.3g方白脱脂无菌砖(250ml*24),8,218.52
2026-8-24,小程序及其他,小程序及其他,三元3.3g全脂纯牛奶无菌砖（200ml*24）卡皮巴拉,1,28.63
2026-8-24,小程序及其他,小程序及其他,三元北京纯牛奶全脂（250mL*10）,25,462.45
2026-8-24,小程序及其他,小程序及其他,三元A2纯牛奶DS200ml*10,5,76.5
2026-8-24,小程序及其他,小程序及其他,小方白卡皮巴拉脱脂纯牛奶（200mL*24）,4,95.44
2026-8-24,小程序及其他,小程序及其他,钻石装极致有机纯牛奶（200ml*10）,58,1185.6
2026-8-24,新零售,新零售,极小智有机A2纯牛奶200mL*10,2,36.96
2026-8-24,新零售,新零售,极致高品质全脂纯牛奶（250ml*16）,4,108.44
2026-8-24,新零售,新零售,极致三代低脂纯牛奶（250ml*12）,3,65.23
2026-8-24,新零售,新零售,梦幻盖极致有机纯牛奶（250ml*12）,4,106.16
2026-8-24,新零售,新零售,三元3.3g方白纯牛奶（250mL*24）,6,184.38
2026-8-24,新零售,新零售,三元3.3g方白脱脂无菌砖(250ml*24),6,163.89
2026-8-25,抖音,抖音,250ml方巧(1*24),341,10933.31
2026-8-25,抖音,抖音,250S极致娟姗纯牛奶250mL*12,147,3204.32
2026-8-25,抖音,抖音,常温版极致三代全脂纯牛奶,6,130.22
2026-8-25,抖音,抖音,极小智有机A2纯牛奶200mL*10,5,92.41
2026-8-25,抖音,抖音,极致高品质全脂纯牛奶（250ml*16）,1787,48447
2026-8-25,抖音,抖音,极致三代低脂纯牛奶（250ml*12）,26,565.3
2026-8-25,抖音,抖音,极致A2精巧装200ml*10,252,3930.87
2026-8-25,抖音,抖音,简卡原味钻酸奶200g*10,8,176.03
2026-8-25,抖音,抖音,梦幻盖极致有机纯牛奶（250ml*12）,10,265.41
2026-8-25,抖音,抖音,三元3.3g方白纯牛奶（250mL*24）,2477,76118.46
2026-8-25,抖音,抖音,三元3.3g方白脱脂无菌砖(250ml*24),43,1174.57
2026-8-25,抖音,抖音,三元3.3g全脂纯牛奶无菌砖（200ml*24）卡皮巴拉,16,458.14
2026-8-25,抖音,抖音,三元北京纯牛奶全脂（250mL*10）,25,462.45
2026-8-25,抖音,抖音,三元纯牛奶足球礼盒（250ml*12）,132,2799.72
2026-8-25,抖音,抖音,体验装 极全单盒,106,179.61
2026-8-25,抖音,抖音,听装三元畅倍益益生菌奶粉700g*6,313,0
2026-8-25,抖音,抖音,小方白卡皮巴拉脱脂纯牛奶（200mL*24）,7,167.02
2026-8-25,抖音,抖音,钻石装极致有机纯牛奶（200ml*10）,6,122.65
2026-8-25,京东,京东自营,三元3.2g小方枕全脂利乐枕-电商(227ml*16),1782,36163.91
2026-8-25,京东,京东POP,250ml方巧(1*24),68,2180.25
2026-8-25,京东,京东POP,250ml舒释奶（全脂)(1*12),21,417.66
2026-8-25,京东,京东POP,250S极致娟姗纯牛奶250mL*12,13,283.38
2026-8-25,京东,京东POP,250S极致有机纯牛奶250mL*12,5,120.63
2026-8-25,京东,京东POP,极小智有机A2纯牛奶200mL*10,22,406.59
2026-8-25,京东,京东POP,极致高品质全脂纯牛奶（250ml*16）,189,5123.94
2026-8-25,京东,京东POP,极致三代低脂纯牛奶（250ml*12）,16,347.88
2026-8-25,京东,京东POP,极致A2精巧装200ml*10,117,1825.05
2026-8-25,京东,京东POP,简卡原味钻酸奶200g*10,1,22
2026-8-25,京东,京东POP,梦幻盖极致有机纯牛奶（250ml*12）,6,159.25
2026-8-25,京东,京东POP,梦幻盖极致A2纯牛奶250ml*12,5,158.15
2026-8-25,京东,京东POP,三元3.3g方白纯牛奶（250mL*24）,717,22033.48
2026-8-25,京东,京东POP,三元3.3g方白脱脂无菌砖(250ml*24),76,2075.99
2026-8-25,京东,京东POP,三元3.3g全脂纯牛奶无菌砖（200ml*24）卡皮巴拉,279,7988.83
2026-8-25,京东,京东POP,三元北京纯牛奶全脂（250mL*10）,18,332.96
2026-8-25,京东,京东POP,三元纯牛奶足球礼盒（250ml*12）,8,169.68
2026-8-25,京东,京东POP,钻石装极致有机纯牛奶（200ml*10）,83,1696.63
2026-8-25,拼多多,拼多多,250ml方巧(1*24),22,705.38
2026-8-25,拼多多,拼多多,250ml舒释奶（全脂)(1*12),22,437.55
2026-8-25,拼多多,拼多多,250S极致娟姗纯牛奶250mL*12,6,130.79
2026-8-25,拼多多,拼多多,常温版极致三代全脂纯牛奶,2,43.41
2026-8-25,拼多多,拼多多,极小智有机A2纯牛奶200mL*10,8,147.85
2026-8-25,拼多多,拼多多,极致高品质全脂纯牛奶（250ml*16）,137,3714.18
2026-8-25,拼多多,拼多多,极致三代低脂纯牛奶（250ml*12）,13,282.65
2026-8-25,拼多多,拼多多,极致A2精巧装200ml*10,3,46.8
2026-8-25,拼多多,拼多多,梦幻盖极致有机纯牛奶（250ml*12）,11,291.95
2026-8-25,拼多多,拼多多,三元3.3g方白纯牛奶（250mL*24）,2636,81004.54
2026-8-25,拼多多,拼多多,三元3.3g方白脱脂无菌砖(250ml*24),706,19284.81
2026-8-25,拼多多,拼多多,三元3.3g全脂纯牛奶无菌砖（200ml*24）卡皮巴拉,4,114.54
2026-8-25,拼多多,拼多多,三元北京纯牛奶全脂（250mL*10）,3,55.49
2026-8-25,拼多多,拼多多,体验装单盒方巧,96,128.25
2026-8-25,拼多多,拼多多,小方白卡皮巴拉脱脂纯牛奶（200mL*24）,52,1240.7
2026-8-25,拼多多,拼多多,钻石装极致有机纯牛奶（200ml*10）,10,204.41
2026-8-25,天猫,猫超,冰岛式酸奶（200g*24）,1887,84606.66
2026-8-25,天猫,猫超,极致高品质全脂纯牛奶（250ml*16）,4197,113784.03
2026-8-25,天猫,猫超,极致极小智有机A2全脂苗条砖(200ml*10),243,0
2026-8-25,天猫,猫超,极致三代低脂无菌砖(250ml*12),202,0
2026-8-25,天猫,猫超,极致有机全脂梦幻盖(250ml*12),337,0
2026-8-25,天猫,猫超,极致A2β-酪蛋白全脂无菌砖(200ml*10),20,0
2026-8-25,天猫,猫超,三元3.2g小方枕全脂利乐枕-电商(227ml*16),1000,20294
2026-8-25,天猫,猫超,三元3.3g方白纯牛奶（250mL*24）日常版,5848,0
2026-8-25,天猫,猫超,三元3.3g方白脱脂无菌砖(250ml*24),1612,44032.75
2026-8-25,天猫,猫超,三元3.3g全脂纯牛奶无菌砖（200ml*24）卡皮巴拉,8172,233995.41
2026-8-25,天猫,猫超,三元高钙全脂无菌砖(250ml*20),708,0
2026-8-25,天猫,猫超,三元简卡全脂砖石包(200g*10),77,0
2026-8-25,天猫,猫超,三元巧克力全脂无菌砖（250ml*24）,785,0
2026-8-25,天猫,猫超,小方白卡皮巴拉低脂高钙牛奶（200mL*24）,752,19792.34
2026-8-25,天猫,猫超,小方白卡皮巴拉脱脂纯牛奶（200mL*24）,3187,76040.86
2026-8-25,天猫,猫超,钻石包极致有机纯牛奶（200ml*21）,7317,265299.05
2026-8-25,天猫,猫旗,250ml方巧(1*24),122,3911.63
2026-8-25,天猫,猫旗,250ml舒释奶（全脂)(1*12),25,497.22
2026-8-25,天猫,猫旗,250S极致娟姗纯牛奶250mL*12,657,14321.35
2026-8-25,天猫,猫旗,250S极致有机纯牛奶250mL*12,6,144.75
2026-8-25,天猫,猫旗,北京纯全脂拆单盒,78,144.28
2026-8-25,天猫,猫旗,常温版极致三代全脂纯牛奶,1,21.7
2026-8-25,天猫,猫旗,极小智有机A2纯牛奶200mL*10,50,924.07
2026-8-25,天猫,猫旗,极致高品质全脂纯牛奶（250ml*16）,163,4419.06
2026-8-25,天猫,猫旗,极致三代低脂纯牛奶（250ml*12）,58,1261.07
2026-8-25,天猫,猫旗,极致A2精巧装200ml*10,33,514.76
2026-8-25,天猫,猫旗,简卡原味钻酸奶200g*10,10,220.04
2026-8-25,天猫,猫旗,梦幻盖极致有机纯牛奶（250ml*12）,40,1061.64
2026-8-25,天猫,猫旗,梦幻盖极致A2纯牛奶250ml*12,7,221.4
2026-8-25,天猫,猫旗,三元3.3g方白纯牛奶（250mL*24）,1275,39180.88
2026-8-25,天猫,猫旗,三元3.3g方白脱脂无菌砖(250ml*24),674,18410.71
2026-8-25,天猫,猫旗,三元3.3g全脂纯牛奶无菌砖（200ml*24）卡皮巴拉,22,629.94
2026-8-25,天猫,猫旗,三元北京纯牛奶全脂（250mL*10）,17,314.46
2026-8-25,天猫,猫旗,三元纯牛奶足球礼盒（250ml*12）,6,127.26
2026-8-25,天猫,猫旗,体验装 极致娟姗拆单盒,42,76.29
2026-8-25,天猫,猫旗,体验装 极致A2精巧单盒,18,47.44
2026-8-25,天猫,猫旗,体验装 特品脱脂拆单盒,30,29.82
2026-8-25,天猫,猫旗,体验装 有机单盒,24,48.25
2026-8-25,天猫,猫旗,体验装单盒方巧,120,160.31
2026-8-25,天猫,猫旗,体验装单盒特品,294,357.26
2026-8-25,天猫,猫旗,小方白卡皮巴拉脱脂纯牛奶（200mL*24）,23,548.77
2026-8-25,天猫,猫旗,钻石装极致有机纯牛奶（200ml*10）,9,183.97
2026-8-25,小程序及其他,小程序及其他,250ml方巧(1*24),107,3430.69
2026-8-25,小程序及其他,小程序及其他,250ml舒释奶（全脂)(1*12),5,99.44
2026-8-25,小程序及其他,小程序及其他,250S极致有机纯牛奶250mL*12,13,313.64
2026-8-25,小程序及其他,小程序及其他,常温版极致三代全脂纯牛奶,35,759.64
2026-8-25,小程序及其他,小程序及其他,极小智有机A2纯牛奶200mL*10,6,110.89
2026-8-25,小程序及其他,小程序及其他,极致高品质全脂纯牛奶（250ml*16）,48,1301.32
2026-8-25,小程序及其他,小程序及其他,极致三代低脂纯牛奶（250ml*12）,109,2369.93
2026-8-25,小程序及其他,小程序及其他,极致A2精巧装200ml*10,158,2464.59
2026-8-25,小程序及其他,小程序及其他,简卡原味钻酸奶200g*10,33,726.12
2026-8-25,小程序及其他,小程序及其他,梦幻盖极致有机纯牛奶（250ml*12）,13,345.03
2026-8-25,小程序及其他,小程序及其他,梦幻盖极致A2纯牛奶250ml*12,35,1107.02
2026-8-25,小程序及其他,小程序及其他,三元3.3g方白纯牛奶（250mL*24）,565,17362.51
2026-8-25,小程序及其他,小程序及其他,三元3.3g方白脱脂无菌砖(250ml*24),18,491.68
2026-8-25,小程序及其他,小程序及其他,三元3.3g全脂纯牛奶无菌砖（200ml*24）卡皮巴拉,1,28.63
2026-8-25,小程序及其他,小程序及其他,三元北京纯牛奶全脂（250mL*10）,23,425.45
2026-8-25,小程序及其他,小程序及其他,小方白卡皮巴拉脱脂纯牛奶（200mL*24）,5,119.3
2026-8-25,小程序及其他,小程序及其他,钻石装极致有机纯牛奶（200ml*10）,35,715.45
2026-8-25,新零售,新零售,250S极致娟姗纯牛奶250mL*12,5,108.99
2026-8-25,新零售,新零售,极小智有机A2纯牛奶200mL*10,5,92.41
2026-8-25,新零售,新零售,极致高品质全脂纯牛奶（250ml*16）,4,108.44
2026-8-25,新零售,新零售,极致三代低脂纯牛奶（250ml*12）,17,369.62
2026-8-25,新零售,新零售,极致三代低脂无菌砖(250ml*12),56,0
2026-8-25,新零售,新零售,极致有机全脂梦幻盖(250ml*12),5449,0
2026-8-25,新零售,新零售,极致有机全脂苗条砖(200ml*10),1158,0
2026-8-25,新零售,新零售,极致A2β-酪蛋白全脂无菌砖(200ml*10),36,0
2026-8-25,新零售,新零售,梦幻盖极致有机纯牛奶（250ml*12）,6,159.25
2026-8-25,新零售,新零售,三元3.2g小方枕全脂利乐枕-电商(227ml*16),3587,72794.58
2026-8-25,新零售,新零售,三元3.3g方白纯牛奶（250mL*24）,15,460.95
2026-8-25,新零售,新零售,三元3.3g方白纯牛奶（250mL*24）日常版,399,0
2026-8-25,新零售,新零售,三元3.3g方白全脂无菌砖(200ml*24),28,0
2026-8-25,新零售,新零售,三元3.3g方白脱脂无菌砖(250ml*24),41,1119.94
2026-8-25,新零售,新零售,三元3.3g全脂纯牛奶无菌砖（200ml*24）卡皮巴拉,90,2577.04
2026-8-25,新零售,新零售,三元巧克力全脂无菌砖（250ml*24）,12,0
2026-8-26,抖音,抖音,250ml方巧(1*24),462,14812.88
2026-8-26,抖音,抖音,250ml舒释奶（全脂)(1*12),3,59.67
2026-8-26,抖音,抖音,250S极致娟姗纯牛奶250mL*12,135,2942.74
2026-8-26,抖音,抖音,常温版极致三代全脂纯牛奶,3,65.11
2026-8-26,抖音,抖音,极小智有机A2纯牛奶200mL*10,2,36.96
2026-8-26,抖音,抖音,极致高品质全脂纯牛奶（250ml*16）,3066,83121.71
2026-8-26,抖音,抖音,极致三代低脂纯牛奶（250ml*12）,27,587.05
2026-8-26,抖音,抖音,极致A2精巧装200ml*10,398,6208.28
2026-8-26,抖音,抖音,简卡原味钻酸奶200g*10,6,132.02
2026-8-26,抖音,抖音,梦幻盖极致有机纯牛奶（250ml*12）,34,902.39
2026-8-26,抖音,抖音,三元3.3g方白纯牛奶（250mL*24）,1900,58387.19
2026-8-26,抖音,抖音,三元3.3g方白脱脂无菌砖(250ml*24),56,1529.67
2026-8-26,抖音,抖音,三元3.3g全脂纯牛奶无菌砖（200ml*24）卡皮巴拉,4,114.54
2026-8-26,抖音,抖音,三元北京纯牛奶全脂（250mL*10）,59,1091.37
2026-8-26,抖音,抖音,三元纯牛奶足球礼盒（250ml*12）,309,6553.89
2026-8-26,抖音,抖音,体验装 极全单盒,184,311.77
2026-8-26,抖音,抖音,听装三元畅倍益益生菌奶粉700g*6,837,0
2026-8-26,抖音,抖音,小方白卡皮巴拉脱脂纯牛奶（200mL*24）,8,190.88
2026-8-26,抖音,抖音,钻石装极致有机纯牛奶（200ml*10）,48,981.18
2026-8-26,京东,京东POP,250ml方巧(1*24),49,1571.06
2026-8-26,京东,京东POP,250ml舒释奶（全脂)(1*12),31,616.55
2026-8-26,京东,京东POP,250S极致娟姗纯牛奶250mL*12,21,457.76
2026-8-26,京东,京东POP,250S极致有机纯牛奶250mL*12,3,72.38
2026-8-26,京东,京东POP,极小智有机A2纯牛奶200mL*10,26,480.51
2026-8-26,京东,京东POP,极致高品质全脂纯牛奶（250ml*16）,292,7916.35
2026-8-26,京东,京东POP,极致三代低脂纯牛奶（250ml*12）,10,217.43
2026-8-26,京东,京东POP,极致A2精巧装200ml*10,151,2355.4
2026-8-26,京东,京东POP,简卡原味钻酸奶200g*10,6,132.02
2026-8-26,京东,京东POP,梦幻盖极致有机纯牛奶（250ml*12）,8,212.33
2026-8-26,京东,京东POP,梦幻盖极致A2纯牛奶250ml*12,7,221.4
2026-8-26,京东,京东POP,三元3.3g方白纯牛奶（250mL*24）,606,18622.44
2026-8-26,京东,京东POP,三元3.3g方白脱脂无菌砖(250ml*24),43,1174.57
2026-8-26,京东,京东POP,三元3.3g全脂纯牛奶无菌砖（200ml*24）卡皮巴拉,309,8847.84
2026-8-26,京东,京东POP,三元北京纯牛奶全脂（250mL*10）,9,166.48
2026-8-26,京东,京东POP,体验装 极小智单盒,3,5.54
2026-8-26,京东,京东POP,体验装单盒方巧,4,5.34
2026-8-26,京东,京东POP,钻石装极致有机纯牛奶（200ml*10）,137,2800.46
2026-8-26,拼多多,多多买菜,冰岛式酸奶（200g*24）,500,22418.3
2026-8-26,拼多多,多多买菜,极致A2β-酪蛋白全脂无菌砖(200ml*10),300,0
2026-8-26,拼多多,多多买菜,三元3.3g方白纯牛奶（250mL*24）日常版,10000,0
2026-8-26,拼多多,多多买菜,三元3.3g方白脱脂无菌砖(250ml*24),2000,54631.2
2026-8-26,拼多多,多多买菜,三元高钙全脂无菌砖(250ml*20),5000,0
2026-8-26,拼多多,多多买菜,三元巧克力全脂无菌砖（250ml*24）,2000,0
2026-8-26,拼多多,多多买菜,小方白卡皮巴拉脱脂纯牛奶（200mL*24）,2000,47719.4
2026-8-26,拼多多,拼多多,250ml方巧(1*24),8,256.5
2026-8-26,拼多多,拼多多,250ml舒释奶（全脂)(1*12),25,497.22
2026-8-26,拼多多,拼多多,250S极致娟姗纯牛奶250mL*12,8,174.38
2026-8-26,拼多多,拼多多,极小智有机A2纯牛奶200mL*10,11,203.29
2026-8-26,拼多多,拼多多,极致高品质全脂纯牛奶（250ml*16）,107,2900.86
2026-8-26,拼多多,拼多多,极致三代低脂纯牛奶（250ml*12）,9,195.68
2026-8-26,拼多多,拼多多,极致A2精巧装200ml*10,10,155.99
2026-8-26,拼多多,拼多多,梦幻盖极致有机纯牛奶（250ml*12）,2,53.08
2026-8-26,拼多多,拼多多,三元3.3g方白纯牛奶（250mL*24）,2441,75012.17
2026-8-26,拼多多,拼多多,三元3.3g方白脱脂无菌砖(250ml*24),659,18000.98
2026-8-26,拼多多,拼多多,体验装单盒方巧,64,85.5
2026-8-26,拼多多,拼多多,小方白卡皮巴拉脱脂纯牛奶（200mL*24）,78,1861.06
2026-8-26,拼多多,拼多多,钻石装极致有机纯牛奶（200ml*10）,18,367.94
2026-8-26,天猫,猫旗,250ml方巧(1*24),117,3751.31
2026-8-26,天猫,猫旗,250ml舒释奶（全脂)(1*12),23,457.44
2026-8-26,天猫,猫旗,250S极致娟姗纯牛奶250mL*12,240,5231.54
2026-8-26,天猫,猫旗,250S极致有机纯牛奶250mL*12,7,168.88
2026-8-26,天猫,猫旗,北京纯全脂拆单盒,60,110.99
2026-8-26,天猫,猫旗,常温版极致三代全脂纯牛奶,15,325.56
2026-8-26,天猫,猫旗,极小智有机A2纯牛奶200mL*10,43,794.7
2026-8-26,天猫,猫旗,极致高品质全脂纯牛奶（250ml*16）,127,3443.07
2026-8-26,天猫,猫旗,极致三代低脂纯牛奶（250ml*12）,56,1217.58
2026-8-26,天猫,猫旗,极致A2精巧装200ml*10,29,452.36
2026-8-26,天猫,猫旗,简卡原味钻酸奶200g*10,11,242.04
2026-8-26,天猫,猫旗,梦幻盖极致有机纯牛奶（250ml*12）,46,1220.88
2026-8-26,天猫,猫旗,梦幻盖极致A2纯牛奶250ml*12,1,31.63
2026-8-26,天猫,猫旗,三元3.3g方白纯牛奶（250mL*24）,996,30607.18
2026-8-26,天猫,猫旗,三元3.3g方白脱脂无菌砖(250ml*24),336,9178.04
2026-8-26,天猫,猫旗,三元3.3g全脂纯牛奶无菌砖（200ml*24）卡皮巴拉,40,1145.35
2026-8-26,天猫,猫旗,三元北京纯牛奶全脂（250mL*10）,9,166.48
2026-8-26,天猫,猫旗,三元纯牛奶足球礼盒（250ml*12）,4,84.84
2026-8-26,天猫,猫旗,体验装 极致娟姗拆单盒,18,32.7
2026-8-26,天猫,猫旗,体验装 极致A2精巧单盒,101,266.21
2026-8-26,天猫,猫旗,体验装 特品脱脂拆单盒,90,89.47
2026-8-26,天猫,猫旗,体验装 有机单盒,42,84.44
2026-8-26,天猫,猫旗,体验装单盒方巧,126,168.33
2026-8-26,天猫,猫旗,体验装单盒特品,354,430.16
2026-8-26,天猫,猫旗,小方白卡皮巴拉脱脂纯牛奶（200mL*24）,27,644.21
2026-8-26,天猫,猫旗,钻石装极致有机纯牛奶（200ml*10）,2,40.88
2026-8-26,小程序及其他,小程序及其他,250ml方巧(1*24),86,2757.38
2026-8-26,小程序及其他,小程序及其他,250ml舒释奶（全脂)(1*12),5,99.44
2026-8-26,小程序及其他,小程序及其他,250S极致娟姗纯牛奶250mL*12,1,21.8
2026-8-26,小程序及其他,小程序及其他,250S极致有机纯牛奶250mL*12,3,72.38
2026-8-26,小程序及其他,小程序及其他,常温版极致三代全脂纯牛奶,15,325.56
2026-8-26,小程序及其他,小程序及其他,极小智有机A2纯牛奶200mL*10,2,36.96
2026-8-26,小程序及其他,小程序及其他,极致高品质全脂纯牛奶（250ml*16）,72,1951.98
2026-8-26,小程序及其他,小程序及其他,极致三代低脂纯牛奶（250ml*12）,124,2696.07
2026-8-26,小程序及其他,小程序及其他,极致A2精巧装200ml*10,143,2230.61
2026-8-26,小程序及其他,小程序及其他,简卡原味钻酸奶200g*10,34,748.13
2026-8-26,小程序及其他,小程序及其他,梦幻盖极致有机纯牛奶（250ml*12）,5,132.7
2026-8-26,小程序及其他,小程序及其他,梦幻盖极致A2纯牛奶250ml*12,41,1296.8
2026-8-26,小程序及其他,小程序及其他,三元3.3g方白纯牛奶（250mL*24）,862,26489.35
2026-8-26,小程序及其他,小程序及其他,三元3.3g方白脱脂无菌砖(250ml*24),16,437.05
2026-8-26,小程序及其他,小程序及其他,三元3.3g全脂纯牛奶无菌砖（200ml*24）卡皮巴拉,5,143.17
2026-8-26,小程序及其他,小程序及其他,三元北京纯牛奶全脂（250mL*10）,24,443.95
2026-8-26,小程序及其他,小程序及其他,小方白卡皮巴拉脱脂纯牛奶（200mL*24）,3,71.58
2026-8-26,小程序及其他,小程序及其他,钻石装极致有机纯牛奶（200ml*10）,36,735.89
2026-8-26,新零售,新零售,250S极致娟姗纯牛奶250mL*12,5,108.99
2026-8-26,新零售,新零售,极小智有机A2纯牛奶200mL*10,5,92.41
2026-8-26,新零售,新零售,极致4.0高蛋白纯牛奶250mL*24,255,13276.65
2026-8-26,新零售,新零售,极致高品质全脂纯牛奶（250ml*16）,272,7374.14
2026-8-26,新零售,新零售,极致三代低脂纯牛奶（250ml*12）,7,152.2
2026-8-26,新零售,新零售,极致三代低脂无菌砖(250ml*12),1264,0
2026-8-26,新零售,新零售,极致三代全脂无菌砖（250ml*12）,752,0
2026-8-26,新零售,新零售,极致有机全脂梦幻盖(250ml*12),4580,0
2026-8-26,新零售,新零售,极致有机全脂苗条砖(200ml*10),3954,0
2026-8-26,新零售,新零售,极致A2精巧装200mL*20,1380,39378.44
2026-8-26,新零售,新零售,极致A2β-酪蛋白全脂无菌砖(200ml*10),582,0
2026-8-26,新零售,新零售,梦幻盖极致有机纯牛奶（250ml*12）,11,291.95
2026-8-26,新零售,新零售,三元3.2g小方枕全脂利乐枕-电商(227ml*16),651,13211.39
2026-8-26,新零售,新零售,三元3.3g方白纯牛奶（250mL*24）,14,430.22
2026-8-26,新零售,新零售,三元3.3g方白纯牛奶（250mL*24）日常版,14700,0
2026-8-26,新零售,新零售,三元3.3g方白全脂无菌砖(200ml*24),773,0
2026-8-26,新零售,新零售,三元3.3g方白脱脂无菌砖(250ml*24),12,327.79
2026-8-26,新零售,新零售,三元3.3g全脂纯牛奶无菌砖（200ml*24）卡皮巴拉,3242,92830.78
2026-8-26,新零售,新零售,三元高钙全脂无菌砖(250ml*20),354,0
2026-8-26,新零售,新零售,三元简卡全脂砖石包(200g*10),236,0
2026-8-26,新零售,新零售,三元巧克力全脂无菌砖（250ml*24）,854,0
2026-8-27,抖音,抖音,250ml方巧(1*24),645,20680.31
2026-8-27,抖音,抖音,250S极致娟姗纯牛奶250mL*12,336,7324.16
2026-8-27,抖音,抖音,常温版极致三代全脂纯牛奶,1,21.7
2026-8-27,抖音,抖音,极小智有机A2纯牛奶200mL*10,6,110.89
2026-8-27,抖音,抖音,极致高品质全脂纯牛奶（250ml*16）,711,19275.78
2026-8-27,抖音,抖音,极致三代低脂纯牛奶（250ml*12）,27,587.05
2026-8-27,抖音,抖音,极致A2精巧装200ml*10,349,5443.95
2026-8-27,抖音,抖音,简卡原味钻酸奶200g*10,12,264.04
2026-8-27,抖音,抖音,梦幻盖极致有机纯牛奶（250ml*12）,54,1433.21
2026-8-27,抖音,抖音,三元3.3g方白纯牛奶（250mL*24）,1496,45972.23
2026-8-27,抖音,抖音,三元3.3g方白脱脂无菌砖(250ml*24),52,1420.41
2026-8-27,抖音,抖音,三元3.3g全脂纯牛奶无菌砖（200ml*24）卡皮巴拉,15,429.51
2026-8-27,抖音,抖音,三元北京纯牛奶全脂（250mL*10）,70,1294.85
2026-8-27,抖音,抖音,三元纯牛奶足球礼盒（250ml*12）,226,4793.46
2026-8-27,抖音,抖音,体验装 极全单盒,216,366
2026-8-27,抖音,抖音,听装三元畅倍益益生菌奶粉700g*6,19,0
2026-8-27,抖音,抖音,小方白卡皮巴拉脱脂纯牛奶（200mL*24）,6,143.16
2026-8-27,抖音,抖音,钻石装极致有机纯牛奶（200ml*10）,57,1165.15
2026-8-27,京东,京东自营,冰岛式酸奶（200g*24）,864,38738.82
2026-8-27,京东,京东自营,极致4.0高蛋白纯牛奶250mL*24,843,43891.05
2026-8-27,京东,京东自营,极致高品质全脂纯牛奶（250ml*16）,2616,70921.85
2026-8-27,京东,京东自营,极致极小智有机A2全脂苗条砖(200ml*10),1068,0
2026-8-27,京东,京东自营,极致A2精巧装16入,1200,28644
2026-8-27,京东,京东自营,极致A2β-酪蛋白全脂无菌砖(200ml*10),900,0
2026-8-27,京东,京东自营,三元3.2g小方枕全脂利乐枕-电商(227ml*16),2818,57188.49
2026-8-27,京东,京东自营,三元3.3g方白脱脂无菌砖(250ml*24),2860,78122.62
2026-8-27,京东,京东自营,三元3.3g全脂纯牛奶无菌砖（200ml*24）卡皮巴拉,6088,174322.57
2026-8-27,京东,京东自营,三元巧克力全脂无菌砖（250ml*24）,1528,0
2026-8-27,京东,京东自营,小方白卡皮巴拉低脂高钙牛奶（200mL*24）,704,18529
2026-8-27,京东,京东自营,钻石包极致有机纯牛奶（200ml*21）,2404,87163.99
2026-8-27,京东,京东POP,250ml方巧(1*24),11,352.69
2026-8-27,京东,京东POP,250ml舒释奶（全脂)(1*12),16,318.22
2026-8-27,京东,京东POP,250S极致娟姗纯牛奶250mL*12,6,130.79
2026-8-27,京东,京东POP,常温版极致三代全脂纯牛奶,6,130.22
2026-8-27,京东,京东POP,极小智有机A2纯牛奶200mL*10,17,314.18
2026-8-27,京东,京东POP,极致高品质全脂纯牛奶（250ml*16）,523,14178.95
2026-8-27,京东,京东POP,极致三代低脂纯牛奶（250ml*12）,22,478.34
2026-8-27,京东,京东POP,极致A2精巧装200ml*10,141,2199.42
2026-8-27,京东,京东POP,简卡原味钻酸奶200g*10,2,44.01
2026-8-27,京东,京东POP,梦幻盖极致有机纯牛奶（250ml*12）,12,318.49
2026-8-27,京东,京东POP,梦幻盖极致A2纯牛奶250ml*12,1,31.63
2026-8-27,京东,京东POP,三元3.3g方白纯牛奶（250mL*24）,520,15979.65
2026-8-27,京东,京东POP,三元3.3g方白脱脂无菌砖(250ml*24),26,710.21
2026-8-27,京东,京东POP,三元3.3g全脂纯牛奶无菌砖（200ml*24）卡皮巴拉,12,343.61
2026-8-27,京东,京东POP,三元北京纯牛奶全脂（250mL*10）,14,258.97
2026-8-27,京东,京东POP,三元纯牛奶足球礼盒（250ml*12）,1,21.21
2026-8-27,京东,京东POP,钻石装极致有机纯牛奶（200ml*10）,145,2963.99
2026-8-27,拼多多,多多买菜,三元3.2g小方枕全脂利乐枕-电商(227ml*16),2000,40588
2026-8-27,拼多多,拼多多,250ml方巧(1*24),3,96.19
2026-8-27,拼多多,拼多多,250ml舒释奶（全脂)(1*12),8,159.11
2026-8-27,拼多多,拼多多,250S极致娟姗纯牛奶250mL*12,6,130.79
2026-8-27,拼多多,拼多多,极小智有机A2纯牛奶200mL*10,2,36.96
2026-8-27,拼多多,拼多多,极致高品质全脂纯牛奶（250ml*16）,81,2195.97
2026-8-27,拼多多,拼多多,极致三代低脂纯牛奶（250ml*12）,22,478.34
2026-8-27,拼多多,拼多多,极致A2精巧装200ml*10,2,31.2
2026-8-27,拼多多,拼多多,简卡原味钻酸奶200g*10,1,22
2026-8-27,拼多多,拼多多,梦幻盖极致有机纯牛奶（250ml*12）,3,79.62
2026-8-27,拼多多,拼多多,三元3.3g方白纯牛奶（250mL*24）,2046,62873.78
2026-8-27,拼多多,拼多多,三元3.3g方白脱脂无菌砖(250ml*24),683,18656.55
2026-8-27,拼多多,拼多多,体验装单盒方巧,88,117.56
2026-8-27,拼多多,拼多多,小方白卡皮巴拉脱脂纯牛奶（200mL*24）,35,835.09
2026-8-27,拼多多,拼多多,钻石装极致有机纯牛奶（200ml*10）,10,204.41
2026-8-27,天猫,猫超,冰岛式酸奶（200g*24）,84,3766.27
2026-8-27,天猫,猫超,极致极小智有机A2全脂苗条砖(200ml*10),119,0
2026-8-27,天猫,猫超,极致三代低脂无菌砖(250ml*12),36,0
2026-8-27,天猫,猫超,极致有机全脂梦幻盖(250ml*12),4,0
2026-8-27,天猫,猫超,极致A2β-酪蛋白全脂无菌砖(200ml*10),1000,0
2026-8-27,天猫,猫超,三元3.3g方白纯牛奶（250mL*24）日常版,10035,0
2026-8-27,天猫,猫超,三元3.3g方白脱脂无菌砖(250ml*24),2064,56379.4
2026-8-27,天猫,猫超,三元简卡全脂砖石包(200g*10),16,0
2026-8-27,天猫,猫超,小方白卡皮巴拉低脂高钙牛奶（200mL*24）,19,500.07
2026-8-27,天猫,猫超,小方白卡皮巴拉脱脂纯牛奶（200mL*24）,135,3221.06
2026-8-27,天猫,猫旗,250ml方巧(1*24),107,3430.69
2026-8-27,天猫,猫旗,250ml舒释奶（全脂)(1*12),19,377.89
2026-8-27,天猫,猫旗,250S极致娟姗纯牛奶250mL*12,135,2942.74
2026-8-27,天猫,猫旗,250S极致有机纯牛奶250mL*12,8,193.01
2026-8-27,天猫,猫旗,北京纯全脂拆单盒,66,122.09
2026-8-27,天猫,猫旗,极小智有机A2纯牛奶200mL*10,35,646.85
2026-8-27,天猫,猫旗,极致高品质全脂纯牛奶（250ml*16）,119,3226.19
2026-8-27,天猫,猫旗,极致三代低脂纯牛奶（250ml*12）,37,804.47
2026-8-27,天猫,猫旗,极致A2精巧装200ml*10,62,967.12
2026-8-27,天猫,猫旗,简卡原味钻酸奶200g*10,15,330.06
2026-8-27,天猫,猫旗,梦幻盖极致有机纯牛奶（250ml*12）,40,1061.64
2026-8-27,天猫,猫旗,梦幻盖极致A2纯牛奶250ml*12,4,126.52
2026-8-27,天猫,猫旗,三元3.3g方白纯牛奶（250mL*24）,954,29316.52
2026-8-27,天猫,猫旗,三元3.3g方白脱脂无菌砖(250ml*24),271,7402.53
2026-8-27,天猫,猫旗,三元3.3g全脂纯牛奶无菌砖（200ml*24）卡皮巴拉,18,515.41
2026-8-27,天猫,猫旗,三元北京纯牛奶全脂（250mL*10）,20,369.96
2026-8-27,天猫,猫旗,三元纯牛奶足球礼盒（250ml*12）,4,84.84
2026-8-27,天猫,猫旗,体验装 极致娟姗拆单盒,18,32.7
2026-8-27,天猫,猫旗,体验装 极致A2精巧单盒,71,187.14
2026-8-27,天猫,猫旗,体验装 特品脱脂拆单盒,36,35.79
2026-8-27,天猫,猫旗,体验装 有机单盒,42,84.44
2026-8-27,天猫,猫旗,体验装单盒方巧,102,136.27
2026-8-27,天猫,猫旗,体验装单盒特品,324,393.71
2026-8-27,天猫,猫旗,小方白卡皮巴拉脱脂纯牛奶（200mL*24）,26,620.35
2026-8-27,天猫,猫旗,钻石装极致有机纯牛奶（200ml*10）,13,265.74
2026-8-27,小程序及其他,小程序及其他,250ml方巧(1*24),102,3270.38
2026-8-27,小程序及其他,小程序及其他,250S极致有机纯牛奶250mL*12,8,193.01
2026-8-27,小程序及其他,小程序及其他,常温版极致三代全脂纯牛奶,23,499.19
2026-8-27,小程序及其他,小程序及其他,极小智有机A2纯牛奶200mL*10,6,110.89
2026-8-27,小程序及其他,小程序及其他,极致高品质全脂纯牛奶（250ml*16）,52,1409.76
2026-8-27,小程序及其他,小程序及其他,极致三代低脂纯牛奶（250ml*12）,151,3283.12
2026-8-27,小程序及其他,小程序及其他,极致A2精巧装200ml*10,126,1965.44
2026-8-27,小程序及其他,小程序及其他,简卡原味钻酸奶200g*10,24,528.09
2026-8-27,小程序及其他,小程序及其他,梦幻盖极致有机纯牛奶（250ml*12）,3,79.62
2026-8-27,小程序及其他,小程序及其他,梦幻盖极致A2纯牛奶250ml*12,44,1391.68
2026-8-27,小程序及其他,小程序及其他,三元3.3g方白纯牛奶（250mL*24）,786,24153.86
2026-8-27,小程序及其他,小程序及其他,三元3.3g方白脱脂无菌砖(250ml*24),6,163.89
2026-8-27,小程序及其他,小程序及其他,三元3.3g全脂纯牛奶无菌砖（200ml*24）卡皮巴拉,3,85.9
2026-8-27,小程序及其他,小程序及其他,三元北京纯牛奶全脂（250mL*10）,15,277.47
2026-8-27,小程序及其他,小程序及其他,小方白卡皮巴拉脱脂纯牛奶（200mL*24）,3,71.58
2026-8-27,小程序及其他,小程序及其他,钻石装极致有机纯牛奶（200ml*10）,34,695
2026-8-27,新零售,新零售,250S极致娟姗纯牛奶250mL*12,2,43.6
2026-8-27,新零售,新零售,极小智有机A2纯牛奶200mL*10,1,18.48
2026-8-27,新零售,新零售,极致三代低脂纯牛奶（250ml*12）,6,130.45
2026-8-27,新零售,新零售,极致有机全脂梦幻盖(250ml*12),524,0
2026-8-27,新零售,新零售,梦幻盖极致有机纯牛奶（250ml*12）,3,79.62
2026-8-27,新零售,新零售,三元3.2g小方枕全脂利乐枕-电商(227ml*16),531,10776.11
2026-8-27,新零售,新零售,三元3.3g方白纯牛奶（250mL*24）,23,706.79
2026-8-27,新零售,新零售,三元3.3g方白脱脂无菌砖(250ml*24),47,1283.83
2026-8-28,抖音,抖音,250ml方巧(1*24),372,11927.25
2026-8-28,抖音,抖音,250S极致娟姗纯牛奶250mL*12,289,6299.65
2026-8-28,抖音,抖音,北京纯全脂拆单盒,76,140.58
2026-8-28,抖音,抖音,常温版极致三代全脂纯牛奶,3,65.11
2026-8-28,抖音,抖音,极致高品质全脂纯牛奶（250ml*16）,7092,192269.79
2026-8-28,抖音,抖音,极致三代低脂纯牛奶（250ml*12）,20,434.85
2026-8-28,抖音,抖音,极致A2精巧装200ml*10,305,4757.6
2026-8-28,抖音,抖音,简卡原味钻酸奶200g*10,12,264.04
2026-8-28,抖音,抖音,梦幻盖极致有机纯牛奶（250ml*12）,24,636.98
2026-8-28,抖音,抖音,三元3.3g方白纯牛奶（250mL*24）,1802,55375.64
2026-8-28,抖音,抖音,三元3.3g方白脱脂无菌砖(250ml*24),28,764.84
2026-8-28,抖音,抖音,三元3.3g全脂纯牛奶无菌砖（200ml*24）卡皮巴拉,10,286.34
2026-8-28,抖音,抖音,三元北京纯牛奶全脂（250mL*10）,67,1239.35
2026-8-28,抖音,抖音,三元纯牛奶足球礼盒（250ml*12）,248,5260.08
2026-8-28,抖音,抖音,体验装 极全单盒,128,216.89
2026-8-28,抖音,抖音,听装三元畅倍益益生菌奶粉700g*6,2298,0
2026-8-28,抖音,抖音,小方白卡皮巴拉脱脂纯牛奶（200mL*24）,9,214.74
2026-8-28,抖音,抖音,钻石装极致有机纯牛奶（200ml*10）,36,735.89
2026-8-28,京东,京东POP,250ml方巧(1*24),17,545.06
2026-8-28,京东,京东POP,250ml舒释奶（全脂)(1*12),23,457.44
2026-8-28,京东,京东POP,250S极致娟姗纯牛奶250mL*12,13,283.38
2026-8-28,京东,京东POP,250S极致有机纯牛奶250mL*12,4,96.5
2026-8-28,京东,京东POP,常温版极致三代全脂纯牛奶,4,86.82
2026-8-28,京东,京东POP,极小智有机A2纯牛奶200mL*10,25,462.03
2026-8-28,京东,京东POP,极致高品质全脂纯牛奶（250ml*16）,397,10762.99
2026-8-28,京东,京东POP,极致三代低脂纯牛奶（250ml*12）,21,456.59
2026-8-28,京东,京东POP,极致A2精巧装200ml*10,80,1247.9
2026-8-28,京东,京东POP,简卡原味钻酸奶200g*10,5,110.02
2026-8-28,京东,京东POP,梦幻盖极致有机纯牛奶（250ml*12）,11,291.95
2026-8-28,京东,京东POP,梦幻盖极致A2纯牛奶250ml*12,3,94.89
2026-8-28,京东,京东POP,三元3.3g方白纯牛奶（250mL*24）,230,7067.92
2026-8-28,京东,京东POP,三元3.3g方白脱脂无菌砖(250ml*24),28,764.84
2026-8-28,京东,京东POP,三元3.3g全脂纯牛奶无菌砖（200ml*24）卡皮巴拉,37,1059.45
2026-8-28,京东,京东POP,三元北京纯牛奶全脂（250mL*10）,13,240.47
2026-8-28,京东,京东POP,体验装 极小智单盒,3,5.54
2026-8-28,京东,京东POP,体验装单盒方巧,4,5.34
2026-8-28,京东,京东POP,钻石装极致有机纯牛奶（200ml*10）,133,2718.69
2026-8-28,拼多多,多多买菜,三元3.3g方白脱脂无菌砖(250ml*24),2000,54631.2
2026-8-28,拼多多,多多买菜,三元3.3g全脂纯牛奶无菌砖（200ml*24）卡皮巴拉,5000,143169
2026-8-28,拼多多,多多买菜,三元白奶全脂百利包(200ml*16),800,0
2026-8-28,拼多多,拼多多,250ml方巧(1*24),3,96.19
2026-8-28,拼多多,拼多多,250ml舒释奶（全脂)(1*12),22,437.55
2026-8-28,拼多多,拼多多,250S极致娟姗纯牛奶250mL*12,4,87.19
2026-8-28,拼多多,拼多多,极小智有机A2纯牛奶200mL*10,11,203.29
2026-8-28,拼多多,拼多多,极致高品质全脂纯牛奶（250ml*16）,125,3388.85
2026-8-28,拼多多,拼多多,极致三代低脂纯牛奶（250ml*12）,14,304.4
2026-8-28,拼多多,拼多多,极致A2精巧装200ml*10,2,31.2
2026-8-28,拼多多,拼多多,梦幻盖极致有机纯牛奶（250ml*12）,5,132.7
2026-8-28,拼多多,拼多多,三元3.3g方白纯牛奶（250mL*24）,1885,57926.24
2026-8-28,拼多多,拼多多,三元3.3g方白脱脂无菌砖(250ml*24),633,17290.77
2026-8-28,拼多多,拼多多,三元北京纯牛奶全脂（250mL*10）,3,55.49
2026-8-28,拼多多,拼多多,三元纯牛奶足球礼盒（250ml*12）,2,42.42
2026-8-28,拼多多,拼多多,体验装单盒方巧,80,106.88
2026-8-28,拼多多,拼多多,小方白卡皮巴拉脱脂纯牛奶（200mL*24）,40,954.39
2026-8-28,拼多多,拼多多,钻石装极致有机纯牛奶（200ml*10）,8,163.53
2026-8-28,天猫,猫超,极致娟姗全脂苗条砖(250ml*12),1000,0
2026-8-28,天猫,猫旗,250ml方巧(1*24),141,4520.81
2026-8-28,天猫,猫旗,250ml舒释奶（全脂)(1*12),18,358
2026-8-28,天猫,猫旗,250S极致娟姗纯牛奶250mL*12,103,2245.2
2026-8-28,天猫,猫旗,250S极致有机纯牛奶250mL*12,5,120.63
2026-8-28,天猫,猫旗,北京纯全脂拆单盒,42,77.69
2026-8-28,天猫,猫旗,常温版极致三代全脂纯牛奶,3,65.11
2026-8-28,天猫,猫旗,极小智有机A2纯牛奶200mL*10,41,757.73
2026-8-28,天猫,猫旗,极致高品质全脂纯牛奶（250ml*16）,144,3903.96
2026-8-28,天猫,猫旗,极致三代低脂纯牛奶（250ml*12）,44,956.67
2026-8-28,天猫,猫旗,极致A2精巧装200ml*10,43,670.74
2026-8-28,天猫,猫旗,简卡原味钻酸奶200g*10,8,176.03
2026-8-28,天猫,猫旗,梦幻盖极致有机纯牛奶（250ml*12）,43,1141.26
2026-8-28,天猫,猫旗,梦幻盖极致A2纯牛奶250ml*12,5,158.15
2026-8-28,天猫,猫旗,三元3.3g方白纯牛奶（250mL*24）,796,24461.16
2026-8-28,天猫,猫旗,三元3.3g方白脱脂无菌砖(250ml*24),238,6501.11
2026-8-28,天猫,猫旗,三元3.3g全脂纯牛奶无菌砖（200ml*24）卡皮巴拉,13,372.24
2026-8-28,天猫,猫旗,三元北京纯牛奶全脂（250mL*10）,11,203.48
2026-8-28,天猫,猫旗,三元纯牛奶足球礼盒（250ml*12）,5,106.05
2026-8-28,天猫,猫旗,体验装 极致娟姗拆单盒,24,43.6
2026-8-28,天猫,猫旗,体验装 极致A2精巧单盒,12,31.63
2026-8-28,天猫,猫旗,体验装 特品脱脂拆单盒,54,53.68
2026-8-28,天猫,猫旗,体验装 有机单盒,66,132.69
2026-8-28,天猫,猫旗,体验装单盒方巧,90,120.23
2026-8-28,天猫,猫旗,体验装单盒特品,342,415.58
2026-8-28,天猫,猫旗,小方白卡皮巴拉脱脂纯牛奶（200mL*24）,24,572.63
2026-8-28,天猫,猫旗,钻石装极致有机纯牛奶（200ml*10）,4,81.77
2026-8-28,小程序及其他,小程序及其他,250ml方巧(1*24),134,4296.38
2026-8-28,小程序及其他,小程序及其他,250ml舒释奶（全脂)(1*12),7,139.22
2026-8-28,小程序及其他,小程序及其他,250S极致有机纯牛奶250mL*12,11,265.38
2026-8-28,小程序及其他,小程序及其他,常温版极致三代全脂纯牛奶,11,238.74
2026-8-28,小程序及其他,小程序及其他,极小智有机A2纯牛奶200mL*10,1,18.48
2026-8-28,小程序及其他,小程序及其他,极致高品质全脂纯牛奶（250ml*16）,40,1084.43
2026-8-28,小程序及其他,小程序及其他,极致三代低脂纯牛奶（250ml*12）,105,2282.96
2026-8-28,小程序及其他,小程序及其他,极致A2精巧装200ml*10,193,3010.55
2026-8-28,小程序及其他,小程序及其他,简卡原味钻酸奶200g*10,30,660.11
2026-8-28,小程序及其他,小程序及其他,梦幻盖极致有机纯牛奶（250ml*12）,19,504.28
2026-8-28,小程序及其他,小程序及其他,梦幻盖极致A2纯牛奶250ml*12,29,917.25
2026-8-28,小程序及其他,小程序及其他,三元3.3g方白纯牛奶（250mL*24）,766,23539.26
2026-8-28,小程序及其他,小程序及其他,三元3.3g方白脱脂无菌砖(250ml*24),84,2294.51
2026-8-28,小程序及其他,小程序及其他,三元3.3g全脂纯牛奶无菌砖（200ml*24）卡皮巴拉,7,200.44
2026-8-28,小程序及其他,小程序及其他,三元北京纯牛奶全脂（250mL*10）,12,221.97
2026-8-28,小程序及其他,小程序及其他,小方白卡皮巴拉脱脂纯牛奶（200mL*24）,5,119.3
2026-8-28,小程序及其他,小程序及其他,钻石装极致有机纯牛奶（200ml*10）,171,3495.46
2026-8-28,新零售,新零售,250ml三元纯牛奶节庆礼盒-2026中秋（1*18）,200,0
2026-8-28,新零售,新零售,极小智有机A2纯牛奶200mL*10,3,55.44
2026-8-28,新零售,新零售,极致娟姗全脂苗条砖(250ml*12),520,0
2026-8-28,新零售,新零售,极致三代低脂纯牛奶（250ml*12）,6,130.45
2026-8-28,新零售,新零售,极致有机全脂梦幻盖(250ml*12),300,0
2026-8-28,新零售,新零售,三元3.2g小方枕全脂利乐枕-电商(227ml*16),1915,38863.01
2026-8-28,新零售,新零售,三元3.3g方白纯牛奶（250mL*24）,16,491.68
2026-8-28,新零售,新零售,三元3.3g方白全脂无菌砖(200ml*24),4507,0
2026-8-28,新零售,新零售,三元3.3g方白脱脂无菌砖(250ml*24),3,81.95
2026-8-28,新零售,新零售,三元巧克力全脂无菌砖（250ml*24）,100,0
2026-8-29,抖音,抖音,250ml方巧(1*24),386,12376.13
2026-8-29,抖音,抖音,250ml三元纯牛奶节庆礼盒-2026中秋（1*18）,1,0
2026-8-29,抖音,抖音,250S极致娟姗纯牛奶250mL*12,148,3226.12
2026-8-29,抖音,抖音,北京纯全脂拆单盒,208,384.75
2026-8-29,抖音,抖音,常温版极致三代全脂纯牛奶,4,86.82
2026-8-29,抖音,抖音,极致高品质全脂纯牛奶（250ml*16）,2337,63357.94
2026-8-29,抖音,抖音,极致三代低脂纯牛奶（250ml*12）,16,347.88
2026-8-29,抖音,抖音,极致A2精巧装200ml*10,373,5818.32
2026-8-29,抖音,抖音,简卡原味钻酸奶200g*10,14,308.05
2026-8-29,抖音,抖音,梦幻盖极致有机纯牛奶（250ml*12）,11,291.95
2026-8-29,抖音,抖音,三元3.3g方白纯牛奶（250mL*24）,2057,63211.82
2026-8-29,抖音,抖音,三元3.3g方白脱脂无菌砖(250ml*24),48,1311.15
2026-8-29,抖音,抖音,三元3.3g全脂纯牛奶无菌砖（200ml*24）卡皮巴拉,16,458.14
2026-8-29,抖音,抖音,三元北京纯牛奶全脂（250mL*10）,19,351.46
2026-8-29,抖音,抖音,三元纯牛奶足球礼盒（250ml*12）,275,5832.75
2026-8-29,抖音,抖音,听装三元畅倍益益生菌奶粉700g*6,687,0
2026-8-29,京东,京东自营,冰岛式酸奶（200g*24）,3009,134913.33
2026-8-29,京东,京东自营,极致4.0高蛋白纯牛奶250mL*24,2139,111367.68
2026-8-29,京东,京东自营,极致高品质全脂纯牛奶（250ml*16）,24416,661937.29
2026-8-29,京东,京东自营,极致极小智有机A2全脂苗条砖(200ml*10),1860,0
2026-8-29,京东,京东自营,极致三代低脂无菌砖(250ml*12),3736,0
2026-8-29,京东,京东自营,极致三代全脂无菌砖（250ml*12）,2480,0
2026-8-29,京东,京东自营,极致有机低脂纯牛奶（200ml*21）,6504,251442.69
2026-8-29,京东,京东自营,极致有机全脂梦幻盖(250ml*12),4396,0
2026-8-29,京东,京东自营,极致A2精巧装16入,4196,100158.52
2026-8-29,京东,京东自营,极致A2β-酪蛋白全脂无菌砖(200ml*10),6948,0
2026-8-29,京东,京东自营,三元3.3g方白纯牛奶（250mL*24）日常版,38998,0
2026-8-29,京东,京东自营,三元3.3g方白脱脂无菌砖(250ml*24),17432,476165.54
2026-8-29,京东,京东自营,三元3.3g全脂纯牛奶无菌砖（200ml*24）卡皮巴拉,30528,874132.65
2026-8-29,京东,京东自营,三元高钙全脂无菌砖(250ml*20),8952,0
2026-8-29,京东,京东自营,三元简卡全脂砖石包(200g*10),1836,0
2026-8-29,京东,京东自营,三元巧克力全脂无菌砖（250ml*24）,5116,0
2026-8-29,京东,京东自营,小方白卡皮巴拉低脂高钙牛奶（200mL*24）,4260,112121.5
2026-8-29,京东,京东自营,小方白卡皮巴拉脱脂纯牛奶（200mL*24）,4408,105173.56
2026-8-29,京东,京东自营,钻石包极致有机纯牛奶（200ml*21）,13372,484840.64
2026-8-29,京东,京东POP,250ml方巧(1*24),8,256.5
2026-8-29,京东,京东POP,250ml舒释奶（全脂)(1*12),29,576.77
2026-8-29,京东,京东POP,250S极致娟姗纯牛奶250mL*12,16,348.77
2026-8-29,京东,京东POP,250S极致有机纯牛奶250mL*12,1,24.13
2026-8-29,京东,京东POP,常温版极致三代全脂纯牛奶,3,65.11
2026-8-29,京东,京东POP,极小智有机A2纯牛奶200mL*10,17,314.18
2026-8-29,京东,京东POP,极致高品质全脂纯牛奶（250ml*16）,189,5123.94
2026-8-29,京东,京东POP,极致三代低脂纯牛奶（250ml*12）,11,239.17
2026-8-29,京东,京东POP,极致A2精巧装200ml*10,100,1559.87
2026-8-29,京东,京东POP,简卡原味钻酸奶200g*10,5,110.02
2026-8-29,京东,京东POP,梦幻盖极致有机纯牛奶（250ml*12）,12,318.49
2026-8-29,京东,京东POP,梦幻盖极致A2纯牛奶250ml*12,8,253.03
2026-8-29,京东,京东POP,三元3.3g方白纯牛奶（250mL*24）,254,7805.45
2026-8-29,京东,京东POP,三元3.3g方白脱脂无菌砖(250ml*24),25,682.89
2026-8-29,京东,京东POP,三元3.3g全脂纯牛奶无菌砖（200ml*24）卡皮巴拉,189,5411.79
2026-8-29,京东,京东POP,三元北京纯牛奶全脂（250mL*10）,14,258.97
2026-8-29,京东,京东POP,体验装 极全单盒,3,5.08
2026-8-29,京东,京东POP,体验装 极小智单盒,3,5.54
2026-8-29,京东,京东POP,钻石装极致有机纯牛奶（200ml*10）,187,3822.52
2026-8-29,拼多多,拼多多,250ml方巧(1*24),17,545.06
2026-8-29,拼多多,拼多多,250ml舒释奶（全脂)(1*12),21,417.66
2026-8-29,拼多多,拼多多,250S极致娟姗纯牛奶250mL*12,2,43.6
2026-8-29,拼多多,拼多多,极小智有机A2纯牛奶200mL*10,7,129.37
2026-8-29,拼多多,拼多多,极致高品质全脂纯牛奶（250ml*16）,82,2223.09
2026-8-29,拼多多,拼多多,极致三代低脂纯牛奶（250ml*12）,6,130.45
2026-8-29,拼多多,拼多多,极致A2精巧装200ml*10,3,46.8
2026-8-29,拼多多,拼多多,简卡原味钻酸奶200g*10,4,88.01
2026-8-29,拼多多,拼多多,梦幻盖极致有机纯牛奶（250ml*12）,1,26.54
2026-8-29,拼多多,拼多多,三元3.3g方白纯牛奶（250mL*24）,1879,57741.86
2026-8-29,拼多多,拼多多,三元3.3g方白脱脂无菌砖(250ml*24),697,19038.97
2026-8-29,拼多多,拼多多,三元北京纯牛奶全脂（250mL*10）,3,55.49
2026-8-29,拼多多,拼多多,体验装单盒方巧,96,128.25
2026-8-29,拼多多,拼多多,小方白卡皮巴拉脱脂纯牛奶（200mL*24）,37,882.81
2026-8-29,拼多多,拼多多,钻石装极致有机纯牛奶（200ml*10）,2,40.88
2026-8-29,天猫,猫超,冰岛式酸奶（200g*24）,1516,67972.29
2026-8-29,天猫,猫超,极致极小智有机A2全脂苗条砖(200ml*10),442,0
2026-8-29,天猫,猫超,极致三代低脂无菌砖(250ml*12),36,0
2026-8-29,天猫,猫超,极致有机全脂梦幻盖(250ml*12),426,0
2026-8-29,天猫,猫超,极致A2β-酪蛋白全脂无菌砖(200ml*10),410,0
2026-8-29,天猫,猫超,三元3.2g小方枕全脂利乐枕-电商(227ml*16),200,4058.8
2026-8-29,天猫,猫超,三元3.3g方白纯牛奶（250mL*24）日常版,164,0
2026-8-29,天猫,猫超,三元3.3g方白脱脂无菌砖(250ml*24),603,16471.31
2026-8-29,天猫,猫超,三元3.3g全脂纯牛奶无菌砖（200ml*24）卡皮巴拉,1014,29034.67
2026-8-29,天猫,猫超,三元高钙全脂无菌砖(250ml*20),139,0
2026-8-29,天猫,猫超,三元简卡全脂砖石包(200g*10),108,0
2026-8-29,天猫,猫超,小方白卡皮巴拉脱脂纯牛奶（200mL*24）,1103,26317.25
2026-8-29,天猫,猫超,钻石包极致有机纯牛奶（200ml*21）,3316,120231.2
2026-8-29,天猫,猫旗,250ml方巧(1*24),106,3398.63
2026-8-29,天猫,猫旗,250ml舒释奶（全脂)(1*12),10,198.89
2026-8-29,天猫,猫旗,250S极致娟姗纯牛奶250mL*12,92,2005.43
2026-8-29,天猫,猫旗,250S极致有机纯牛奶250mL*12,12,289.51
2026-8-29,天猫,猫旗,北京纯全脂拆单盒,90,166.48
2026-8-29,天猫,猫旗,常温版极致三代全脂纯牛奶,7,151.93
2026-8-29,天猫,猫旗,极小智有机A2纯牛奶200mL*10,38,702.29
2026-8-29,天猫,猫旗,极致高品质全脂纯牛奶（250ml*16）,156,4229.28
2026-8-29,天猫,猫旗,极致三代低脂纯牛奶（250ml*12）,17,369.62
2026-8-29,天猫,猫旗,极致A2精巧装200ml*10,61,951.52
2026-8-29,天猫,猫旗,简卡原味钻酸奶200g*10,12,264.04
2026-8-29,天猫,猫旗,梦幻盖极致有机纯牛奶（250ml*12）,69,1831.32
2026-8-29,天猫,猫旗,梦幻盖极致A2纯牛奶250ml*12,3,94.89
2026-8-29,天猫,猫旗,三元3.3g方白纯牛奶（250mL*24）,662,20343.33
2026-8-29,天猫,猫旗,三元3.3g方白脱脂无菌砖(250ml*24),236,6446.48
2026-8-29,天猫,猫旗,三元3.3g全脂纯牛奶无菌砖（200ml*24）卡皮巴拉,16,458.14
2026-8-29,天猫,猫旗,三元北京纯牛奶全脂（250mL*10）,9,166.48
2026-8-29,天猫,猫旗,三元纯牛奶足球礼盒（250ml*12）,4,84.84
2026-8-29,天猫,猫旗,体验装 极致娟姗拆单盒,24,43.6
2026-8-29,天猫,猫旗,体验装 极致A2精巧单盒,41,108.07
2026-8-29,天猫,猫旗,体验装 特品脱脂拆单盒,36,35.79
2026-8-29,天猫,猫旗,体验装 有机单盒,12,24.13
2026-8-29,天猫,猫旗,体验装单盒方巧,108,144.28
2026-8-29,天猫,猫旗,体验装单盒特品,570,692.64
2026-8-29,天猫,猫旗,小方白卡皮巴拉脱脂纯牛奶（200mL*24）,16,381.76
2026-8-29,小程序及其他,小程序及其他,250ml方巧(1*24),101,3238.31
2026-8-29,小程序及其他,小程序及其他,250ml舒释奶（全脂)(1*12),1,19.89
2026-8-29,小程序及其他,小程序及其他,250S极致娟姗纯牛奶250mL*12,3,65.39
2026-8-29,小程序及其他,小程序及其他,250S极致有机纯牛奶250mL*12,8,193.01
2026-8-29,小程序及其他,小程序及其他,常温版极致三代全脂纯牛奶,14,303.85
2026-8-29,小程序及其他,小程序及其他,极小智有机A2纯牛奶200mL*10,2,36.96
2026-8-29,小程序及其他,小程序及其他,极致高品质全脂纯牛奶（250ml*16）,18,487.99
2026-8-29,小程序及其他,小程序及其他,极致三代低脂纯牛奶（250ml*12）,119,2587.36
2026-8-29,小程序及其他,小程序及其他,极致A2精巧装200ml*10,116,1809.45
2026-8-29,小程序及其他,小程序及其他,简卡原味钻酸奶200g*10,24,528.09
2026-8-29,小程序及其他,小程序及其他,梦幻盖极致有机纯牛奶（250ml*12）,7,185.79
2026-8-29,小程序及其他,小程序及其他,梦幻盖极致A2纯牛奶250ml*12,36,1138.65
2026-8-29,小程序及其他,小程序及其他,三元3.3g方白纯牛奶（250mL*24）,470,14443.15
2026-8-29,小程序及其他,小程序及其他,三元3.3g方白脱脂无菌砖(250ml*24),3,81.95
2026-8-29,小程序及其他,小程序及其他,三元3.3g全脂纯牛奶无菌砖（200ml*24）卡皮巴拉,2,57.27
2026-8-29,小程序及其他,小程序及其他,三元北京纯牛奶全脂（250mL*10）,12,221.97
2026-8-29,小程序及其他,小程序及其他,小方白卡皮巴拉脱脂纯牛奶（200mL*24）,1,23.86
2026-8-29,小程序及其他,小程序及其他,钻石装极致有机纯牛奶（200ml*10）,40,817.65
2026-8-29,新零售,新零售,250S极致娟姗纯牛奶250mL*12,2,43.6
2026-8-29,新零售,新零售,极致高品质全脂纯牛奶（250ml*16）,600,16266.48
2026-8-29,新零售,新零售,极致三代低脂纯牛奶（250ml*12）,2,43.49
2026-8-29,新零售,新零售,极致三代低脂无菌砖(250ml*12),840,0
2026-8-29,新零售,新零售,极致三代全脂无菌砖（250ml*12）,1000,0
2026-8-29,新零售,新零售,极致有机全脂苗条砖(200ml*10),3000,0
2026-8-29,新零售,新零售,极致A2β-酪蛋白全脂无菌砖(200ml*10),860,0
2026-8-29,新零售,新零售,梦幻盖极致有机纯牛奶（250ml*12）,2,53.08
2026-8-29,新零售,新零售,三元3.2g小方枕全脂利乐枕-电商(227ml*16),1266,25692.2
2026-8-29,新零售,新零售,三元3.3g方白纯牛奶（250mL*24）,17,522.41
2026-8-29,新零售,新零售,三元3.3g方白纯牛奶（250mL*24）日常版,8200,0
2026-8-29,新零售,新零售,三元3.3g方白脱脂无菌砖(250ml*24),153,4179.29
2026-8-29,新零售,新零售,三元3.3g全脂纯牛奶无菌砖（200ml*24）卡皮巴拉,3100,88764.78
2026-8-29,新零售,新零售,三元简卡全脂砖石包(200g*10),600,0
2026-8-30,抖音,抖音,250ml方巧(1*24),464,14877
2026-8-30,抖音,抖音,250S极致娟姗纯牛奶250mL*12,239,5209.75
2026-8-30,抖音,抖音,北京纯全脂拆单盒,212,392.15
2026-8-30,抖音,抖音,常温版极致三代全脂纯牛奶,1,21.7
2026-8-30,抖音,抖音,极小智有机A2纯牛奶200mL*10,2,36.96
2026-8-30,抖音,抖音,极致高品质全脂纯牛奶（250ml*16）,741,20089.1
2026-8-30,抖音,抖音,极致三代低脂纯牛奶（250ml*12）,15,326.14
2026-8-30,抖音,抖音,极致A2精巧装200ml*10,379,5911.91
2026-8-30,抖音,抖音,简卡原味钻酸奶200g*10,16,352.06
2026-8-30,抖音,抖音,梦幻盖极致有机纯牛奶（250ml*12）,34,902.39
2026-8-30,抖音,抖音,三元3.3g方白纯牛奶（250mL*24）,2028,62320.64
2026-8-30,抖音,抖音,三元3.3g方白脱脂无菌砖(250ml*24),48,1311.15
2026-8-30,抖音,抖音,三元3.3g全脂纯牛奶无菌砖（200ml*24）卡皮巴拉,9,257.7
2026-8-30,抖音,抖音,三元北京纯牛奶全脂（250mL*10）,38,702.92
2026-8-30,抖音,抖音,三元纯牛奶足球礼盒（250ml*12）,181,3839.01
2026-8-30,抖音,抖音,体验装 极全单盒,2,3.39
2026-8-30,抖音,抖音,钻石装极致有机纯牛奶（200ml*10）,30,613.24
2026-8-30,京东,京东自营,极致4.0高蛋白纯牛奶250mL*24,2618,136306.96
2026-8-30,京东,京东自营,极致极小智有机A2全脂苗条砖(200ml*10),3012,0
2026-8-30,京东,京东自营,极致三代全脂无菌砖（250ml*12）,3556,0
2026-8-30,京东,京东自营,三元3.2g小方枕全脂利乐枕-电商(227ml*16),4600,93352.4
2026-8-30,京东,京东自营,钻石包极致有机纯牛奶（200ml*21）,1319,47824.17
2026-8-30,京东,京东POP,250ml方巧(1*24),15,480.94
2026-8-30,京东,京东POP,250ml舒释奶（全脂)(1*12),23,457.44
2026-8-30,京东,京东POP,250S极致娟姗纯牛奶250mL*12,15,326.97
2026-8-30,京东,京东POP,250S极致有机纯牛奶250mL*12,2,48.25
2026-8-30,京东,京东POP,常温版极致三代全脂纯牛奶,6,130.22
2026-8-30,京东,京东POP,极小智有机A2纯牛奶200mL*10,55,1016.47
2026-8-30,京东,京东POP,极致高品质全脂纯牛奶（250ml*16）,256,6940.36
2026-8-30,京东,京东POP,极致三代低脂纯牛奶（250ml*12）,20,434.85
2026-8-30,京东,京东POP,极致A2精巧装200ml*10,109,1700.26
2026-8-30,京东,京东POP,简卡原味钻酸奶200g*10,2,44.01
2026-8-30,京东,京东POP,梦幻盖极致有机纯牛奶（250ml*12）,15,398.11
2026-8-30,京东,京东POP,梦幻盖极致A2纯牛奶250ml*12,2,63.26
2026-8-30,京东,京东POP,三元3.3g方白纯牛奶（250mL*24）,325,9987.28
2026-8-30,京东,京东POP,三元3.3g方白脱脂无菌砖(250ml*24),25,682.89
2026-8-30,京东,京东POP,三元3.3g全脂纯牛奶无菌砖（200ml*24）卡皮巴拉,254,7272.99
2026-8-30,京东,京东POP,三元北京纯牛奶全脂（250mL*10）,14,258.97
2026-8-30,京东,京东POP,三元纯牛奶足球礼盒（250ml*12）,1,21.21
2026-8-30,京东,京东POP,体验装 极小智单盒,3,5.54
2026-8-30,京东,京东POP,体验装单盒方巧,8,10.69
2026-8-30,京东,京东POP,钻石装极致有机纯牛奶（200ml*10）,235,4803.71
2026-8-30,拼多多,拼多多,250ml方巧(1*24),4,128.25
2026-8-30,拼多多,拼多多,250ml舒释奶（全脂)(1*12),18,358
2026-8-30,拼多多,拼多多,250S极致娟姗纯牛奶250mL*12,6,130.79
2026-8-30,拼多多,拼多多,极小智有机A2纯牛奶200mL*10,11,203.29
2026-8-30,拼多多,拼多多,极致高品质全脂纯牛奶（250ml*16）,97,2629.75
2026-8-30,拼多多,拼多多,极致三代低脂纯牛奶（250ml*12）,12,260.91
2026-8-30,拼多多,拼多多,极致A2精巧装200ml*10,2,31.2
2026-8-30,拼多多,拼多多,简卡原味钻酸奶200g*10,1,22
2026-8-30,拼多多,拼多多,梦幻盖极致有机纯牛奶（250ml*12）,7,185.79
2026-8-30,拼多多,拼多多,三元3.3g方白纯牛奶（250mL*24）,2239,68804.69
2026-8-30,拼多多,拼多多,三元3.3g方白脱脂无菌砖(250ml*24),726,19831.13
2026-8-30,拼多多,拼多多,体验装单盒方巧,48,64.13
2026-8-30,拼多多,拼多多,小方白卡皮巴拉脱脂纯牛奶（200mL*24）,42,1002.11
2026-8-30,拼多多,拼多多,钻石装极致有机纯牛奶（200ml*10）,2,40.88
2026-8-30,天猫,猫旗,250ml方巧(1*24),119,3815.44
2026-8-30,天猫,猫旗,250ml舒释奶（全脂)(1*12),15,298.33
2026-8-30,天猫,猫旗,250S极致娟姗纯牛奶250mL*12,107,2332.4
2026-8-30,天猫,猫旗,250S极致有机纯牛奶250mL*12,10,241.26
2026-8-30,天猫,猫旗,北京纯全脂拆单盒,54,99.89
2026-8-30,天猫,猫旗,常温版极致三代全脂纯牛奶,3,65.11
2026-8-30,天猫,猫旗,极小智有机A2纯牛奶200mL*10,68,1256.73
2026-8-30,天猫,猫旗,极致高品质全脂纯牛奶（250ml*16）,157,4256.4
2026-8-30,天猫,猫旗,极致三代低脂纯牛奶（250ml*12）,11,239.17
2026-8-30,天猫,猫旗,极致A2精巧装200ml*10,53,826.73
2026-8-30,天猫,猫旗,简卡原味钻酸奶200g*10,1,22
2026-8-30,天猫,猫旗,梦幻盖极致有机纯牛奶（250ml*12）,50,1327.05
2026-8-30,天猫,猫旗,梦幻盖极致A2纯牛奶250ml*12,4,126.52
2026-8-30,天猫,猫旗,三元3.3g方白纯牛奶（250mL*24）,694,21326.69
2026-8-30,天猫,猫旗,三元3.3g方白脱脂无菌砖(250ml*24),243,6637.69
2026-8-30,天猫,猫旗,三元3.3g全脂纯牛奶无菌砖（200ml*24）卡皮巴拉,27,773.11
2026-8-30,天猫,猫旗,三元北京纯牛奶全脂（250mL*10）,9,166.48
2026-8-30,天猫,猫旗,三元纯牛奶足球礼盒（250ml*12）,1,21.21
2026-8-30,天猫,猫旗,体验装 极致娟姗拆单盒,24,43.6
2026-8-30,天猫,猫旗,体验装 极致A2精巧单盒,119,313.66
2026-8-30,天猫,猫旗,体验装 特品脱脂拆单盒,18,17.89
2026-8-30,天猫,猫旗,体验装 有机单盒,72,144.75
2026-8-30,天猫,猫旗,体验装单盒方巧,174,232.45
2026-8-30,天猫,猫旗,体验装单盒特品,522,634.31
2026-8-30,天猫,猫旗,小方白卡皮巴拉脱脂纯牛奶（200mL*24）,23,548.77
2026-8-30,天猫,猫旗,钻石装极致有机纯牛奶（200ml*10）,7,143.09
2026-8-30,小程序及其他,小程序及其他,250ml方巧(1*24),120,3847.5
2026-8-30,小程序及其他,小程序及其他,250ml舒释奶（全脂)(1*12),1,19.89
2026-8-30,小程序及其他,小程序及其他,250S极致娟姗纯牛奶250mL*12,1,21.8
2026-8-30,小程序及其他,小程序及其他,250S极致有机纯牛奶250mL*12,11,265.38
2026-8-30,小程序及其他,小程序及其他,常温版极致三代全脂纯牛奶,20,434.08
2026-8-30,小程序及其他,小程序及其他,极小智有机A2纯牛奶200mL*10,11,203.29
2026-8-30,小程序及其他,小程序及其他,极致高品质全脂纯牛奶（250ml*16）,48,1301.32
2026-8-30,小程序及其他,小程序及其他,极致三代低脂纯牛奶（250ml*12）,99,2152.51
2026-8-30,小程序及其他,小程序及其他,极致A2精巧装200ml*10,118,1840.65
2026-8-30,小程序及其他,小程序及其他,简卡原味钻酸奶200g*10,38,836.14
2026-8-30,小程序及其他,小程序及其他,梦幻盖极致有机纯牛奶（250ml*12）,2,53.08
2026-8-30,小程序及其他,小程序及其他,梦幻盖极致A2纯牛奶250ml*12,49,1549.83
2026-8-30,小程序及其他,小程序及其他,三元3.3g方白纯牛奶（250mL*24）,508,15610.89
2026-8-30,小程序及其他,小程序及其他,三元3.3g方白脱脂无菌砖(250ml*24),13,355.1
2026-8-30,小程序及其他,小程序及其他,三元3.3g全脂纯牛奶无菌砖（200ml*24）卡皮巴拉,1,28.63
2026-8-30,小程序及其他,小程序及其他,三元北京纯牛奶全脂（250mL*10）,10,184.98
2026-8-30,小程序及其他,小程序及其他,小方白卡皮巴拉脱脂纯牛奶（200mL*24）,6,143.16
2026-8-30,小程序及其他,小程序及其他,钻石装极致有机纯牛奶（200ml*10）,23,470.15
2026-8-30,新零售,新零售,250ml三元纯牛奶节庆礼盒-2026中秋（1*18）,1,0
2026-8-30,新零售,新零售,极致高品质全脂纯牛奶（250ml*16）,10,271.11
2026-8-30,新零售,新零售,极致三代低脂纯牛奶（250ml*12）,2,43.49
2026-8-30,新零售,新零售,极致有机全脂梦幻盖(250ml*12),1335,0
2026-8-30,新零售,新零售,三元3.3g方白纯牛奶（250mL*24）,8,245.84
2026-8-30,新零售,新零售,三元3.3g方白脱脂无菌砖(250ml*24),8,218.52
2026-8-31,抖音,抖音,250ml方巧(1*24),416,13338
2026-8-31,抖音,抖音,250S极致娟姗纯牛奶250mL*12,319,6953.59
2026-8-31,抖音,抖音,北京纯全脂拆单盒,204,377.36
2026-8-31,抖音,抖音,常温版极致三代全脂纯牛奶,7,151.93
2026-8-31,抖音,抖音,极小智有机A2纯牛奶200mL*10,4,73.93
2026-8-31,抖音,抖音,极致高品质全脂纯牛奶（250ml*16）,5943,161119.48
2026-8-31,抖音,抖音,极致三代低脂纯牛奶（250ml*12）,23,500.08
2026-8-31,抖音,抖音,极致A2精巧装200ml*10,263,4102.46
2026-8-31,抖音,抖音,简卡原味钻酸奶200g*10,15,330.06
2026-8-31,抖音,抖音,梦幻盖极致有机纯牛奶（250ml*12）,34,902.39
2026-8-31,抖音,抖音,三元3.3g方白纯牛奶（250mL*24）,2411,74090.27
2026-8-31,抖音,抖音,三元3.3g方白脱脂无菌砖(250ml*24),64,1748.2
2026-8-31,抖音,抖音,三元3.3g全脂纯牛奶无菌砖（200ml*24）卡皮巴拉,26,744.48
2026-8-31,抖音,抖音,三元北京纯牛奶全脂（250mL*10）,33,610.43
2026-8-31,抖音,抖音,三元纯牛奶足球礼盒（250ml*12）,180,3817.8
2026-8-31,抖音,抖音,听装三元畅倍益益生菌奶粉700g*6,1775,0
2026-8-31,抖音,抖音,钻石装极致有机纯牛奶（200ml*10）,36,735.89
2026-8-31,京东,京东POP,250ml方巧(1*24),14,448.88
2026-8-31,京东,京东POP,250ml舒释奶（全脂)(1*12),23,457.44
2026-8-31,京东,京东POP,250S极致娟姗纯牛奶250mL*12,21,457.76
2026-8-31,京东,京东POP,250S极致有机纯牛奶250mL*12,2,48.25
2026-8-31,京东,京东POP,极小智有机A2纯牛奶200mL*10,28,517.48
2026-8-31,京东,京东POP,极致高品质全脂纯牛奶（250ml*16）,153,4147.95
2026-8-31,京东,京东POP,极致三代低脂纯牛奶（250ml*12）,19,413.11
2026-8-31,京东,京东POP,极致A2精巧装200ml*10,135,2105.82
2026-8-31,京东,京东POP,简卡原味钻酸奶200g*10,9,198.03
2026-8-31,京东,京东POP,梦幻盖极致有机纯牛奶（250ml*12）,7,185.79
2026-8-31,京东,京东POP,梦幻盖极致A2纯牛奶250ml*12,4,126.52
2026-8-31,京东,京东POP,三元3.3g方白纯牛奶（250mL*24）,397,12199.85
2026-8-31,京东,京东POP,三元3.3g方白脱脂无菌砖(250ml*24),23,628.26
2026-8-31,京东,京东POP,三元3.3g全脂纯牛奶无菌砖（200ml*24）卡皮巴拉,279,7988.83
2026-8-31,京东,京东POP,三元北京纯牛奶全脂（250mL*10）,3,55.49
2026-8-31,京东,京东POP,三元纯牛奶足球礼盒（250ml*12）,1,21.21
2026-8-31,京东,京东POP,钻石装极致有机纯牛奶（200ml*10）,174,3556.79
2026-8-31,拼多多,多多买菜,三元3.3g方白纯牛奶（250mL*24）日常版,5000,0
2026-8-31,拼多多,多多买菜,三元3.3g全脂纯牛奶无菌砖（200ml*24）卡皮巴拉,5000,143169
2026-8-31,拼多多,拼多多,250ml方巧(1*24),9,288.56
2026-8-31,拼多多,拼多多,250ml舒释奶（全脂)(1*12),36,715.99
2026-8-31,拼多多,拼多多,250S极致娟姗纯牛奶250mL*12,4,87.19
2026-8-31,拼多多,拼多多,极小智有机A2纯牛奶200mL*10,6,110.89
2026-8-31,拼多多,拼多多,极致高品质全脂纯牛奶（250ml*16）,180,4879.94
2026-8-31,拼多多,拼多多,极致三代低脂纯牛奶（250ml*12）,16,347.88
2026-8-31,拼多多,拼多多,极致A2精巧装200ml*10,9,140.39
2026-8-31,拼多多,拼多多,简卡原味钻酸奶200g*10,2,44.01
2026-8-31,拼多多,拼多多,梦幻盖极致有机纯牛奶（250ml*12）,6,159.25
2026-8-31,拼多多,拼多多,三元3.3g方白纯牛奶（250mL*24）,2528,77685.69
2026-8-31,拼多多,拼多多,三元3.3g方白脱脂无菌砖(250ml*24),715,19530.65
2026-8-31,拼多多,拼多多,三元北京纯牛奶全脂（250mL*10）,3,55.49
2026-8-31,拼多多,拼多多,体验装单盒方巧,96,128.25
2026-8-31,拼多多,拼多多,小方白卡皮巴拉脱脂纯牛奶（200mL*24）,40,954.39
2026-8-31,拼多多,拼多多,钻石装极致有机纯牛奶（200ml*10）,18,367.94
2026-8-31,天猫,猫超,极致A2β-酪蛋白全脂无菌砖(200ml*10),360,0
2026-8-31,天猫,猫超,三元3.2g小方枕全脂利乐枕-电商(227ml*16),1100,22323.4
2026-8-31,天猫,猫超,三元高钙全脂无菌砖(250ml*20),122,0
2026-8-31,天猫,猫旗,250ml方巧(1*24),131,4200.19
2026-8-31,天猫,猫旗,250ml舒释奶（全脂)(1*12),20,397.77
2026-8-31,天猫,猫旗,250S极致娟姗纯牛奶250mL*12,111,2419.59
2026-8-31,天猫,猫旗,250S极致有机纯牛奶250mL*12,11,265.38
2026-8-31,天猫,猫旗,北京纯全脂拆单盒,54,99.89
2026-8-31,天猫,猫旗,常温版极致三代全脂纯牛奶,8,173.63
2026-8-31,天猫,猫旗,极小智有机A2纯牛奶200mL*10,13,240.26
2026-8-31,天猫,猫旗,极致高品质全脂纯牛奶（250ml*16）,161,4364.84
2026-8-31,天猫,猫旗,极致三代低脂纯牛奶（250ml*12）,22,478.34
2026-8-31,天猫,猫旗,极致A2精巧装200ml*10,44,686.34
2026-8-31,天猫,猫旗,简卡原味钻酸奶200g*10,11,242.04
2026-8-31,天猫,猫旗,梦幻盖极致有机纯牛奶（250ml*12）,58,1539.37
2026-8-31,天猫,猫旗,梦幻盖极致A2纯牛奶250ml*12,1,31.63
2026-8-31,天猫,猫旗,三元3.3g方白纯牛奶（250mL*24）,917,28179.5
2026-8-31,天猫,猫旗,三元3.3g方白脱脂无菌砖(250ml*24),311,8495.15
2026-8-31,天猫,猫旗,三元3.3g全脂纯牛奶无菌砖（200ml*24）卡皮巴拉,17,486.77
2026-8-31,天猫,猫旗,三元北京纯牛奶全脂（250mL*10）,10,184.98
2026-8-31,天猫,猫旗,三元纯牛奶足球礼盒（250ml*12）,7,148.47
2026-8-31,天猫,猫旗,体验装 极全单盒,6,10.17
2026-8-31,天猫,猫旗,体验装 极致娟姗拆单盒,24,43.6
2026-8-31,天猫,猫旗,体验装 极致A2精巧单盒,36,94.89
2026-8-31,天猫,猫旗,体验装 特品脱脂拆单盒,18,17.89
2026-8-31,天猫,猫旗,体验装 有机单盒,72,144.75
2026-8-31,天猫,猫旗,体验装单盒方巧,270,360.7
2026-8-31,天猫,猫旗,体验装单盒特品,978,1188.42
2026-8-31,天猫,猫旗,小方白卡皮巴拉脱脂纯牛奶（200mL*24）,39,930.53
2026-8-31,天猫,猫旗,钻石装极致有机纯牛奶（200ml*10）,1,20.44
2026-8-31,小程序及其他,小程序及其他,250ml方巧(1*24),124,3975.75
2026-8-31,小程序及其他,小程序及其他,250ml舒释奶（全脂)(1*12),2,39.78
2026-8-31,小程序及其他,小程序及其他,250S极致有机纯牛奶250mL*12,10,241.26
2026-8-31,小程序及其他,小程序及其他,常温版极致三代全脂纯牛奶,16,347.26
2026-8-31,小程序及其他,小程序及其他,极小智有机A2纯牛奶200mL*10,9,166.33
2026-8-31,小程序及其他,小程序及其他,极致高品质全脂纯牛奶（250ml*16）,64,1735.09
2026-8-31,小程序及其他,小程序及其他,极致三代低脂纯牛奶（250ml*12）,159,3457.06
2026-8-31,小程序及其他,小程序及其他,极致A2精巧装200ml*10,246,3837.28
2026-8-31,小程序及其他,小程序及其他,简卡原味钻酸奶200g*10,27,594.1
2026-8-31,小程序及其他,小程序及其他,梦幻盖极致有机纯牛奶（250ml*12）,17,451.2
2026-8-31,小程序及其他,小程序及其他,梦幻盖极致A2纯牛奶250ml*12,33,1043.76
2026-8-31,小程序及其他,小程序及其他,三元3.3g方白纯牛奶（250mL*24）,482,14811.91
2026-8-31,小程序及其他,小程序及其他,三元3.3g方白脱脂无菌砖(250ml*24),21,573.63
2026-8-31,小程序及其他,小程序及其他,三元3.3g全脂纯牛奶无菌砖（200ml*24）卡皮巴拉,10,286.34
2026-8-31,小程序及其他,小程序及其他,三元北京纯牛奶全脂（250mL*10）,22,406.95
2026-8-31,小程序及其他,小程序及其他,小方白卡皮巴拉脱脂纯牛奶（200mL*24）,7,167.02
2026-8-31,小程序及其他,小程序及其他,钻石装极致有机纯牛奶（200ml*10）,72,1471.77
2026-8-31,新零售,新零售,250ml三元纯牛奶节庆礼盒-2026中秋（1*18）,1,0
2026-8-31,新零售,新零售,250S极致娟姗纯牛奶250mL*12,1,21.8
2026-8-31,新零售,新零售,极小智有机A2纯牛奶200mL*10,3,55.44
2026-8-31,新零售,新零售,极致高品质全脂纯牛奶（250ml*16）,8,216.89
2026-8-31,新零售,新零售,极致三代低脂纯牛奶（250ml*12）,4,86.97
2026-8-31,新零售,新零售,梦幻盖极致有机纯牛奶（250ml*12）,5,132.7
2026-8-31,新零售,新零售,三元3.3g方白纯牛奶（250mL*24）,12,368.76
2026-8-31,新零售,新零售,三元3.3g方白脱脂无菌砖(250ml*24),11,300.47
2026-9-1,抖音,抖音,250ml方巧(1*24),347,11125.69
2026-9-1,抖音,抖音,250ml三元纯牛奶节庆礼盒-2026中秋（1*18）,4,0
2026-9-1,抖音,抖音,250S极致娟姗纯牛奶250mL*12,266,5798.29
2026-9-1,抖音,抖音,北京纯全脂拆单盒,188,347.76
2026-9-1,抖音,抖音,常温版极致三代全脂纯牛奶,3,65.11
2026-9-1,抖音,抖音,极小智有机A2纯牛奶200mL*10,2,36.96
2026-9-1,抖音,抖音,极致高品质全脂纯牛奶（250ml*16）,1382,37467.13
2026-9-1,抖音,抖音,极致三代低脂纯牛奶（250ml*12）,40,869.7
2026-9-1,抖音,抖音,极致A2精巧装200ml*10,161,2511.39
2026-9-1,抖音,抖音,简卡原味钻酸奶200g*10,9,198.03
2026-9-1,抖音,抖音,梦幻盖极致有机纯牛奶（250ml*12）,21,557.36
2026-9-1,抖音,抖音,三元3.3g方白纯牛奶（250mL*24）,1776,54576.66
2026-9-1,抖音,抖音,三元3.3g方白脱脂无菌砖(250ml*24),57,1556.99
2026-9-1,抖音,抖音,三元3.3g全脂纯牛奶无菌砖（200ml*24）卡皮巴拉,18,515.41
2026-9-1,抖音,抖音,三元北京纯牛奶全脂（250mL*10）,23,425.45
2026-9-1,抖音,抖音,三元纯牛奶足球礼盒（250ml*12）,33,699.93
2026-9-1,抖音,抖音,听装三元畅倍益益生菌奶粉700g*6,388,0
2026-9-1,抖音,抖音,小方白卡皮巴拉脱脂纯牛奶（200mL*24）,2,47.72
2026-9-1,抖音,抖音,钻石装极致有机纯牛奶（200ml*10）,12,245.3
2026-9-1,京东,京东POP,250ml方巧(1*24),30,961.88
2026-9-1,京东,京东POP,250ml三元纯牛奶节庆礼盒-2026中秋（1*18）,1,0
2026-9-1,京东,京东POP,250ml舒释奶（全脂)(1*12),40,795.55
2026-9-1,京东,京东POP,250S极致娟姗纯牛奶250mL*12,10,217.98
2026-9-1,京东,京东POP,250S极致有机纯牛奶250mL*12,6,144.75
2026-9-1,京东,京东POP,常温版极致三代全脂纯牛奶,1,21.7
2026-9-1,京东,京东POP,极小智有机A2纯牛奶200mL*10,39,720.77
2026-9-1,京东,京东POP,极致高品质全脂纯牛奶（250ml*16）,160,4337.73
2026-9-1,京东,京东POP,极致三代低脂纯牛奶（250ml*12）,10,217.43
2026-9-1,京东,京东POP,极致A2精巧装200ml*10,91,1419.48
2026-9-1,京东,京东POP,简卡原味钻酸奶200g*10,3,66.01
2026-9-1,京东,京东POP,梦幻盖极致有机纯牛奶（250ml*12）,4,106.16
2026-9-1,京东,京东POP,梦幻盖极致A2纯牛奶250ml*12,8,253.03
2026-9-1,京东,京东POP,三元3.3g方白纯牛奶（250mL*24）,183,5623.61
2026-9-1,京东,京东POP,三元3.3g方白脱脂无菌砖(250ml*24),26,710.21
2026-9-1,京东,京东POP,三元3.3g全脂纯牛奶无菌砖（200ml*24）卡皮巴拉,271,7759.76
2026-9-1,京东,京东POP,三元北京纯牛奶全脂（250mL*10）,12,221.97
2026-9-1,京东,京东POP,体验装 极小智单盒,3,5.54
2026-9-1,京东,京东POP,钻石装极致有机纯牛奶（200ml*10）,187,3822.52
2026-9-1,拼多多,拼多多,250ml方巧(1*24),21,673.31
2026-9-1,拼多多,拼多多,250ml舒释奶（全脂)(1*12),46,914.88
2026-9-1,拼多多,拼多多,250S极致娟姗纯牛奶250mL*12,4,87.19
2026-9-1,拼多多,拼多多,常温版极致三代全脂纯牛奶,2,43.41
2026-9-1,拼多多,拼多多,极小智有机A2纯牛奶200mL*10,9,166.33
2026-9-1,拼多多,拼多多,极致高品质全脂纯牛奶（250ml*16）,173,4690.17
2026-9-1,拼多多,拼多多,极致三代低脂纯牛奶（250ml*12）,11,239.17
2026-9-1,拼多多,拼多多,极致A2精巧装200ml*10,18,280.78
2026-9-1,拼多多,拼多多,简卡原味钻酸奶200g*10,3,66.01
2026-9-1,拼多多,拼多多,梦幻盖极致有机纯牛奶（250ml*12）,15,398.11
2026-9-1,拼多多,拼多多,三元3.3g方白纯牛奶（250mL*24）,2710,83278.57
2026-9-1,拼多多,拼多多,三元3.3g方白脱脂无菌砖(250ml*24),814,22234.9
2026-9-1,拼多多,拼多多,三元纯牛奶足球礼盒（250ml*12）,1,21.21
2026-9-1,拼多多,拼多多,体验装单盒方巧,112,149.63
2026-9-1,拼多多,拼多多,小方白卡皮巴拉脱脂纯牛奶（200mL*24）,35,835.09
2026-9-1,拼多多,拼多多,钻石装极致有机纯牛奶（200ml*10）,14,286.18
2026-9-1,天猫,猫旗,250ml方巧(1*24),141,4520.81
2026-9-1,天猫,猫旗,250ml三元纯牛奶节庆礼盒-2026中秋（1*18）,2,0
2026-9-1,天猫,猫旗,250ml舒释奶（全脂)(1*12),8,159.11
2026-9-1,天猫,猫旗,250S极致娟姗纯牛奶250mL*12,98,2136.21
2026-9-1,天猫,猫旗,250S极致有机纯牛奶250mL*12,9,217.13
2026-9-1,天猫,猫旗,北京纯全脂拆单盒,90,166.48
2026-9-1,天猫,猫旗,常温版极致三代全脂纯牛奶,5,108.52
2026-9-1,天猫,猫旗,极小智有机A2纯牛奶200mL*10,48,887.1
2026-9-1,天猫,猫旗,极致高品质全脂纯牛奶（250ml*16）,154,4175.06
2026-9-1,天猫,猫旗,极致三代低脂纯牛奶（250ml*12）,21,456.59
2026-9-1,天猫,猫旗,极致A2精巧装200ml*10,51,795.53
2026-9-1,天猫,猫旗,简卡原味钻酸奶200g*10,3,66.01
2026-9-1,天猫,猫旗,梦幻盖极致有机纯牛奶（250ml*12）,46,1220.88
2026-9-1,天猫,猫旗,梦幻盖极致A2纯牛奶250ml*12,4,126.52
2026-9-1,天猫,猫旗,三元3.3g方白纯牛奶（250mL*24）,805,24737.73
2026-9-1,天猫,猫旗,三元3.3g方白脱脂无菌砖(250ml*24),233,6364.53
2026-9-1,天猫,猫旗,三元3.3g全脂纯牛奶无菌砖（200ml*24）卡皮巴拉,35,1002.18
2026-9-1,天猫,猫旗,三元北京纯牛奶全脂（250mL*10）,18,332.96
2026-9-1,天猫,猫旗,体验装 极全单盒,18,30.5
2026-9-1,天猫,猫旗,体验装 极致娟姗拆单盒,48,87.19
2026-9-1,天猫,猫旗,体验装 极致A2精巧单盒,54,142.33
2026-9-1,天猫,猫旗,体验装 有机单盒,36,72.38
2026-9-1,天猫,猫旗,体验装单盒方巧,144,192.38
2026-9-1,天猫,猫旗,体验装单盒特品,630,765.55
2026-9-1,天猫,猫旗,小方白卡皮巴拉脱脂纯牛奶（200mL*24）,33,787.37
2026-9-1,天猫,猫旗,钻石装极致有机纯牛奶（200ml*10）,10,204.41
2026-9-1,小程序及其他,小程序及其他,250ml方巧(1*24),126,4039.88
2026-9-1,小程序及其他,小程序及其他,250ml三元纯牛奶节庆礼盒-2026中秋（1*18）,1,0
2026-9-1,小程序及其他,小程序及其他,250ml舒释奶（全脂)(1*12),6,119.33
2026-9-1,小程序及其他,小程序及其他,250S极致娟姗纯牛奶250mL*12,2,43.6
2026-9-1,小程序及其他,小程序及其他,250S极致有机纯牛奶250mL*12,5,120.63
2026-9-1,小程序及其他,小程序及其他,常温版极致三代全脂纯牛奶,31,672.82
2026-9-1,小程序及其他,小程序及其他,极小智有机A2纯牛奶200mL*10,6,110.89
2026-9-1,小程序及其他,小程序及其他,极致高品质全脂纯牛奶（250ml*16）,80,2168.86
2026-9-1,小程序及其他,小程序及其他,极致三代低脂纯牛奶（250ml*12）,149,3239.63
2026-9-1,小程序及其他,小程序及其他,极致A2精巧装200ml*10,224,3494.11
2026-9-1,小程序及其他,小程序及其他,简卡原味钻酸奶200g*10,52,1144.19
2026-9-1,小程序及其他,小程序及其他,梦幻盖极致有机纯牛奶（250ml*12）,7,185.79
2026-9-1,小程序及其他,小程序及其他,梦幻盖极致A2纯牛奶250ml*12,31,980.51
2026-9-1,小程序及其他,小程序及其他,三元3.3g方白纯牛奶（250mL*24）,369,11339.41
2026-9-1,小程序及其他,小程序及其他,三元3.3g方白脱脂无菌砖(250ml*24),17,464.37
2026-9-1,小程序及其他,小程序及其他,三元3.3g全脂纯牛奶无菌砖（200ml*24）卡皮巴拉,6,171.8
2026-9-1,小程序及其他,小程序及其他,三元北京纯牛奶全脂（250mL*10）,12,221.97
2026-9-1,小程序及其他,小程序及其他,小方白卡皮巴拉脱脂纯牛奶（200mL*24）,11,262.46
2026-9-1,小程序及其他,小程序及其他,钻石装极致有机纯牛奶（200ml*10）,36,735.89
2026-9-1,新零售,新零售,250ml三元纯牛奶节庆礼盒-2026中秋（1*18）,1,0
2026-9-1,新零售,新零售,250S极致娟姗纯牛奶250mL*12,3,65.39
2026-9-1,新零售,新零售,极小智有机A2纯牛奶200mL*10,9,166.33
2026-9-1,新零售,新零售,极致4.0高蛋白纯牛奶250mL*24,69,3592.51
2026-9-1,新零售,新零售,极致高品质全脂纯牛奶（250ml*16）,404,10952.76
2026-9-1,新零售,新零售,极致娟姗全脂苗条砖(250ml*12),80,0
2026-9-1,新零售,新零售,极致三代低脂纯牛奶（250ml*12）,12,260.91
2026-9-1,新零售,新零售,极致三代低脂无菌砖(250ml*12),1992,0
2026-9-1,新零售,新零售,极致三代全脂无菌砖（250ml*12）,1376,0
2026-9-1,新零售,新零售,极致有机全脂梦幻盖(250ml*12),4024,0
2026-9-1,新零售,新零售,极致有机全脂苗条砖(200ml*10),924,0
2026-9-1,新零售,新零售,极致A2β-酪蛋白全脂无菌砖(200ml*10),1892,0
2026-9-1,新零售,新零售,梦幻盖极致有机纯牛奶（250ml*12）,11,291.95
2026-9-1,新零售,新零售,三元3.2g小方枕全脂利乐枕-电商(227ml*16),2159,43814.75
2026-9-1,新零售,新零售,三元3.3g方白纯牛奶（250mL*24）,27,829.71
2026-9-1,新零售,新零售,三元3.3g方白纯牛奶（250mL*24）日常版,6500,0
2026-9-1,新零售,新零售,三元3.3g方白脱脂无菌砖(250ml*24),4012,109590.19
2026-9-1,新零售,新零售,三元3.3g全脂纯牛奶无菌砖（200ml*24）卡皮巴拉,126,3607.86
2026-9-1,新零售,新零售,三元高钙全脂无菌砖(250ml*20),2427,0
2026-9-1,新零售,新零售,三元简卡全脂砖石包(200g*10),100,0
2026-9-1,新零售,新零售,三元巧克力全脂无菌砖（250ml*24）,1912,0
2026-9-2,抖音,抖音,250ml方巧(1*24),181,5803.31
2026-9-2,抖音,抖音,250ml三元纯牛奶节庆礼盒-2026中秋（1*18）,28,0
2026-9-2,抖音,抖音,250S极致娟姗纯牛奶250mL*12,104,2267
2026-9-2,抖音,抖音,北京纯全脂拆单盒,98,181.28
2026-9-2,抖音,抖音,常温版极致三代全脂纯牛奶,18,390.67
2026-9-2,抖音,抖音,极小智有机A2纯牛奶200mL*10,5,92.41
2026-9-2,抖音,抖音,极致高品质全脂纯牛奶（250ml*16）,1135,30770.76
2026-9-2,抖音,抖音,极致三代低脂纯牛奶（250ml*12）,15,326.14
2026-9-2,抖音,抖音,极致A2精巧装200ml*10,92,1435.08
2026-9-2,抖音,抖音,简卡原味钻酸奶200g*10,9,198.03
2026-9-2,抖音,抖音,梦幻盖极致有机纯牛奶（250ml*12）,8,212.33
2026-9-2,抖音,抖音,三元3.3g方白纯牛奶（250mL*24）,1476,45357.63
2026-9-2,抖音,抖音,三元3.3g方白脱脂无菌砖(250ml*24),65,1775.51
2026-9-2,抖音,抖音,三元3.3g全脂纯牛奶无菌砖（200ml*24）卡皮巴拉,25,715.85
2026-9-2,抖音,抖音,三元北京纯牛奶全脂（250mL*10）,9,166.48
2026-9-2,抖音,抖音,三元纯牛奶足球礼盒（250ml*12）,76,1611.96
2026-9-2,抖音,抖音,听装三元畅倍益益生菌奶粉700g*6,278,0
2026-9-2,抖音,抖音,小方白卡皮巴拉脱脂纯牛奶（200mL*24）,6,143.16
2026-9-2,抖音,抖音,钻石装极致有机纯牛奶（200ml*10）,9,183.97
2026-9-2,京东,京东自营,250ml三元纯牛奶节庆礼盒-2026中秋（1*18）,1200,0
2026-9-2,京东,京东自营,三元3.3g方白纯牛奶（250mL*24）日常版,5790,0
2026-9-2,京东,京东POP,250ml方巧(1*24),12,384.75
2026-9-2,京东,京东POP,250ml舒释奶（全脂)(1*12),24,477.33
2026-9-2,京东,京东POP,250S极致娟姗纯牛奶250mL*12,6,130.79
2026-9-2,京东,京东POP,250S极致有机纯牛奶250mL*12,2,48.25
2026-9-2,京东,京东POP,极小智有机A2纯牛奶200mL*10,37,683.81
2026-9-2,京东,京东POP,极致高品质全脂纯牛奶（250ml*16）,13,352.44
2026-9-2,京东,京东POP,极致三代低脂纯牛奶（250ml*12）,4,86.97
2026-9-2,京东,京东POP,极致A2精巧装200ml*10,187,2916.96
2026-9-2,京东,京东POP,简卡原味钻酸奶200g*10,4,88.01
2026-9-2,京东,京东POP,梦幻盖极致有机纯牛奶（250ml*12）,14,371.57
2026-9-2,京东,京东POP,梦幻盖极致A2纯牛奶250ml*12,3,94.89
2026-9-2,京东,京东POP,三元 芭缔欧冰岛式酸奶巴沙杀菌200g*24盒/箱,1,0
2026-9-2,京东,京东POP,三元3.3g方白纯牛奶（250mL*24）,127,3902.72
2026-9-2,京东,京东POP,三元3.3g方白脱脂无菌砖(250ml*24),28,764.84
2026-9-2,京东,京东POP,三元3.3g全脂纯牛奶无菌砖（200ml*24）卡皮巴拉,34,973.55
2026-9-2,京东,京东POP,三元北京纯牛奶全脂（250mL*10）,5,92.49
2026-9-2,京东,京东POP,三元纯牛奶足球礼盒（250ml*12）,1,21.21
2026-9-2,京东,京东POP,体验装 极小智单盒,3,5.54
2026-9-2,京东,京东POP,体验装 极致娟姗拆单盒,2,3.63
2026-9-2,京东,京东POP,体验装单盒方巧,4,5.34
2026-9-2,京东,京东POP,钻石装极致有机纯牛奶（200ml*10）,314,6418.57
2026-9-2,拼多多,拼多多,250ml方巧(1*24),25,801.56
2026-9-2,拼多多,拼多多,250ml舒释奶（全脂)(1*12),27,536.99
2026-9-2,拼多多,拼多多,250S极致娟姗纯牛奶250mL*12,16,348.77
2026-9-2,拼多多,拼多多,常温版极致三代全脂纯牛奶,2,43.41
2026-9-2,拼多多,拼多多,极小智有机A2纯牛奶200mL*10,10,184.81
2026-9-2,拼多多,拼多多,极致高品质全脂纯牛奶（250ml*16）,154,4175.06
2026-9-2,拼多多,拼多多,极致三代低脂纯牛奶（250ml*12）,18,391.37
2026-9-2,拼多多,拼多多,极致A2精巧装200ml*10,6,93.59
2026-9-2,拼多多,拼多多,梦幻盖极致有机纯牛奶（250ml*12）,18,477.74
2026-9-2,拼多多,拼多多,三元3.3g方白纯牛奶（250mL*24）,2091,64256.64
2026-9-2,拼多多,拼多多,三元3.3g方白脱脂无菌砖(250ml*24),785,21442.75
2026-9-2,拼多多,拼多多,体验装单盒方巧,40,53.44
2026-9-2,拼多多,拼多多,小方白卡皮巴拉脱脂纯牛奶（200mL*24）,62,1479.3
2026-9-2,拼多多,拼多多,钻石装极致有机纯牛奶（200ml*10）,20,408.83
2026-9-2,天猫,猫旗,250ml方巧(1*24),86,2757.38
2026-9-2,天猫,猫旗,250ml三元纯牛奶节庆礼盒-2026中秋（1*18）,3,0
2026-9-2,天猫,猫旗,250ml舒释奶（全脂)(1*12),15,298.33
2026-9-2,天猫,猫旗,250S极致娟姗纯牛奶250mL*12,37,806.53
2026-9-2,天猫,猫旗,250S极致有机纯牛奶250mL*12,6,144.75
2026-9-2,天猫,猫旗,北京纯全脂拆单盒,48,88.79
2026-9-2,天猫,猫旗,常温版极致三代全脂纯牛奶,2,43.41
2026-9-2,天猫,猫旗,极小智有机A2纯牛奶200mL*10,27,499
2026-9-2,天猫,猫旗,极致高品质全脂纯牛奶（250ml*16）,72,1951.98
2026-9-2,天猫,猫旗,极致三代低脂纯牛奶（250ml*12）,8,173.94
2026-9-2,天猫,猫旗,极致A2精巧装200ml*10,26,405.57
2026-9-2,天猫,猫旗,简卡原味钻酸奶200g*10,8,176.03
2026-9-2,天猫,猫旗,梦幻盖极致有机纯牛奶（250ml*12）,25,663.52
2026-9-2,天猫,猫旗,梦幻盖极致A2纯牛奶250ml*12,4,126.52
2026-9-2,天猫,猫旗,三元3.3g方白纯牛奶（250mL*24）,298,9157.57
2026-9-2,天猫,猫旗,三元3.3g方白脱脂无菌砖(250ml*24),73,1994.04
2026-9-2,天猫,猫旗,三元3.3g全脂纯牛奶无菌砖（200ml*24）卡皮巴拉,23,658.58
2026-9-2,天猫,猫旗,三元北京纯牛奶全脂（250mL*10）,16,295.96
2026-9-2,天猫,猫旗,三元纯牛奶足球礼盒（250ml*12）,2,42.42
2026-9-2,天猫,猫旗,体验装 极致娟姗拆单盒,60,108.99
2026-9-2,天猫,猫旗,体验装 极致A2精巧单盒,96,253.03
2026-9-2,天猫,猫旗,体验装 特品脱脂拆单盒,18,17.89
2026-9-2,天猫,猫旗,体验装 有机单盒,36,72.38
2026-9-2,天猫,猫旗,体验装单盒方巧,138,184.36
2026-9-2,天猫,猫旗,体验装单盒特品,210,255.18
2026-9-2,天猫,猫旗,小方白卡皮巴拉脱脂纯牛奶（200mL*24）,6,143.16
2026-9-2,天猫,猫旗,钻石装极致有机纯牛奶（200ml*10）,6,122.65
2026-9-2,小程序及其他,小程序及其他,250ml方巧(1*24),156,5001.75
2026-9-2,小程序及其他,小程序及其他,250ml三元纯牛奶节庆礼盒-2026中秋（1*18）,2,0
2026-9-2,小程序及其他,小程序及其他,250ml舒释奶（全脂)(1*12),2,39.78
2026-9-2,小程序及其他,小程序及其他,250S极致娟姗纯牛奶250mL*12,1,21.8
2026-9-2,小程序及其他,小程序及其他,250S极致有机纯牛奶250mL*12,17,410.14
2026-9-2,小程序及其他,小程序及其他,常温版极致三代全脂纯牛奶,28,607.71
2026-9-2,小程序及其他,小程序及其他,极小智有机A2纯牛奶200mL*10,10,184.81
2026-9-2,小程序及其他,小程序及其他,极致高品质全脂纯牛奶（250ml*16）,14,379.55
2026-9-2,小程序及其他,小程序及其他,极致三代低脂纯牛奶（250ml*12）,164,3565.77
2026-9-2,小程序及其他,小程序及其他,极致A2精巧装200ml*10,158,2464.59
2026-9-2,小程序及其他,小程序及其他,简卡原味钻酸奶200g*10,28,616.1
2026-9-2,小程序及其他,小程序及其他,梦幻盖极致有机纯牛奶（250ml*12）,9,238.87
2026-9-2,小程序及其他,小程序及其他,梦幻盖极致A2纯牛奶250ml*12,20,632.58
2026-9-2,小程序及其他,小程序及其他,三元3.3g方白纯牛奶（250mL*24）,348,10694.07
2026-9-2,小程序及其他,小程序及其他,三元3.3g方白脱脂无菌砖(250ml*24),18,491.68
2026-9-2,小程序及其他,小程序及其他,三元3.3g全脂纯牛奶无菌砖（200ml*24）卡皮巴拉,23,658.58
2026-9-2,小程序及其他,小程序及其他,三元北京纯牛奶全脂（250mL*10）,14,258.97
2026-9-2,小程序及其他,小程序及其他,小方白卡皮巴拉脱脂纯牛奶（200mL*24）,16,381.76
2026-9-2,小程序及其他,小程序及其他,钻石装极致有机纯牛奶（200ml*10）,39,797.21
2026-9-2,新零售,新零售,250S极致娟姗纯牛奶250mL*12,8,174.38
2026-9-2,新零售,新零售,极小智有机A2纯牛奶200mL*10,8,147.85
2026-9-2,新零售,新零售,极致4.0高蛋白纯牛奶250mL*24,275,14317.96
2026-9-2,新零售,新零售,极致高品质全脂纯牛奶（250ml*16）,4,108.44
2026-9-2,新零售,新零售,极致三代低脂纯牛奶（250ml*12）,4,86.97
2026-9-2,新零售,新零售,极致三代低脂无菌砖(250ml*12),360,0
2026-9-2,新零售,新零售,极致三代全脂无菌砖（250ml*12）,92,0
2026-9-2,新零售,新零售,极致有机全脂梦幻盖(250ml*12),191,0
2026-9-2,新零售,新零售,极致有机全脂苗条砖(200ml*10),13129,0
2026-9-2,新零售,新零售,极致A2精巧装200mL*20,2160,61635.82
2026-9-2,新零售,新零售,极致A2β-酪蛋白全脂无菌砖(200ml*10),748,0
2026-9-2,新零售,新零售,梦幻盖极致有机纯牛奶（250ml*12）,6,159.25
2026-9-2,新零售,新零售,三元3.2g小方枕全脂利乐枕-电商(227ml*16),4560,92540.64
2026-9-2,新零售,新零售,三元3.3g方白纯牛奶（250mL*24）,24,737.52
2026-9-2,新零售,新零售,三元3.3g方白纯牛奶（250mL*24）日常版,6733,0
2026-9-2,新零售,新零售,三元3.3g方白全脂无菌砖(200ml*24),493,0
2026-9-2,新零售,新零售,三元3.3g方白脱脂无菌砖(250ml*24),628,17154.2
2026-9-2,新零售,新零售,三元3.3g全脂纯牛奶无菌砖（200ml*24）卡皮巴拉,5556,159089.39
2026-9-2,新零售,新零售,三元高钙全脂无菌砖(250ml*20),1211,0
2026-9-2,新零售,新零售,三元简卡全脂砖石包(200g*10),36,0
2026-9-2,新零售,新零售,三元巧克力全脂无菌砖（250ml*24）,1600,0
2026-9-2,新零售,新零售,钻石包极致有机纯牛奶（200ml*21）,628,22769.96
2026-9-3,抖音,抖音,250ml方巧(1*24),94,3013.88
2026-9-3,抖音,抖音,250ml三元纯牛奶节庆礼盒-2026中秋（1*18）,4,0
2026-9-3,抖音,抖音,250S极致娟姗纯牛奶250mL*12,178,3880.06
2026-9-3,抖音,抖音,北京纯全脂拆单盒,38,70.29
2026-9-3,抖音,抖音,常温版极致三代全脂纯牛奶,17,368.97
2026-9-3,抖音,抖音,极小智有机A2纯牛奶200mL*10,5,92.41
2026-9-3,抖音,抖音,极致高品质全脂纯牛奶（250ml*16）,647,17540.69
2026-9-3,抖音,抖音,极致三代低脂纯牛奶（250ml*12）,35,760.99
2026-9-3,抖音,抖音,极致A2精巧装200ml*10,90,1403.88
2026-9-3,抖音,抖音,简卡原味钻酸奶200g*10,4,88.01
2026-9-3,抖音,抖音,梦幻盖极致有机纯牛奶（250ml*12）,13,345.03
2026-9-3,抖音,抖音,三元3.3g方白纯牛奶（250mL*24）,1662,51073.43
2026-9-3,抖音,抖音,三元3.3g方白脱脂无菌砖(250ml*24),66,1802.83
2026-9-3,抖音,抖音,三元3.3g全脂纯牛奶无菌砖（200ml*24）卡皮巴拉,22,629.94
2026-9-3,抖音,抖音,三元北京纯牛奶全脂（250mL*10）,9,166.48
2026-9-3,抖音,抖音,三元纯牛奶足球礼盒（250ml*12）,20,424.2
2026-9-3,抖音,抖音,听装三元畅倍益益生菌奶粉700g*6,69,0
2026-9-3,抖音,抖音,小方白卡皮巴拉脱脂纯牛奶（200mL*24）,4,95.44
2026-9-3,京东,京东POP,250ml方巧(1*24),22,705.38
2026-9-3,京东,京东POP,250ml舒释奶（全脂)(1*12),28,556.88
2026-9-3,京东,京东POP,250S极致娟姗纯牛奶250mL*12,2,43.6
2026-9-3,京东,京东POP,极小智有机A2纯牛奶200mL*10,28,517.48
2026-9-3,京东,京东POP,极致高品质全脂纯牛奶（250ml*16）,10,271.11
2026-9-3,京东,京东POP,极致三代低脂纯牛奶（250ml*12）,2,43.49
2026-9-3,京东,京东POP,极致A2精巧装200ml*10,109,1700.26
2026-9-3,京东,京东POP,简卡原味钻酸奶200g*10,2,44.01
2026-9-3,京东,京东POP,梦幻盖极致有机纯牛奶（250ml*12）,14,371.57
2026-9-3,京东,京东POP,梦幻盖极致A2纯牛奶250ml*12,2,63.26
2026-9-3,京东,京东POP,三元3.3g方白纯牛奶（250mL*24）,102,3134.47
2026-9-3,京东,京东POP,三元3.3g方白脱脂无菌砖(250ml*24),11,300.47
2026-9-3,京东,京东POP,三元3.3g全脂纯牛奶无菌砖（200ml*24）卡皮巴拉,48,1374.42
2026-9-3,京东,京东POP,三元北京纯牛奶全脂（250mL*10）,6,110.99
2026-9-3,京东,京东POP,体验装单盒方巧,4,5.34
2026-9-3,京东,京东POP,钻石装极致有机纯牛奶（200ml*10）,303,6193.71
2026-9-3,拼多多,拼多多,250ml方巧(1*24),195,6252.19
2026-9-3,拼多多,拼多多,250ml舒释奶（全脂)(1*12),39,775.66
2026-9-3,拼多多,拼多多,250S极致娟姗纯牛奶250mL*12,7,152.59
2026-9-3,拼多多,拼多多,常温版极致三代全脂纯牛奶,2,43.41
2026-9-3,拼多多,拼多多,极小智有机A2纯牛奶200mL*10,4,73.93
2026-9-3,拼多多,拼多多,极致高品质全脂纯牛奶（250ml*16）,171,4635.95
2026-9-3,拼多多,拼多多,极致三代低脂纯牛奶（250ml*12）,12,260.91
2026-9-3,拼多多,拼多多,极致A2精巧装200ml*10,7,109.19
2026-9-3,拼多多,拼多多,梦幻盖极致有机纯牛奶（250ml*12）,10,265.41
2026-9-3,拼多多,拼多多,三元3.3g方白纯牛奶（250mL*24）,2753,84599.97
2026-9-3,拼多多,拼多多,三元3.3g方白脱脂无菌砖(250ml*24),971,26523.45
2026-9-3,拼多多,拼多多,三元3.3g全脂纯牛奶无菌砖（200ml*24）卡皮巴拉,4,114.54
2026-9-3,拼多多,拼多多,三元北京纯牛奶全脂（250mL*10）,15,277.47
2026-9-3,拼多多,拼多多,三元纯牛奶足球礼盒（250ml*12）,2,42.42
2026-9-3,拼多多,拼多多,体验装单盒方巧,136,181.69
2026-9-3,拼多多,拼多多,小方白卡皮巴拉脱脂纯牛奶（200mL*24）,60,1431.58
2026-9-3,天猫,猫旗,250ml方巧(1*24),33,1058.06
2026-9-3,天猫,猫旗,250ml三元纯牛奶节庆礼盒-2026中秋（1*18）,1,0
2026-9-3,天猫,猫旗,250ml舒释奶（全脂)(1*12),10,198.89
2026-9-3,天猫,猫旗,250S极致娟姗纯牛奶250mL*12,34,741.14
2026-9-3,天猫,猫旗,250S极致有机纯牛奶250mL*12,7,168.88
2026-9-3,天猫,猫旗,北京纯全脂拆单盒,54,99.89
2026-9-3,天猫,猫旗,常温版极致三代全脂纯牛奶,4,86.82
2026-9-3,天猫,猫旗,极小智有机A2纯牛奶200mL*10,16,295.7
2026-9-3,天猫,猫旗,极致高品质全脂纯牛奶（250ml*16）,24,650.66
2026-9-3,天猫,猫旗,极致三代低脂纯牛奶（250ml*12）,16,347.88
2026-9-3,天猫,猫旗,极致A2精巧装200ml*10,31,483.56
2026-9-3,天猫,猫旗,简卡原味钻酸奶200g*10,10,220.04
2026-9-3,天猫,猫旗,梦幻盖极致有机纯牛奶（250ml*12）,8,212.33
2026-9-3,天猫,猫旗,三元3.3g方白纯牛奶（250mL*24）,379,11646.71
2026-9-3,天猫,猫旗,三元3.3g方白脱脂无菌砖(250ml*24),64,1748.2
2026-9-3,天猫,猫旗,三元3.3g全脂纯牛奶无菌砖（200ml*24）卡皮巴拉,24,687.21
2026-9-3,天猫,猫旗,三元北京纯牛奶全脂（250mL*10）,7,129.48
2026-9-3,天猫,猫旗,体验装 极致娟姗拆单盒,96,174.38
2026-9-3,天猫,猫旗,体验装 极致A2精巧单盒,36,94.89
2026-9-3,天猫,猫旗,体验装 特品脱脂拆单盒,24,23.86
2026-9-3,天猫,猫旗,体验装 有机单盒,66,132.69
2026-9-3,天猫,猫旗,体验装单盒方巧,78,104.2
2026-9-3,天猫,猫旗,体验装单盒特品,192,233.31
2026-9-3,天猫,猫旗,小方白卡皮巴拉脱脂纯牛奶（200mL*24）,13,310.18
2026-9-3,天猫,猫旗,钻石装极致有机纯牛奶（200ml*10）,6,122.65
2026-9-3,小程序及其他,小程序及其他,250ml方巧(1*24),159,5097.94
2026-9-3,小程序及其他,小程序及其他,250ml三元纯牛奶节庆礼盒-2026中秋（1*18）,3,0
2026-9-3,小程序及其他,小程序及其他,250ml舒释奶（全脂)(1*12),7,139.22
2026-9-3,小程序及其他,小程序及其他,250S极致娟姗纯牛奶250mL*12,1,21.8
2026-9-3,小程序及其他,小程序及其他,250S极致有机纯牛奶250mL*12,13,313.64
2026-9-3,小程序及其他,小程序及其他,芭芭农场纸箱,1,0
2026-9-3,小程序及其他,小程序及其他,芭芭农场DM单,1,0
2026-9-3,小程序及其他,小程序及其他,常温版极致三代全脂纯牛奶,38,824.75
2026-9-3,小程序及其他,小程序及其他,极致高品质全脂纯牛奶（250ml*16）,25,677.77
2026-9-3,小程序及其他,小程序及其他,极致三代低脂纯牛奶（250ml*12）,142,3087.44
2026-9-3,小程序及其他,小程序及其他,极致A2精巧装200ml*10,229,3572.1
2026-9-3,小程序及其他,小程序及其他,简卡原味钻酸奶200g*10,50,1100.19
2026-9-3,小程序及其他,小程序及其他,梦幻盖极致有机纯牛奶（250ml*12）,41,1088.18
2026-9-3,小程序及其他,小程序及其他,梦幻盖极致A2纯牛奶250ml*12,36,1138.65
2026-9-3,小程序及其他,小程序及其他,三元3.3g方白纯牛奶（250mL*24）,463,14228.04
2026-9-3,小程序及其他,小程序及其他,三元3.3g方白脱脂无菌砖(250ml*24),135,3687.61
2026-9-3,小程序及其他,小程序及其他,三元3.3g全脂纯牛奶无菌砖（200ml*24）卡皮巴拉,41,1173.99
2026-9-3,小程序及其他,小程序及其他,三元北京纯牛奶全脂（250mL*10）,8,147.98
2026-9-3,小程序及其他,小程序及其他,体验装 极致A2精巧单盒,6,15.81
2026-9-3,小程序及其他,小程序及其他,小方白卡皮巴拉脱脂纯牛奶（200mL*24）,24,572.63
2026-9-3,小程序及其他,小程序及其他,钻石装极致有机纯牛奶（200ml*10）,38,776.77
2026-9-3,新零售,新零售,250S极致娟姗纯牛奶250mL*12,4,87.19
2026-9-3,新零售,新零售,极小智有机A2纯牛奶200mL*10,1,18.48
2026-9-3,新零售,新零售,极致高品质全脂纯牛奶（250ml*16）,12,325.33
2026-9-3,新零售,新零售,极致娟姗全脂苗条砖(250ml*12),2000,0
2026-9-3,新零售,新零售,极致三代低脂纯牛奶（250ml*12）,13,282.65
2026-9-3,新零售,新零售,极致有机全脂苗条砖(200ml*10),2297,0
2026-9-3,新零售,新零售,梦幻盖极致有机纯牛奶（250ml*12）,12,318.49
2026-9-3,新零售,新零售,三元3.3g方白纯牛奶（250mL*24）,32,983.36
2026-9-3,新零售,新零售,三元3.3g方白脱脂无菌砖(250ml*24),12,327.79
2026-9-3,新零售,新零售,三元巧克力全脂无菌砖（250ml*24）,11,0
2026-9-4,抖音,抖音,250ml方巧(1*24),119,3815.44
2026-9-4,抖音,抖音,250ml舒释奶（全脂)(1*12),1,19.89
2026-9-4,抖音,抖音,250S极致娟姗纯牛奶250mL*12,214,4664.79
2026-9-4,抖音,抖音,北京纯全脂拆单盒,2,3.7
2026-9-4,抖音,抖音,常温版极致三代全脂纯牛奶,12,260.45
2026-9-4,抖音,抖音,极小智有机A2纯牛奶200mL*10,12,221.78
2026-9-4,抖音,抖音,极致高品质全脂纯牛奶（250ml*16）,405,10979.87
2026-9-4,抖音,抖音,极致三代低脂纯牛奶（250ml*12）,17,369.62
2026-9-4,抖音,抖音,极致A2精巧装200ml*10,101,1575.47
2026-9-4,抖音,抖音,简卡原味钻酸奶200g*10,1,22
2026-9-4,抖音,抖音,梦幻盖极致有机纯牛奶（250ml*12）,8,212.33
2026-9-4,抖音,抖音,三元3.3g方白纯牛奶（250mL*24）,542,16655.71
2026-9-4,抖音,抖音,三元3.3g方白脱脂无菌砖(250ml*24),65,1775.51
2026-9-4,抖音,抖音,三元3.3g全脂纯牛奶无菌砖（200ml*24）卡皮巴拉,11,314.97
2026-9-4,抖音,抖音,三元北京纯牛奶全脂（250mL*10）,4,73.99
2026-9-4,抖音,抖音,三元纯牛奶足球礼盒（250ml*12）,26,551.46
2026-9-4,抖音,抖音,听装三元畅倍益益生菌奶粉700g*6,41,0
2026-9-4,抖音,抖音,小方白卡皮巴拉脱脂纯牛奶（200mL*24）,3,71.58
2026-9-4,抖音,抖音,钻石装极致有机纯牛奶（200ml*10）,3,61.32
2026-9-4,京东,京东POP,250ml方巧(1*24),8,256.5
2026-9-4,京东,京东POP,250ml舒释奶（全脂)(1*12),34,676.22
2026-9-4,京东,京东POP,250S极致娟姗纯牛奶250mL*12,4,87.19
2026-9-4,京东,京东POP,常温版极致三代全脂纯牛奶,1,21.7
2026-9-4,京东,京东POP,极小智有机A2纯牛奶200mL*10,50,924.07
2026-9-4,京东,京东POP,极致高品质全脂纯牛奶（250ml*16）,4,108.44
2026-9-4,京东,京东POP,极致三代低脂纯牛奶（250ml*12）,6,130.45
2026-9-4,京东,京东POP,极致A2精巧装200ml*10,80,1247.9
2026-9-4,京东,京东POP,简卡原味钻酸奶200g*10,4,88.01
2026-9-4,京东,京东POP,梦幻盖极致有机纯牛奶（250ml*12）,7,185.79
2026-9-4,京东,京东POP,梦幻盖极致A2纯牛奶250ml*12,5,158.15
2026-9-4,京东,京东POP,三元3.3g方白纯牛奶（250mL*24）,110,3380.31
2026-9-4,京东,京东POP,三元3.3g方白脱脂无菌砖(250ml*24),14,382.42
2026-9-4,京东,京东POP,三元3.3g全脂纯牛奶无菌砖（200ml*24）卡皮巴拉,30,859.01
2026-9-4,京东,京东POP,三元北京纯牛奶全脂（250mL*10）,14,258.97
2026-9-4,京东,京东POP,钻石装极致有机纯牛奶（200ml*10）,201,4108.7
2026-9-4,拼多多,拼多多,250ml方巧(1*24),218,6989.63
2026-9-4,拼多多,拼多多,250ml舒释奶（全脂)(1*12),36,715.99
2026-9-4,拼多多,拼多多,250S极致娟姗纯牛奶250mL*12,4,87.19
2026-9-4,拼多多,拼多多,极小智有机A2纯牛奶200mL*10,4,73.93
2026-9-4,拼多多,拼多多,极致高品质全脂纯牛奶（250ml*16）,63,1707.98
2026-9-4,拼多多,拼多多,极致三代低脂纯牛奶（250ml*12）,2,43.49
2026-9-4,拼多多,拼多多,极致A2精巧装200ml*10,2,31.2
2026-9-4,拼多多,拼多多,简卡原味钻酸奶200g*10,2,44.01
2026-9-4,拼多多,拼多多,梦幻盖极致有机纯牛奶（250ml*12）,12,318.49
2026-9-4,拼多多,拼多多,三元3.3g方白纯牛奶（250mL*24）,2174,66807.24
2026-9-4,拼多多,拼多多,三元3.3g方白脱脂无菌砖(250ml*24),789,21552.01
2026-9-4,拼多多,拼多多,三元北京纯牛奶全脂（250mL*10）,7,129.48
2026-9-4,拼多多,拼多多,体验装单盒方巧,104,138.94
2026-9-4,拼多多,拼多多,小方白卡皮巴拉脱脂纯牛奶（200mL*24）,51,1216.84
2026-9-4,天猫,猫旗,250ml方巧(1*24),20,641.25
2026-9-4,天猫,猫旗,250ml三元纯牛奶节庆礼盒-2026中秋（1*18）,3,0
2026-9-4,天猫,猫旗,250ml舒释奶（全脂)(1*12),2,39.78
2026-9-4,天猫,猫旗,250S极致娟姗纯牛奶250mL*12,28,610.35
2026-9-4,天猫,猫旗,250S极致有机纯牛奶250mL*12,1,24.13
2026-9-4,天猫,猫旗,北京纯全脂拆单盒,66,122.09
2026-9-4,天猫,猫旗,常温版极致三代全脂纯牛奶,2,43.41
2026-9-4,天猫,猫旗,极小智有机A2纯牛奶200mL*10,3,55.44
2026-9-4,天猫,猫旗,极致高品质全脂纯牛奶（250ml*16）,70,1897.76
2026-9-4,天猫,猫旗,极致三代低脂纯牛奶（250ml*12）,18,391.37
2026-9-4,天猫,猫旗,极致A2精巧装200ml*10,17,265.18
2026-9-4,天猫,猫旗,简卡原味钻酸奶200g*10,12,264.04
2026-9-4,天猫,猫旗,梦幻盖极致有机纯牛奶（250ml*12）,17,451.2
2026-9-4,天猫,猫旗,梦幻盖极致A2纯牛奶250ml*12,1,31.63
2026-9-4,天猫,猫旗,三元3.3g方白纯牛奶（250mL*24）,560,17208.86
2026-9-4,天猫,猫旗,三元3.3g方白脱脂无菌砖(250ml*24),75,2048.67
2026-9-4,天猫,猫旗,三元3.3g全脂纯牛奶无菌砖（200ml*24）卡皮巴拉,19,544.04
2026-9-4,天猫,猫旗,三元北京纯牛奶全脂（250mL*10）,8,147.98
2026-9-4,天猫,猫旗,三元纯牛奶足球礼盒（250ml*12）,1,21.21
2026-9-4,天猫,猫旗,体验装 极致娟姗拆单盒,60,108.99
2026-9-4,天猫,猫旗,体验装 极致A2精巧单盒,30,79.07
2026-9-4,天猫,猫旗,体验装 有机单盒,6,12.06
2026-9-4,天猫,猫旗,体验装单盒方巧,36,48.09
2026-9-4,天猫,猫旗,体验装单盒特品,66,80.2
2026-9-4,天猫,猫旗,小方白卡皮巴拉脱脂纯牛奶（200mL*24）,6,143.16
2026-9-4,天猫,猫旗,钻石装极致有机纯牛奶（200ml*10）,3,61.32
2026-9-4,小程序及其他,小程序及其他,250ml方巧(1*24),77,2468.81
2026-9-4,小程序及其他,小程序及其他,250ml三元纯牛奶节庆礼盒-2026中秋（1*18）,1,0
2026-9-4,小程序及其他,小程序及其他,250S极致有机纯牛奶250mL*12,7,168.88
2026-9-4,小程序及其他,小程序及其他,常温版极致三代全脂纯牛奶,49,1063.49
2026-9-4,小程序及其他,小程序及其他,极小智有机A2纯牛奶200mL*10,1,18.48
2026-9-4,小程序及其他,小程序及其他,极致高品质全脂纯牛奶（250ml*16）,32,867.55
2026-9-4,小程序及其他,小程序及其他,极致三代低脂纯牛奶（250ml*12）,174,3783.2
2026-9-4,小程序及其他,小程序及其他,极致A2精巧装200ml*10,124,1934.24
2026-9-4,小程序及其他,小程序及其他,简卡原味钻酸奶200g*10,42,924.16
2026-9-4,小程序及其他,小程序及其他,梦幻盖极致有机纯牛奶（250ml*12）,11,291.95
2026-9-4,小程序及其他,小程序及其他,梦幻盖极致A2纯牛奶250ml*12,32,1012.13
2026-9-4,小程序及其他,小程序及其他,三元3.3g方白纯牛奶（250mL*24）,260,7989.83
2026-9-4,小程序及其他,小程序及其他,三元3.3g方白脱脂无菌砖(250ml*24),33,901.41
2026-9-4,小程序及其他,小程序及其他,三元3.3g全脂纯牛奶无菌砖（200ml*24）卡皮巴拉,33,944.92
2026-9-4,小程序及其他,小程序及其他,三元北京纯牛奶全脂（250mL*10）,20,369.96
2026-9-4,小程序及其他,小程序及其他,小方白卡皮巴拉脱脂纯牛奶（200mL*24）,14,334.04
2026-9-4,小程序及其他,小程序及其他,钻石装极致有机纯牛奶（200ml*10）,39,797.21
2026-9-4,新零售,新零售,极致高品质全脂纯牛奶（250ml*16）,4,108.44
2026-9-4,新零售,新零售,极致娟姗全脂苗条砖(250ml*12),1866,0
2026-9-4,新零售,新零售,极致三代低脂纯牛奶（250ml*12）,4,86.97
2026-9-4,新零售,新零售,梦幻盖极致有机纯牛奶（250ml*12）,4,106.16
2026-9-4,新零售,新零售,三元3.2g小方枕全脂利乐枕-电商(227ml*16),1276,25895.14
2026-9-4,新零售,新零售,三元3.3g方白纯牛奶（250mL*24）,13,399.49
2026-9-4,新零售,新零售,三元3.3g方白全脂无菌砖(200ml*24),3306,0
2026-9-4,新零售,新零售,三元3.3g方白脱脂无菌砖(250ml*24),5,136.58
2026-9-5,抖音,抖音,250ml方巧(1*24),127,4071.94
2026-9-5,抖音,抖音,250ml三元纯牛奶节庆礼盒-2026中秋（1*18）,4,0
2026-9-5,抖音,抖音,250S极致娟姗纯牛奶250mL*12,136,2964.54
2026-9-5,抖音,抖音,北京纯全脂拆单盒,2,3.7
2026-9-5,抖音,抖音,常温版极致三代全脂纯牛奶,10,217.04
2026-9-5,抖音,抖音,极小智有机A2纯牛奶200mL*10,1,18.48
2026-9-5,抖音,抖音,极致高品质全脂纯牛奶（250ml*16）,498,13501.18
2026-9-5,抖音,抖音,极致三代低脂纯牛奶（250ml*12）,12,260.91
2026-9-5,抖音,抖音,极致A2精巧装200ml*10,65,1013.92
2026-9-5,抖音,抖音,简卡原味钻酸奶200g*10,12,264.04
2026-9-5,抖音,抖音,梦幻盖极致有机纯牛奶（250ml*12）,11,291.95
2026-9-5,抖音,抖音,三元3.3g方白纯牛奶（250mL*24）,518,15918.19
2026-9-5,抖音,抖音,三元3.3g方白脱脂无菌砖(250ml*24),48,1311.15
2026-9-5,抖音,抖音,三元3.3g全脂纯牛奶无菌砖（200ml*24）卡皮巴拉,13,372.24
2026-9-5,抖音,抖音,三元纯牛奶足球礼盒（250ml*12）,21,445.41
2026-9-5,抖音,抖音,听装三元畅倍益益生菌奶粉700g*6,29,0
2026-9-5,抖音,抖音,小方白卡皮巴拉脱脂纯牛奶（200mL*24）,6,143.16
2026-9-5,京东,京东自营,三元3.2g小方枕全脂利乐枕-电商(227ml*16),1300,26382.2
2026-9-5,京东,京东POP,250ml方巧(1*24),2,64.13
2026-9-5,京东,京东POP,250ml舒释奶（全脂)(1*12),38,755.77
2026-9-5,京东,京东POP,250S极致娟姗纯牛奶250mL*12,1,21.8
2026-9-5,京东,京东POP,250S极致有机纯牛奶250mL*12,1,24.13
2026-9-5,京东,京东POP,常温版极致三代全脂纯牛奶,1,21.7
2026-9-5,京东,京东POP,极小智有机A2纯牛奶200mL*10,33,609.88
2026-9-5,京东,京东POP,极致高品质全脂纯牛奶（250ml*16）,3,81.33
2026-9-5,京东,京东POP,极致A2精巧装200ml*10,99,1544.27
2026-9-5,京东,京东POP,简卡原味钻酸奶200g*10,3,66.01
2026-9-5,京东,京东POP,梦幻盖极致有机纯牛奶（250ml*12）,10,265.41
2026-9-5,京东,京东POP,梦幻盖极致A2纯牛奶250ml*12,7,221.4
2026-9-5,京东,京东POP,三元 芭缔欧冰岛式酸奶巴沙杀菌200g*24盒/箱,4,0
2026-9-5,京东,京东POP,三元3.3g方白纯牛奶（250mL*24）,84,2581.33
2026-9-5,京东,京东POP,三元3.3g方白脱脂无菌砖(250ml*24),24,655.57
2026-9-5,京东,京东POP,三元3.3g全脂纯牛奶无菌砖（200ml*24）卡皮巴拉,36,1030.82
2026-9-5,京东,京东POP,三元北京纯牛奶全脂（250mL*10）,12,221.97
2026-9-5,京东,京东POP,体验装单盒方巧,8,10.69
2026-9-5,京东,京东POP,钻石装极致有机纯牛奶（200ml*10）,209,4272.23
2026-9-5,拼多多,拼多多,250ml方巧(1*24),145,4649.06
2026-9-5,拼多多,拼多多,250ml舒释奶（全脂)(1*12),36,715.99
2026-9-5,拼多多,拼多多,极小智有机A2纯牛奶200mL*10,10,184.81
2026-9-5,拼多多,拼多多,极致高品质全脂纯牛奶（250ml*16）,19,515.11
2026-9-5,拼多多,拼多多,极致三代低脂纯牛奶（250ml*12）,1,21.74
2026-9-5,拼多多,拼多多,极致A2精巧装200ml*10,3,46.8
2026-9-5,拼多多,拼多多,简卡原味钻酸奶200g*10,1,22
2026-9-5,拼多多,拼多多,梦幻盖极致有机纯牛奶（250ml*12）,7,185.79
2026-9-5,拼多多,拼多多,三元3.3g方白纯牛奶（250mL*24）,1696,52118.25
2026-9-5,拼多多,拼多多,三元3.3g方白脱脂无菌砖(250ml*24),803,21934.43
2026-9-5,拼多多,拼多多,三元北京纯牛奶全脂（250mL*10）,8,147.98
2026-9-5,拼多多,拼多多,体验装单盒方巧,112,149.63
2026-9-5,拼多多,拼多多,小方白卡皮巴拉脱脂纯牛奶（200mL*24）,36,858.95
2026-9-5,天猫,猫旗,250ml方巧(1*24),17,545.06
2026-9-5,天猫,猫旗,250ml舒释奶（全脂)(1*12),11,218.78
2026-9-5,天猫,猫旗,250S极致娟姗纯牛奶250mL*12,23,501.36
2026-9-5,天猫,猫旗,250S极致有机纯牛奶250mL*12,3,72.38
2026-9-5,天猫,猫旗,北京纯全脂拆单盒,24,44.39
2026-9-5,天猫,猫旗,常温版极致三代全脂纯牛奶,2,43.41
2026-9-5,天猫,猫旗,极小智有机A2纯牛奶200mL*10,6,110.89
2026-9-5,天猫,猫旗,极致高品质全脂纯牛奶（250ml*16）,56,1518.2
2026-9-5,天猫,猫旗,极致三代低脂纯牛奶（250ml*12）,12,260.91
2026-9-5,天猫,猫旗,极致A2精巧装200ml*10,17,265.18
2026-9-5,天猫,猫旗,简卡原味钻酸奶200g*10,2,44.01
2026-9-5,天猫,猫旗,梦幻盖极致有机纯牛奶（250ml*12）,20,530.82
2026-9-5,天猫,猫旗,梦幻盖极致A2纯牛奶250ml*12,3,94.89
2026-9-5,天猫,猫旗,三元3.3g方白纯牛奶（250mL*24）,541,16624.98
2026-9-5,天猫,猫旗,三元3.3g方白脱脂无菌砖(250ml*24),70,1912.09
2026-9-5,天猫,猫旗,三元3.3g全脂纯牛奶无菌砖（200ml*24）卡皮巴拉,21,601.31
2026-9-5,天猫,猫旗,三元北京纯牛奶全脂（250mL*10）,6,110.99
2026-9-5,天猫,猫旗,三元纯牛奶足球礼盒（250ml*12）,3,63.63
2026-9-5,天猫,猫旗,体验装 极致娟姗拆单盒,24,43.6
2026-9-5,天猫,猫旗,体验装 极致A2精巧单盒,24,63.26
2026-9-5,天猫,猫旗,体验装 特品脱脂拆单盒,6,5.96
2026-9-5,天猫,猫旗,体验装 有机单盒,102,205.07
2026-9-5,天猫,猫旗,体验装单盒方巧,48,64.13
2026-9-5,天猫,猫旗,体验装单盒特品,96,116.65
2026-9-5,天猫,猫旗,小方白卡皮巴拉脱脂纯牛奶（200mL*24）,11,262.46
2026-9-5,小程序及其他,小程序及其他,250ml方巧(1*24),76,2436.75
2026-9-5,小程序及其他,小程序及其他,250S极致有机纯牛奶250mL*12,18,434.26
2026-9-5,小程序及其他,小程序及其他,常温版极致三代全脂纯牛奶,61,1323.94
2026-9-5,小程序及其他,小程序及其他,极小智有机A2纯牛奶200mL*10,3,55.44
2026-9-5,小程序及其他,小程序及其他,极致高品质全脂纯牛奶（250ml*16）,44,1192.88
2026-9-5,小程序及其他,小程序及其他,极致三代低脂纯牛奶（250ml*12）,111,2413.42
2026-9-5,小程序及其他,小程序及其他,极致A2精巧装200ml*10,134,2090.23
2026-9-5,小程序及其他,小程序及其他,简卡原味钻酸奶200g*10,25,550.09
2026-9-5,小程序及其他,小程序及其他,梦幻盖极致有机纯牛奶（250ml*12）,17,451.2
2026-9-5,小程序及其他,小程序及其他,梦幻盖极致A2纯牛奶250ml*12,48,1518.2
2026-9-5,小程序及其他,小程序及其他,三元3.3g方白纯牛奶（250mL*24）,148,4548.05
2026-9-5,小程序及其他,小程序及其他,三元3.3g方白脱脂无菌砖(250ml*24),31,846.78
2026-9-5,小程序及其他,小程序及其他,三元3.3g全脂纯牛奶无菌砖（200ml*24）卡皮巴拉,19,544.04
2026-9-5,小程序及其他,小程序及其他,三元北京纯牛奶全脂（250mL*10）,10,184.98
2026-9-5,小程序及其他,小程序及其他,小方白卡皮巴拉脱脂纯牛奶（200mL*24）,14,334.04
2026-9-5,小程序及其他,小程序及其他,钻石装极致有机纯牛奶（200ml*10）,32,654.12
2026-9-5,新零售,新零售,250S极致娟姗纯牛奶250mL*12,1,21.8
2026-9-5,新零售,新零售,极小智有机A2纯牛奶200mL*10,2,36.96
2026-9-5,新零售,新零售,极致4.0高蛋白纯牛奶250mL*24,202,10517.19
2026-9-5,新零售,新零售,极致高品质全脂纯牛奶（250ml*16）,8,216.89
2026-9-5,新零售,新零售,极致三代低脂纯牛奶（250ml*12）,1,21.74
2026-9-5,新零售,新零售,极致三代低脂无菌砖(250ml*12),16,0
2026-9-5,新零售,新零售,极致有机全脂苗条砖(200ml*10),4164,0
2026-9-5,新零售,新零售,梦幻盖极致有机纯牛奶（250ml*12）,6,159.25
2026-9-5,新零售,新零售,三元3.2g小方枕全脂利乐枕-电商(227ml*16),1424,28898.66
2026-9-5,新零售,新零售,三元3.3g方白纯牛奶（250mL*24）,11,338.03
2026-9-5,新零售,新零售,三元3.3g方白全脂无菌砖(200ml*24),2561,0
2026-9-5,新零售,新零售,三元3.3g方白脱脂无菌砖(250ml*24),5514,150618.22
2026-9-5,新零售,新零售,三元3.3g全脂纯牛奶无菌砖（200ml*24）卡皮巴拉,1455,41662.18
2026-9-6,抖音,抖音,250ml方巧(1*24),80,2565
2026-9-6,抖音,抖音,250ml三元纯牛奶节庆礼盒-2026中秋（1*18）,2,0
2026-9-6,抖音,抖音,250S极致娟姗纯牛奶250mL*12,172,3749.27
2026-9-6,抖音,抖音,常温版极致三代全脂纯牛奶,37,803.04
2026-9-6,抖音,抖音,极小智有机A2纯牛奶200mL*10,14,258.74
2026-9-6,抖音,抖音,极致高品质全脂纯牛奶（250ml*16）,326,8838.12
2026-9-6,抖音,抖音,极致三代低脂纯牛奶（250ml*12）,9,195.68
2026-9-6,抖音,抖音,极致A2精巧装200ml*10,72,1123.11
2026-9-6,抖音,抖音,简卡原味钻酸奶200g*10,2,44.01
2026-9-6,抖音,抖音,梦幻盖极致有机纯牛奶（250ml*12）,13,345.03
2026-9-6,抖音,抖音,三元3.3g方白纯牛奶（250mL*24）,478,14688.99
2026-9-6,抖音,抖音,三元3.3g方白脱脂无菌砖(250ml*24),43,1174.57
2026-9-6,抖音,抖音,三元3.3g全脂纯牛奶无菌砖（200ml*24）卡皮巴拉,8,229.07
2026-9-6,抖音,抖音,三元北京纯牛奶全脂（250mL*10）,1,18.5
2026-9-6,抖音,抖音,三元纯牛奶足球礼盒（250ml*12）,15,318.15
2026-9-6,抖音,抖音,听装三元畅倍益益生菌奶粉700g*6,21,0
2026-9-6,抖音,抖音,小方白卡皮巴拉脱脂纯牛奶（200mL*24）,2,47.72
2026-9-6,京东,京东自营,250ml三元纯牛奶节庆礼盒-2026中秋（1*18）,9136,0
2026-9-6,京东,京东自营,冰岛式酸奶（200g*24）,4156,186340.91
2026-9-6,京东,京东自营,极致4.0高蛋白纯牛奶250mL*24,4257,221641.98
2026-9-6,京东,京东自营,极致高品质全脂纯牛奶（250ml*16）,8188,221983.23
2026-9-6,京东,京东自营,极致极小智有机A2全脂苗条砖(200ml*10),3012,0
2026-9-6,京东,京东自营,极致三代低脂无菌砖(250ml*12),852,0
2026-9-6,京东,京东自营,极致三代全脂无菌砖（250ml*12）,1200,0
2026-9-6,京东,京东自营,极致有机低脂纯牛奶（200ml*21）,172,6649.47
2026-9-6,京东,京东自营,极致有机全脂苗条砖(250ml*12),1500,0
2026-9-6,京东,京东自营,极致A2精巧装16入,564,13462.68
2026-9-6,京东,京东自营,极致A2β-酪蛋白全脂梦幻盖(250ml*12),256,0
2026-9-6,京东,京东自营,极致A2β-酪蛋白全脂无菌砖(200ml*10),1176,0
2026-9-6,京东,京东自营,三元3.3g方白纯牛奶（250mL*24）日常版,37168,0
2026-9-6,京东,京东自营,三元3.3g方白脱脂无菌砖(250ml*24),14684,401102.27
2026-9-6,京东,京东自营,三元3.3g全脂纯牛奶无菌砖（200ml*24）卡皮巴拉,23768,680568.16
2026-9-6,京东,京东自营,三元高钙全脂无菌砖(250ml*20),1424,0
2026-9-6,京东,京东自营,三元简卡全脂砖石包(200g*10),408,0
2026-9-6,京东,京东自营,小方白卡皮巴拉低脂高钙牛奶（200mL*24）,5097,134151
2026-9-6,京东,京东自营,小方白卡皮巴拉脱脂纯牛奶（200mL*24）,2880,68715.94
2026-9-6,京东,京东自营,钻石包极致有机纯牛奶（200ml*21）,1740,63088.75
2026-9-6,京东,京东POP,250ml方巧(1*24),9,288.56
2026-9-6,京东,京东POP,250ml舒释奶（全脂)(1*12),15,298.33
2026-9-6,京东,京东POP,250S极致娟姗纯牛奶250mL*12,5,108.99
2026-9-6,京东,京东POP,250S极致有机纯牛奶250mL*12,2,48.25
2026-9-6,京东,京东POP,常温版极致三代全脂纯牛奶,2,43.41
2026-9-6,京东,京东POP,极小智有机A2纯牛奶200mL*10,12,221.78
2026-9-6,京东,京东POP,极致高品质全脂纯牛奶（250ml*16）,6,162.66
2026-9-6,京东,京东POP,极致A2精巧装200ml*10,117,1825.05
2026-9-6,京东,京东POP,简卡原味钻酸奶200g*10,2,44.01
2026-9-6,京东,京东POP,梦幻盖极致有机纯牛奶（250ml*12）,14,371.57
2026-9-6,京东,京东POP,梦幻盖极致A2纯牛奶250ml*12,1,31.63
2026-9-6,京东,京东POP,三元 芭缔欧冰岛式酸奶巴沙杀菌200g*24盒/箱,3,0
2026-9-6,京东,京东POP,三元3.3g方白纯牛奶（250mL*24）,66,2028.19
2026-9-6,京东,京东POP,三元3.3g方白脱脂无菌砖(250ml*24),6,163.89
2026-9-6,京东,京东POP,三元3.3g全脂纯牛奶无菌砖（200ml*24）卡皮巴拉,24,687.21
2026-9-6,京东,京东POP,三元北京纯牛奶全脂（250mL*10）,13,240.47
2026-9-6,京东,京东POP,体验装单盒方巧,8,10.69
2026-9-6,京东,京东POP,钻石装极致有机纯牛奶（200ml*10）,227,4640.18
2026-9-6,拼多多,拼多多,250ml方巧(1*24),125,4007.81
2026-9-6,拼多多,拼多多,250ml舒释奶（全脂)(1*12),29,576.77
2026-9-6,拼多多,拼多多,极小智有机A2纯牛奶200mL*10,8,147.85
2026-9-6,拼多多,拼多多,极致高品质全脂纯牛奶（250ml*16）,15,406.66
2026-9-6,拼多多,拼多多,极致A2精巧装200ml*10,8,124.79
2026-9-6,拼多多,拼多多,简卡原味钻酸奶200g*10,3,66.01
2026-9-6,拼多多,拼多多,梦幻盖极致有机纯牛奶（250ml*12）,25,663.52
2026-9-6,拼多多,拼多多,三元3.3g方白纯牛奶（250mL*24）,1693,52026.06
2026-9-6,拼多多,拼多多,三元3.3g方白脱脂无菌砖(250ml*24),1154,31522.2
2026-9-6,拼多多,拼多多,三元纯牛奶足球礼盒（250ml*12）,2,42.42
2026-9-6,拼多多,拼多多,体验装单盒方巧,96,128.25
2026-9-6,拼多多,拼多多,小方白卡皮巴拉脱脂纯牛奶（200mL*24）,32,763.51
2026-9-6,天猫,猫旗,250ml方巧(1*24),10,320.63
2026-9-6,天猫,猫旗,250ml三元纯牛奶节庆礼盒-2026中秋（1*18）,4,0
2026-9-6,天猫,猫旗,250ml舒释奶（全脂)(1*12),9,179
2026-9-6,天猫,猫旗,250S极致娟姗纯牛奶250mL*12,38,828.33
2026-9-6,天猫,猫旗,250S极致有机纯牛奶250mL*12,1,24.13
2026-9-6,天猫,猫旗,北京纯全脂拆单盒,60,110.99
2026-9-6,天猫,猫旗,常温版极致三代全脂纯牛奶,1,21.7
2026-9-6,天猫,猫旗,极小智有机A2纯牛奶200mL*10,27,499
2026-9-6,天猫,猫旗,极致高品质全脂纯牛奶（250ml*16）,67,1816.42
2026-9-6,天猫,猫旗,极致三代低脂纯牛奶（250ml*12）,13,282.65
2026-9-6,天猫,猫旗,极致A2精巧装200ml*10,26,405.57
2026-9-6,天猫,猫旗,简卡原味钻酸奶200g*10,3,66.01
2026-9-6,天猫,猫旗,梦幻盖极致有机纯牛奶（250ml*12）,36,955.47
2026-9-6,天猫,猫旗,三元3.3g方白纯牛奶（250mL*24）,495,15211.4
2026-9-6,天猫,猫旗,三元3.3g方白脱脂无菌砖(250ml*24),66,1802.83
2026-9-6,天猫,猫旗,三元3.3g全脂纯牛奶无菌砖（200ml*24）卡皮巴拉,19,544.04
2026-9-6,天猫,猫旗,三元北京纯牛奶全脂（250mL*10）,6,110.99
2026-9-6,天猫,猫旗,三元纯牛奶足球礼盒（250ml*12）,1,21.21
2026-9-6,天猫,猫旗,体验装 极全单盒,6,10.17
2026-9-6,天猫,猫旗,体验装 极致娟姗拆单盒,36,65.39
2026-9-6,天猫,猫旗,体验装 极致A2精巧单盒,54,142.33
2026-9-6,天猫,猫旗,体验装 特品脱脂拆单盒,6,5.96
2026-9-6,天猫,猫旗,体验装 有机单盒,78,156.82
2026-9-6,天猫,猫旗,体验装单盒方巧,48,64.13
2026-9-6,天猫,猫旗,体验装单盒特品,246,298.93
2026-9-6,天猫,猫旗,小方白卡皮巴拉脱脂纯牛奶（200mL*24）,8,190.88
2026-9-6,小程序及其他,小程序及其他,250ml方巧(1*24),111,3558.94
2026-9-6,小程序及其他,小程序及其他,250ml三元纯牛奶节庆礼盒-2026中秋（1*18）,4,0
2026-9-6,小程序及其他,小程序及其他,250ml舒释奶（全脂)(1*12),3,59.67
2026-9-6,小程序及其他,小程序及其他,250S极致娟姗纯牛奶250mL*12,1,21.8
2026-9-6,小程序及其他,小程序及其他,250S极致有机纯牛奶250mL*12,5,120.63
2026-9-6,小程序及其他,小程序及其他,常温版极致三代全脂纯牛奶,63,1367.35
2026-9-6,小程序及其他,小程序及其他,极小智有机A2纯牛奶200mL*10,5,92.41
2026-9-6,小程序及其他,小程序及其他,极致高品质全脂纯牛奶（250ml*16）,48,1301.32
2026-9-6,小程序及其他,小程序及其他,极致三代低脂纯牛奶（250ml*12）,154,3348.35
2026-9-6,小程序及其他,小程序及其他,极致A2精巧装200ml*10,160,2495.79
2026-9-6,小程序及其他,小程序及其他,简卡原味钻酸奶200g*10,30,660.11
2026-9-6,小程序及其他,小程序及其他,梦幻盖极致有机纯牛奶（250ml*12）,7,185.79
2026-9-6,小程序及其他,小程序及其他,梦幻盖极致A2纯牛奶250ml*12,59,1866.12
2026-9-6,小程序及其他,小程序及其他,三元3.3g方白纯牛奶（250mL*24）,126,3871.99
2026-9-6,小程序及其他,小程序及其他,三元3.3g方白脱脂无菌砖(250ml*24),24,655.57
2026-9-6,小程序及其他,小程序及其他,三元3.3g全脂纯牛奶无菌砖（200ml*24）卡皮巴拉,13,372.24
2026-9-6,小程序及其他,小程序及其他,三元北京纯牛奶全脂（250mL*10）,10,184.98
2026-9-6,小程序及其他,小程序及其他,小方白卡皮巴拉脱脂纯牛奶（200mL*24）,12,286.32
2026-9-6,小程序及其他,小程序及其他,钻石装极致有机纯牛奶（200ml*10）,31,633.68
2026-9-6,新零售,新零售,250ml三元纯牛奶节庆礼盒-2026中秋（1*18）,1,0
2026-9-6,新零售,新零售,250S极致娟姗纯牛奶250mL*12,3,65.39
2026-9-6,新零售,新零售,极小智有机A2纯牛奶200mL*10,4,73.93
2026-9-6,新零售,新零售,极致高品质全脂纯牛奶（250ml*16）,8,216.89
2026-9-6,新零售,新零售,极致娟姗全脂苗条砖(250ml*12),104,0
2026-9-6,新零售,新零售,极致三代低脂纯牛奶（250ml*12）,4,86.97
2026-9-6,新零售,新零售,梦幻盖极致有机纯牛奶（250ml*12）,5,132.7
2026-9-6,新零售,新零售,三元3.2g小方枕全脂利乐枕-电商(227ml*16),2000,40588
2026-9-6,新零售,新零售,三元3.3g方白纯牛奶（250mL*24）,16,491.68
2026-9-6,新零售,新零售,三元3.3g方白纯牛奶（250mL*24）日常版,300,0
2026-9-6,新零售,新零售,三元3.3g方白全脂无菌砖(200ml*24),2640,0
2026-9-6,新零售,新零售,三元3.3g方白脱脂无菌砖(250ml*24),5,136.58
2026-9-7,抖音,抖音,250ml方巧(1*24),57,1827.56
2026-9-7,抖音,抖音,250ml三元纯牛奶节庆礼盒-2026中秋（1*18）,3,0
2026-9-7,抖音,抖音,250S极致娟姗纯牛奶250mL*12,81,1765.65
2026-9-7,抖音,抖音,北京纯全脂拆单盒,8,14.8
2026-9-7,抖音,抖音,常温版极致三代全脂纯牛奶,38,824.75
2026-9-7,抖音,抖音,极致 3.8g 有机全脂梦幻盖（250ml*12）,5,0
2026-9-7,抖音,抖音,极致高品质全脂纯牛奶（250ml*16）,495,13419.85
2026-9-7,抖音,抖音,极致三代低脂纯牛奶（250ml*12）,20,434.85
2026-9-7,抖音,抖音,极致A2精巧装200ml*10,125,1949.84
2026-9-7,抖音,抖音,简卡原味钻酸奶200g*10,4,88.01
2026-9-7,抖音,抖音,梦幻盖极致有机纯牛奶（250ml*12）,14,371.57
2026-9-7,抖音,抖音,三元3.3g方白纯牛奶（250mL*24）,608,18683.9
2026-9-7,抖音,抖音,三元3.3g方白脱脂无菌砖(250ml*24),36,983.36
2026-9-7,抖音,抖音,三元3.3g全脂纯牛奶无菌砖（200ml*24）卡皮巴拉,35,1002.18
2026-9-7,抖音,抖音,三元北京纯牛奶全脂（250mL*10）,1,18.5
2026-9-7,抖音,抖音,三元纯牛奶足球礼盒（250ml*12）,5,106.05
2026-9-7,抖音,抖音,听装三元畅倍益益生菌奶粉700g*6,97,0
2026-9-7,抖音,抖音,小方白卡皮巴拉脱脂纯牛奶（200mL*24）,4,95.44
2026-9-7,京东,京东自营,三元3.3g方白纯牛奶（250mL*24）日常版,5000,0
2026-9-7,京东,京东自营,三元巧克力全脂无菌砖（250ml*24）,628,0
2026-9-7,京东,京东POP,250ml方巧(1*24),5,160.31
2026-9-7,京东,京东POP,250ml舒释奶（全脂)(1*12),26,517.11
2026-9-7,京东,京东POP,250S极致娟姗纯牛奶250mL*12,2,43.6
2026-9-7,京东,京东POP,250S极致有机纯牛奶250mL*12,1,24.13
2026-9-7,京东,京东POP,极小智有机A2纯牛奶200mL*10,29,535.96
2026-9-7,京东,京东POP,极致高品质全脂纯牛奶（250ml*16）,1,27.11
2026-9-7,京东,京东POP,极致三代低脂纯牛奶（250ml*12）,1,21.74
2026-9-7,京东,京东POP,极致A2精巧装200ml*10,111,1731.46
2026-9-7,京东,京东POP,简卡原味钻酸奶200g*10,2,44.01
2026-9-7,京东,京东POP,梦幻盖极致有机纯牛奶（250ml*12）,14,371.57
2026-9-7,京东,京东POP,梦幻盖极致A2纯牛奶250ml*12,9,284.66
2026-9-7,京东,京东POP,三元 芭缔欧冰岛式酸奶巴沙杀菌200g*24盒/箱,5,0
2026-9-7,京东,京东POP,三元3.3g方白纯牛奶（250mL*24）,105,3226.66
2026-9-7,京东,京东POP,三元3.3g方白脱脂无菌砖(250ml*24),4,109.26
2026-9-7,京东,京东POP,三元3.3g全脂纯牛奶无菌砖（200ml*24）卡皮巴拉,23,658.58
2026-9-7,京东,京东POP,三元北京纯牛奶全脂（250mL*10）,21,388.45
2026-9-7,京东,京东POP,三元纯牛奶足球礼盒（250ml*12）,1,21.21
2026-9-7,京东,京东POP,体验装单盒方巧,4,5.34
2026-9-7,京东,京东POP,钻石装极致有机纯牛奶（200ml*10）,217,4435.76
2026-9-7,拼多多,拼多多,250ml方巧(1*24),143,4584.94
2026-9-7,拼多多,拼多多,250ml舒释奶（全脂)(1*12),40,795.55
2026-9-7,拼多多,拼多多,极小智有机A2纯牛奶200mL*10,7,129.37
2026-9-7,拼多多,拼多多,极致高品质全脂纯牛奶（250ml*16）,16,433.77
2026-9-7,拼多多,拼多多,极致三代低脂纯牛奶（250ml*12）,2,43.49
2026-9-7,拼多多,拼多多,极致A2精巧装200ml*10,6,93.59
2026-9-7,拼多多,拼多多,梦幻盖极致有机纯牛奶（250ml*12）,18,477.74
2026-9-7,拼多多,拼多多,三元3.3g方白纯牛奶（250mL*24）,1878,57711.13
2026-9-7,拼多多,拼多多,三元3.3g方白脱脂无菌砖(250ml*24),980,26769.29
2026-9-7,拼多多,拼多多,三元纯牛奶足球礼盒（250ml*12）,1,21.21
2026-9-7,拼多多,拼多多,体验装单盒方巧,136,181.69
2026-9-7,拼多多,拼多多,小方白卡皮巴拉脱脂纯牛奶（200mL*24）,39,930.53
2026-9-7,天猫,猫超,冰岛式酸奶（200g*24）,277,12419.74
2026-9-7,天猫,猫超,极致3.8g有机全脂纯牛奶梦幻盖（250ml*12）,10,0
2026-9-7,天猫,猫超,极致极小智有机A2全脂苗条砖(200ml*10),18,0
2026-9-7,天猫,猫超,极致A2β-酪蛋白全脂无菌砖(200ml*10),55,0
2026-9-7,天猫,猫超,三元3.3g方白纯牛奶（250mL*24）日常版,890,0
2026-9-7,天猫,猫超,三元3.3g方白脱脂无菌砖(250ml*24),76,2075.99
2026-9-7,天猫,猫超,小方白卡皮巴拉脱脂纯牛奶（200mL*24）,572,13647.75
2026-9-7,天猫,猫旗,250ml方巧(1*24),32,1026
2026-9-7,天猫,猫旗,250ml三元纯牛奶节庆礼盒-2026中秋（1*18）,3,0
2026-9-7,天猫,猫旗,250ml舒释奶（全脂)(1*12),8,159.11
2026-9-7,天猫,猫旗,250S极致娟姗纯牛奶250mL*12,38,828.33
2026-9-7,天猫,猫旗,250S极致有机纯牛奶250mL*12,6,144.75
2026-9-7,天猫,猫旗,北京纯全脂拆单盒,180,332.96
2026-9-7,天猫,猫旗,常温版极致三代全脂纯牛奶,4,86.82
2026-9-7,天猫,猫旗,极小智有机A2纯牛奶200mL*10,28,517.48
2026-9-7,天猫,猫旗,极致高品质全脂纯牛奶（250ml*16）,52,1409.76
2026-9-7,天猫,猫旗,极致三代低脂纯牛奶（250ml*12）,18,391.37
2026-9-7,天猫,猫旗,极致A2精巧装200ml*10,21,327.57
2026-9-7,天猫,猫旗,简卡原味钻酸奶200g*10,5,110.02
2026-9-7,天猫,猫旗,梦幻盖极致有机纯牛奶（250ml*12）,29,769.69
2026-9-7,天猫,猫旗,梦幻盖极致A2纯牛奶250ml*12,3,94.89
2026-9-7,天猫,猫旗,三元3.3g方白纯牛奶（250mL*24）,799,24553.35
2026-9-7,天猫,猫旗,三元3.3g方白脱脂无菌砖(250ml*24),74,2021.35
2026-9-7,天猫,猫旗,三元3.3g全脂纯牛奶无菌砖（200ml*24）卡皮巴拉,14,400.87
2026-9-7,天猫,猫旗,三元北京纯牛奶全脂（250mL*10）,25,462.45
2026-9-7,天猫,猫旗,体验装 极致娟姗拆单盒,36,65.39
2026-9-7,天猫,猫旗,体验装 极致A2精巧单盒,48,126.52
2026-9-7,天猫,猫旗,体验装 特品脱脂拆单盒,30,29.82
2026-9-7,天猫,猫旗,体验装 有机单盒,66,132.69
2026-9-7,天猫,猫旗,体验装单盒方巧,72,96.19
2026-9-7,天猫,猫旗,体验装单盒特品,198,240.6
2026-9-7,天猫,猫旗,小方白卡皮巴拉脱脂纯牛奶（200mL*24）,9,214.74
2026-9-7,天猫,猫旗,钻石装极致有机纯牛奶（200ml*10）,3,61.32
2026-9-7,小程序及其他,小程序及其他,250ml方巧(1*24),130,4168.13
2026-9-7,小程序及其他,小程序及其他,250ml三元纯牛奶节庆礼盒-2026中秋（1*18）,23,0
2026-9-7,小程序及其他,小程序及其他,250ml舒释奶（全脂)(1*12),5,99.44
2026-9-7,小程序及其他,小程序及其他,250S极致有机纯牛奶250mL*12,42,1013.28
2026-9-7,小程序及其他,小程序及其他,常温版极致三代全脂纯牛奶,114,2474.24
2026-9-7,小程序及其他,小程序及其他,极小智有机A2纯牛奶200mL*10,11,203.29
2026-9-7,小程序及其他,小程序及其他,极致高品质全脂纯牛奶（250ml*16）,92,2494.19
2026-9-7,小程序及其他,小程序及其他,极致三代低脂纯牛奶（250ml*12）,140,3043.95
2026-9-7,小程序及其他,小程序及其他,极致A2精巧装200ml*10,261,4071.26
2026-9-7,小程序及其他,小程序及其他,简卡原味钻酸奶200g*10,38,836.14
2026-9-7,小程序及其他,小程序及其他,梦幻盖极致有机纯牛奶（250ml*12）,14,371.57
2026-9-7,小程序及其他,小程序及其他,梦幻盖极致A2纯牛奶250ml*12,108,3415.95
2026-9-7,小程序及其他,小程序及其他,三元3.3g方白纯牛奶（250mL*24）,185,5685.07
2026-9-7,小程序及其他,小程序及其他,三元3.3g方白脱脂无菌砖(250ml*24),23,628.26
2026-9-7,小程序及其他,小程序及其他,三元3.3g全脂纯牛奶无菌砖（200ml*24）卡皮巴拉,14,400.87
2026-9-7,小程序及其他,小程序及其他,三元北京纯牛奶全脂（250mL*10）,13,240.47
2026-9-7,小程序及其他,小程序及其他,小方白卡皮巴拉脱脂纯牛奶（200mL*24）,36,858.95
2026-9-7,小程序及其他,小程序及其他,钻石装极致有机纯牛奶（200ml*10）,63,1287.8
2026-9-7,新零售,新零售,250ml三元纯牛奶节庆礼盒-2026中秋（1*18）,1,0
2026-9-7,新零售,新零售,250S极致娟姗纯牛奶250mL*12,4,87.19
2026-9-7,新零售,新零售,极小智有机A2纯牛奶200mL*10,4,73.93
2026-9-7,新零售,新零售,极致三代低脂纯牛奶（250ml*12）,8,173.94
2026-9-7,新零售,新零售,梦幻盖极致有机纯牛奶（250ml*12）,3,79.62
2026-9-7,新零售,新零售,三元3.2g小方枕全脂利乐枕-电商(227ml*16),2000,40588
2026-9-7,新零售,新零售,三元3.3g方白纯牛奶（250mL*24）,19,583.87
2026-9-7,新零售,新零售,三元3.3g方白全脂无菌砖(200ml*24),79,0
2026-9-7,新零售,新零售,三元3.3g方白脱脂无菌砖(250ml*24),4,109.26
2026-9-7,新零售,新零售,三元巧克力全脂无菌砖（250ml*24）,126,0
2026-9-8,抖音,抖音,250ml方巧(1*24),161,5162.06
2026-9-8,抖音,抖音,250ml三元纯牛奶节庆礼盒-2026中秋（1*18）,39,0
2026-9-8,抖音,抖音,250ml舒释奶（全脂)(1*12),1,19.89
2026-9-8,抖音,抖音,250S极致娟姗纯牛奶250mL*12,633,13798.2
2026-9-8,抖音,抖音,北京纯全脂拆单盒,100,184.98
2026-9-8,抖音,抖音,常温版极致三代全脂纯牛奶,30,651.12
2026-9-8,抖音,抖音,极小智有机A2纯牛奶200mL*10,4,73.93
2026-9-8,抖音,抖音,极致 3.8g 有机全脂梦幻盖（250ml*12）,9,0
2026-9-8,抖音,抖音,极致高品质全脂纯牛奶（250ml*16）,1853,50236.31
2026-9-8,抖音,抖音,极致三代低脂纯牛奶（250ml*12）,34,739.25
2026-9-8,抖音,抖音,极致A2精巧装200ml*10,165,2573.79
2026-9-8,抖音,抖音,简卡原味钻酸奶200g*10,15,330.06
2026-9-8,抖音,抖音,梦幻盖极致有机纯牛奶（250ml*12）,4,106.16
2026-9-8,抖音,抖音,三元3.3g方白纯牛奶（250mL*24）,1267,38935.04
2026-9-8,抖音,抖音,三元3.3g方白脱脂无菌砖(250ml*24),51,1393.1
2026-9-8,抖音,抖音,三元3.3g全脂纯牛奶无菌砖（200ml*24）卡皮巴拉,19,544.04
2026-9-8,抖音,抖音,三元北京纯牛奶全脂（250mL*10）,19,351.46
2026-9-8,抖音,抖音,三元纯牛奶足球礼盒（250ml*12）,42,890.82
2026-9-8,抖音,抖音,听装三元畅倍益益生菌奶粉700g*6,500,0
2026-9-8,抖音,抖音,小方白卡皮巴拉脱脂纯牛奶（200mL*24）,7,167.02
2026-9-8,抖音,抖音,钻石装极致有机纯牛奶（200ml*10）,3,61.32
2026-9-8,京东,京东自营,三元3.2g小方枕全脂利乐枕-电商(227ml*16),1500,30441
2026-9-8,京东,京东POP,250ml方巧(1*24),18,577.13
2026-9-8,京东,京东POP,250ml三元纯牛奶节庆礼盒-2026中秋（1*18）,1,0
2026-9-8,京东,京东POP,250ml舒释奶（全脂)(1*12),26,517.11
2026-9-8,京东,京东POP,250S极致娟姗纯牛奶250mL*12,6,130.79
2026-9-8,京东,京东POP,常温版极致三代全脂纯牛奶,1,21.7
2026-9-8,京东,京东POP,极小智有机A2纯牛奶200mL*10,25,462.03
2026-9-8,京东,京东POP,极致高品质全脂纯牛奶（250ml*16）,3,81.33
2026-9-8,京东,京东POP,极致A2精巧装200ml*10,99,1544.27
2026-9-8,京东,京东POP,简卡原味钻酸奶200g*10,3,66.01
2026-9-8,京东,京东POP,梦幻盖极致有机纯牛奶（250ml*12）,8,212.33
2026-9-8,京东,京东POP,梦幻盖极致A2纯牛奶250ml*12,16,506.07
2026-9-8,京东,京东POP,三元 芭缔欧冰岛式酸奶巴沙杀菌200g*24盒/箱,2,0
2026-9-8,京东,京东POP,三元3.3g方白纯牛奶（250mL*24）,79,2427.68
2026-9-8,京东,京东POP,三元3.3g方白脱脂无菌砖(250ml*24),6,163.89
2026-9-8,京东,京东POP,三元3.3g全脂纯牛奶无菌砖（200ml*24）卡皮巴拉,17,486.77
2026-9-8,京东,京东POP,三元北京纯牛奶全脂（250mL*10）,13,240.47
2026-9-8,京东,京东POP,体验装单盒方巧,4,5.34
2026-9-8,京东,京东POP,钻石装极致有机纯牛奶（200ml*10）,182,3720.32
2026-9-8,拼多多,拼多多,250ml方巧(1*24),146,4681.13
2026-9-8,拼多多,拼多多,250ml三元纯牛奶节庆礼盒-2026中秋（1*18）,1,0
2026-9-8,拼多多,拼多多,250ml舒释奶（全脂)(1*12),47,934.77
2026-9-8,拼多多,拼多多,极小智有机A2纯牛奶200mL*10,6,110.89
2026-9-8,拼多多,拼多多,极致高品质全脂纯牛奶（250ml*16）,18,487.99
2026-9-8,拼多多,拼多多,极致A2精巧装200ml*10,5,77.99
2026-9-8,拼多多,拼多多,简卡原味钻酸奶200g*10,3,66.01
2026-9-8,拼多多,拼多多,梦幻盖极致有机纯牛奶（250ml*12）,7,185.79
2026-9-8,拼多多,拼多多,梦幻盖极致A2纯牛奶250ml*12,1,31.63
2026-9-8,拼多多,拼多多,三元3.3g方白纯牛奶（250mL*24）,1944,59739.31
2026-9-8,拼多多,拼多多,三元3.3g方白脱脂无菌砖(250ml*24),705,19257.5
2026-9-8,拼多多,拼多多,三元北京纯牛奶全脂（250mL*10）,3,55.49
2026-9-8,拼多多,拼多多,三元纯牛奶足球礼盒（250ml*12）,2,42.42
2026-9-8,拼多多,拼多多,体验装单盒方巧,136,181.69
2026-9-8,拼多多,拼多多,小方白卡皮巴拉脱脂纯牛奶（200mL*24）,48,1145.27
2026-9-8,天猫,猫超,冰岛式酸奶（200g*24）,100,4483.66
2026-9-8,天猫,猫超,极致3.8g有机全脂纯牛奶梦幻盖（250ml*12）,327,0
2026-9-8,天猫,猫超,极致娟姗全脂苗条砖(250ml*12),214,0
2026-9-8,天猫,猫超,三元3.3g方白纯牛奶（250mL*24）日常版,2757,0
2026-9-8,天猫,猫超,三元高钙全脂无菌砖(250ml*20),66,0
2026-9-8,天猫,猫旗,250ml方巧(1*24),12,384.75
2026-9-8,天猫,猫旗,250ml三元纯牛奶节庆礼盒-2026中秋（1*18）,4,0
2026-9-8,天猫,猫旗,250ml舒释奶（全脂)(1*12),22,437.55
2026-9-8,天猫,猫旗,250S极致娟姗纯牛奶250mL*12,36,784.73
2026-9-8,天猫,猫旗,250S极致有机纯牛奶250mL*12,2,48.25
2026-9-8,天猫,猫旗,北京纯全脂拆单盒,54,99.89
2026-9-8,天猫,猫旗,常温版极致三代全脂纯牛奶,2,43.41
2026-9-8,天猫,猫旗,极小智有机A2纯牛奶200mL*10,13,240.26
2026-9-8,天猫,猫旗,极致高品质全脂纯牛奶（250ml*16）,72,1951.98
2026-9-8,天猫,猫旗,极致三代低脂纯牛奶（250ml*12）,17,369.62
2026-9-8,天猫,猫旗,极致A2精巧装200ml*10,17,265.18
2026-9-8,天猫,猫旗,简卡原味钻酸奶200g*10,9,198.03
2026-9-8,天猫,猫旗,梦幻盖极致有机纯牛奶（250ml*12）,33,875.85
2026-9-8,天猫,猫旗,梦幻盖极致A2纯牛奶250ml*12,1,31.63
2026-9-8,天猫,猫旗,三元3.3g方白纯牛奶（250mL*24）,548,16840.09
2026-9-8,天猫,猫旗,三元3.3g方白脱脂无菌砖(250ml*24),78,2130.62
2026-9-8,天猫,猫旗,三元3.3g全脂纯牛奶无菌砖（200ml*24）卡皮巴拉,16,458.14
2026-9-8,天猫,猫旗,三元北京纯牛奶全脂（250mL*10）,5,92.49
2026-9-8,天猫,猫旗,三元纯牛奶足球礼盒（250ml*12）,2,42.42
2026-9-8,天猫,猫旗,体验装 极全单盒,6,10.17
2026-9-8,天猫,猫旗,体验装 极致娟姗拆单盒,30,54.5
2026-9-8,天猫,猫旗,体验装 极致A2精巧单盒,42,110.7
2026-9-8,天猫,猫旗,体验装 有机单盒,72,144.75
2026-9-8,天猫,猫旗,体验装单盒方巧,60,80.16
2026-9-8,天猫,猫旗,体验装单盒特品,102,123.95
2026-9-8,天猫,猫旗,小方白卡皮巴拉脱脂纯牛奶（200mL*24）,17,405.61
2026-9-8,天猫,猫旗,钻石装极致有机纯牛奶（200ml*10）,4,81.77
2026-9-8,小程序及其他,小程序及其他,250ml方巧(1*24),124,3975.75
2026-9-8,小程序及其他,小程序及其他,250ml三元纯牛奶节庆礼盒-2026中秋（1*18）,1,0
2026-9-8,小程序及其他,小程序及其他,250S极致娟姗纯牛奶250mL*12,1,21.8
2026-9-8,小程序及其他,小程序及其他,250S极致有机纯牛奶250mL*12,22,530.77
2026-9-8,小程序及其他,小程序及其他,常温版极致三代全脂纯牛奶,96,2083.57
2026-9-8,小程序及其他,小程序及其他,极小智有机A2纯牛奶200mL*10,6,110.89
2026-9-8,小程序及其他,小程序及其他,极致三代低脂纯牛奶（250ml*12）,350,7609.88
2026-9-8,小程序及其他,小程序及其他,极致A2精巧装200ml*10,212,3306.92
2026-9-8,小程序及其他,小程序及其他,简卡原味钻酸奶200g*10,54,1188.2
2026-9-8,小程序及其他,小程序及其他,梦幻盖极致有机纯牛奶（250ml*12）,11,291.95
2026-9-8,小程序及其他,小程序及其他,梦幻盖极致A2纯牛奶250ml*12,55,1739.61
2026-9-8,小程序及其他,小程序及其他,三元3.3g方白纯牛奶（250mL*24）,204,6268.94
2026-9-8,小程序及其他,小程序及其他,三元3.3g方白脱脂无菌砖(250ml*24),19,519
2026-9-8,小程序及其他,小程序及其他,三元3.3g全脂纯牛奶无菌砖（200ml*24）卡皮巴拉,18,515.41
2026-9-8,小程序及其他,小程序及其他,小方白卡皮巴拉脱脂纯牛奶（200mL*24）,30,715.79
2026-9-8,小程序及其他,小程序及其他,钻石装极致有机纯牛奶（200ml*10）,41,838.09
2026-9-8,新零售,新零售,250ml三元纯牛奶节庆礼盒-2026中秋（1*18）,1,0
2026-9-8,新零售,新零售,250S极致娟姗纯牛奶250mL*12,3,65.39
2026-9-8,新零售,新零售,极小智有机A2纯牛奶200mL*10,11,203.29
2026-9-8,新零售,新零售,极致高品质全脂纯牛奶（250ml*16）,6,162.66
2026-9-8,新零售,新零售,极致三代低脂纯牛奶（250ml*12）,12,260.91
2026-9-8,新零售,新零售,梦幻盖极致有机纯牛奶（250ml*12）,8,212.33
2026-9-8,新零售,新零售,三元3.2g小方枕全脂利乐枕-电商(227ml*16),400,8117.6
2026-9-8,新零售,新零售,三元3.3g方白纯牛奶（250mL*24）,31,952.63
2026-9-8,新零售,新零售,三元3.3g方白脱脂无菌砖(250ml*24),9,245.84
2026-9-8,新零售,新零售,三元巧克力全脂无菌砖（250ml*24）,131,0
2026-9-9,抖音,抖音,250ml方巧(1*24),44,1410.75
2026-9-9,抖音,抖音,250ml三元纯牛奶节庆礼盒-2026中秋（1*18）,52,0
2026-9-9,抖音,抖音,250S极致娟姗纯牛奶250mL*12,585,12751.89
2026-9-9,抖音,抖音,北京纯全脂拆单盒,100,184.98
2026-9-9,抖音,抖音,常温版极致三代全脂纯牛奶,17,368.97
2026-9-9,抖音,抖音,极小智有机A2纯牛奶200mL*10,14,258.74
2026-9-9,抖音,抖音,极致 3.8g 有机全脂梦幻盖（250ml*12）,1,0
2026-9-9,抖音,抖音,极致高品质全脂纯牛奶（250ml*16）,529,14341.61
2026-9-9,抖音,抖音,极致三代低脂纯牛奶（250ml*12）,45,978.41
2026-9-9,抖音,抖音,极致A2精巧装200ml*10,137,2137.02
2026-9-9,抖音,抖音,简卡原味钻酸奶200g*10,7,154.03
2026-9-9,抖音,抖音,梦幻盖极致有机纯牛奶（250ml*12）,8,212.33
2026-9-9,抖音,抖音,三元3.3g方白纯牛奶（250mL*24）,1089,33465.08
2026-9-9,抖音,抖音,三元3.3g方白脱脂无菌砖(250ml*24),34,928.73
2026-9-9,抖音,抖音,三元3.3g全脂纯牛奶无菌砖（200ml*24）卡皮巴拉,21,601.31
2026-9-9,抖音,抖音,三元北京纯牛奶全脂（250mL*10）,6,110.99
2026-9-9,抖音,抖音,三元纯牛奶足球礼盒（250ml*12）,30,636.3
2026-9-9,抖音,抖音,听装三元畅倍益益生菌奶粉700g*6,49,0
2026-9-9,抖音,抖音,小方白卡皮巴拉脱脂纯牛奶（200mL*24）,10,238.6
2026-9-9,抖音,抖音,钻石装极致有机纯牛奶（200ml*10）,12,245.3
2026-9-9,京东,京东自营,极致A2β-酪蛋白全脂梦幻盖(250ml*12),644,0
2026-9-9,京东,京东自营,三元3.2g小方枕全脂利乐枕-电商(227ml*16),2500,50735
2026-9-9,京东,京东自营,三元3.3g方白纯牛奶（250mL*24）日常版,15000,0
2026-9-9,京东,京东POP,250ml方巧(1*24),76,2436.75
2026-9-9,京东,京东POP,250ml舒释奶（全脂)(1*12),29,576.77
2026-9-9,京东,京东POP,250S极致娟姗纯牛奶250mL*12,3,65.39
2026-9-9,京东,京东POP,250S极致有机纯牛奶250mL*12,1,24.13
2026-9-9,京东,京东POP,极小智有机A2纯牛奶200mL*10,21,388.11
2026-9-9,京东,京东POP,极致高品质全脂纯牛奶（250ml*16）,1,27.11
2026-9-9,京东,京东POP,极致三代低脂纯牛奶（250ml*12）,3,65.23
2026-9-9,京东,京东POP,极致A2精巧装200ml*10,108,1684.66
2026-9-9,京东,京东POP,简卡原味钻酸奶200g*10,3,66.01
2026-9-9,京东,京东POP,梦幻盖极致有机纯牛奶（250ml*12）,9,238.87
2026-9-9,京东,京东POP,梦幻盖极致A2纯牛奶250ml*12,7,221.4
2026-9-9,京东,京东POP,三元 芭缔欧冰岛式酸奶巴沙杀菌200g*24盒/箱,5,0
2026-9-9,京东,京东POP,三元3.3g方白纯牛奶（250mL*24）,52,1597.97
2026-9-9,京东,京东POP,三元3.3g方白脱脂无菌砖(250ml*24),24,655.57
2026-9-9,京东,京东POP,三元3.3g全脂纯牛奶无菌砖（200ml*24）卡皮巴拉,20,572.68
2026-9-9,京东,京东POP,三元北京纯牛奶全脂（250mL*10）,5,92.49
2026-9-9,京东,京东POP,钻石装极致有机纯牛奶（200ml*10）,194,3965.61
2026-9-9,拼多多,多多买菜,三元白奶全脂百利包(200ml*16),800,0
2026-9-9,拼多多,拼多多,250ml方巧(1*24),152,4873.5
2026-9-9,拼多多,拼多多,250ml三元纯牛奶节庆礼盒-2026中秋（1*18）,1,0
2026-9-9,拼多多,拼多多,250ml舒释奶（全脂)(1*12),24,477.33
2026-9-9,拼多多,拼多多,常温版极致三代全脂纯牛奶,2,43.41
2026-9-9,拼多多,拼多多,极小智有机A2纯牛奶200mL*10,4,73.93
2026-9-9,拼多多,拼多多,极致 3.8gA2β-酪蛋白全脂梦幻盖（250ml*12）,1,0
2026-9-9,拼多多,拼多多,极致高品质全脂纯牛奶（250ml*16）,39,1057.32
2026-9-9,拼多多,拼多多,极致三代低脂纯牛奶（250ml*12）,2,43.49
2026-9-9,拼多多,拼多多,简卡原味钻酸奶200g*10,4,88.01
2026-9-9,拼多多,拼多多,梦幻盖极致有机纯牛奶（250ml*12）,3,79.62
2026-9-9,拼多多,拼多多,三元3.3g方白纯牛奶（250mL*24）,2282,70126.09
2026-9-9,拼多多,拼多多,三元3.3g方白脱脂无菌砖(250ml*24),791,21606.64
2026-9-9,拼多多,拼多多,三元北京纯牛奶全脂（250mL*10）,1,18.5
2026-9-9,拼多多,拼多多,三元纯牛奶足球礼盒（250ml*12）,1,21.21
2026-9-9,拼多多,拼多多,体验装单盒方巧,128,171
2026-9-9,拼多多,拼多多,小方白卡皮巴拉脱脂纯牛奶（200mL*24）,81,1932.64
2026-9-9,天猫,猫超,冰岛式酸奶（200g*24）,144,6456.47
2026-9-9,天猫,猫超,极致极小智有机A2全脂苗条砖(200ml*10),38,0
2026-9-9,天猫,猫超,极致A2β-酪蛋白全脂无菌砖(200ml*10),70,0
2026-9-9,天猫,猫超,三元3.3g方白纯牛奶（250mL*24）日常版,588,0
2026-9-9,天猫,猫超,三元3.3g方白脱脂无菌砖(250ml*24),11,300.47
2026-9-9,天猫,猫超,三元巧克力全脂无菌砖（250ml*24）,205,0
2026-9-9,天猫,猫超,小方白卡皮巴拉脱脂纯牛奶（200mL*24）,100,2385.97
2026-9-9,天猫,猫旗,250ml方巧(1*24),14,448.88
2026-9-9,天猫,猫旗,250ml舒释奶（全脂)(1*12),12,238.66
2026-9-9,天猫,猫旗,250S极致娟姗纯牛奶250mL*12,37,806.53
2026-9-9,天猫,猫旗,250S极致有机纯牛奶250mL*12,8,193.01
2026-9-9,天猫,猫旗,北京纯全脂拆单盒,36,66.59
2026-9-9,天猫,猫旗,常温版极致三代全脂纯牛奶,3,65.11
2026-9-9,天猫,猫旗,极小智有机A2纯牛奶200mL*10,16,295.7
2026-9-9,天猫,猫旗,极致高品质全脂纯牛奶（250ml*16）,57,1545.32
2026-9-9,天猫,猫旗,极致三代低脂纯牛奶（250ml*12）,15,326.14
2026-9-9,天猫,猫旗,极致A2精巧装200ml*10,26,405.57
2026-9-9,天猫,猫旗,简卡原味钻酸奶200g*10,3,66.01
2026-9-9,天猫,猫旗,梦幻盖极致有机纯牛奶（250ml*12）,27,716.6
2026-9-9,天猫,猫旗,三元3.3g方白纯牛奶（250mL*24）,609,18714.63
2026-9-9,天猫,猫旗,三元3.3g方白脱脂无菌砖(250ml*24),55,1502.36
2026-9-9,天猫,猫旗,三元3.3g全脂纯牛奶无菌砖（200ml*24）卡皮巴拉,16,458.14
2026-9-9,天猫,猫旗,三元北京纯牛奶全脂（250mL*10）,19,351.46
2026-9-9,天猫,猫旗,三元纯牛奶足球礼盒（250ml*12）,1,21.21
2026-9-9,天猫,猫旗,体验装 极致娟姗拆单盒,66,119.89
2026-9-9,天猫,猫旗,体验装 极致A2精巧单盒,42,110.7
2026-9-9,天猫,猫旗,体验装 特品脱脂拆单盒,12,11.93
2026-9-9,天猫,猫旗,体验装 有机单盒,66,132.69
2026-9-9,天猫,猫旗,体验装单盒方巧,84,112.22
2026-9-9,天猫,猫旗,体验装单盒特品,222,269.76
2026-9-9,天猫,猫旗,小方白卡皮巴拉脱脂纯牛奶（200mL*24）,7,167.02
2026-9-9,天猫,猫旗,钻石装极致有机纯牛奶（200ml*10）,6,122.65
2026-9-9,小程序及其他,小程序及其他,250ml方巧(1*24),101,3238.31
2026-9-9,小程序及其他,小程序及其他,250ml三元纯牛奶节庆礼盒-2026中秋（1*18）,569,0
2026-9-9,小程序及其他,小程序及其他,250ml舒释奶（全脂)(1*12),2,39.78
2026-9-9,小程序及其他,小程序及其他,250S极致有机纯牛奶250mL*12,16,386.01
2026-9-9,小程序及其他,小程序及其他,常温版极致三代全脂纯牛奶,63,1367.35
2026-9-9,小程序及其他,小程序及其他,极小智有机A2纯牛奶200mL*10,3,55.44
2026-9-9,小程序及其他,小程序及其他,极致三代低脂纯牛奶（250ml*12）,278,6044.42
2026-9-9,小程序及其他,小程序及其他,极致A2精巧装200ml*10,4477,69835.38
2026-9-9,小程序及其他,小程序及其他,简卡原味钻酸奶200g*10,639,14060.36
2026-9-9,小程序及其他,小程序及其他,梦幻盖极致有机纯牛奶（250ml*12）,22,583.9
2026-9-9,小程序及其他,小程序及其他,梦幻盖极致A2纯牛奶250ml*12,102,3226.18
2026-9-9,小程序及其他,小程序及其他,三元3.3g方白纯牛奶（250mL*24）,164,5039.74
2026-9-9,小程序及其他,小程序及其他,三元3.3g方白脱脂无菌砖(250ml*24),28,764.84
2026-9-9,小程序及其他,小程序及其他,三元3.3g全脂纯牛奶无菌砖（200ml*24）卡皮巴拉,8,229.07
2026-9-9,小程序及其他,小程序及其他,小方白卡皮巴拉脱脂纯牛奶（200mL*24）,11,262.46
2026-9-9,小程序及其他,小程序及其他,钻石装极致有机纯牛奶（200ml*10）,510,10425.06
2026-9-9,新零售,新零售,250S极致娟姗纯牛奶250mL*12,6,130.79
2026-9-9,新零售,新零售,极小智有机A2纯牛奶200mL*10,3,55.44
2026-9-9,新零售,新零售,极致4.0高蛋白纯牛奶250mL*24,464,24158.3
2026-9-9,新零售,新零售,极致高品质全脂纯牛奶（250ml*16）,488,13230.07
2026-9-9,新零售,新零售,极致娟姗全脂苗条砖(250ml*12),1124,0
2026-9-9,新零售,新零售,极致三代低脂纯牛奶（250ml*12）,1,21.74
2026-9-9,新零售,新零售,极致三代低脂无菌砖(250ml*12),148,0
2026-9-9,新零售,新零售,极致三代全脂无菌砖（250ml*12）,84,0
2026-9-9,新零售,新零售,极致有机全脂苗条砖(200ml*10),10020,0
2026-9-9,新零售,新零售,极致A2精巧装200mL*20,2160,61635.82
2026-9-9,新零售,新零售,极致A2β-酪蛋白全脂无菌砖(200ml*10),1354,0
2026-9-9,新零售,新零售,梦幻盖极致有机纯牛奶（250ml*12）,8,212.33
2026-9-9,新零售,新零售,三元3.2g小方枕全脂利乐枕-电商(227ml*16),1500,30441
2026-9-9,新零售,新零售,三元3.3g方白纯牛奶（250mL*24）,23,706.79
2026-9-9,新零售,新零售,三元3.3g方白纯牛奶（250mL*24）日常版,14595,0
2026-9-9,新零售,新零售,三元3.3g方白全脂无菌砖(200ml*24),4000,0
2026-9-9,新零售,新零售,三元3.3g方白脱脂无菌砖(250ml*24),98,2676.93
2026-9-9,新零售,新零售,三元3.3g全脂纯牛奶无菌砖（200ml*24）卡皮巴拉,4917,140792.39
2026-9-9,新零售,新零售,三元北京纯牛奶全脂（250mL*10）,50,924.89
2026-9-9,新零售,新零售,三元高钙全脂无菌砖(250ml*20),763,0
2026-9-9,新零售,新零售,三元简卡全脂砖石包(200g*10),220,0
2026-9-9,新零售,新零售,三元巧克力全脂无菌砖（250ml*24）,1000,0
2026-9-10,抖音,抖音,250ml方巧(1*24),277,8881.31
2026-9-10,抖音,抖音,250ml三元纯牛奶节庆礼盒-2026中秋（1*18）,126,0
2026-9-10,抖音,抖音,250S极致娟姗纯牛奶250mL*12,354,7716.53
2026-9-10,抖音,抖音,北京纯全脂拆单盒,86,159.08
2026-9-10,抖音,抖音,常温版极致三代全脂纯牛奶,33,716.23
2026-9-10,抖音,抖音,极小智有机A2纯牛奶200mL*10,1,18.48
2026-9-10,抖音,抖音,极致 3.8g 有机全脂梦幻盖（250ml*12）,14,0
2026-9-10,抖音,抖音,极致高品质全脂纯牛奶（250ml*16）,569,15426.05
2026-9-10,抖音,抖音,极致三代低脂纯牛奶（250ml*12）,23,500.08
2026-9-10,抖音,抖音,极致A2精巧装200ml*10,238,3712.49
2026-9-10,抖音,抖音,简卡原味钻酸奶200g*10,6,132.02
2026-9-10,抖音,抖音,梦幻盖极致有机纯牛奶（250ml*12）,27,716.6
2026-9-10,抖音,抖音,三元3.3g方白纯牛奶（250mL*24）,882,27103.95
2026-9-10,抖音,抖音,三元3.3g方白脱脂无菌砖(250ml*24),35,956.05
2026-9-10,抖音,抖音,三元3.3g全脂纯牛奶无菌砖（200ml*24）卡皮巴拉,14,400.87
2026-9-10,抖音,抖音,三元北京纯牛奶全脂（250mL*10）,5,92.49
2026-9-10,抖音,抖音,三元纯牛奶足球礼盒（250ml*12）,96,2036.16
2026-9-10,抖音,抖音,听装三元畅倍益益生菌奶粉700g*6,12,0
2026-9-10,抖音,抖音,小方白卡皮巴拉脱脂纯牛奶（200mL*24）,4,95.44
2026-9-10,抖音,抖音,钻石装极致有机纯牛奶（200ml*10）,6,122.65
2026-9-10,京东,京东自营,250ml三元纯牛奶节庆礼盒-2026中秋（1*18）,7000,0
2026-9-10,京东,京东自营,冰岛式酸奶（200g*24）,39,1748.63
2026-9-10,京东,京东自营,极致A2β-酪蛋白全脂无菌砖(200ml*10),1200,0
2026-9-10,京东,京东自营,三元3.3g方白纯牛奶（250mL*24）日常版,786,0
2026-9-10,京东,京东自营,钻石包极致有机纯牛奶（200ml*21）,953,34553.78
2026-9-10,京东,京东POP,250ml方巧(1*24),99,3174.19
2026-9-10,京东,京东POP,250ml舒释奶（全脂)(1*12),33,656.33
2026-9-10,京东,京东POP,250S极致娟姗纯牛奶250mL*12,4,87.19
2026-9-10,京东,京东POP,常温版极致三代全脂纯牛奶,2,43.41
2026-9-10,京东,京东POP,极小智有机A2纯牛奶200mL*10,16,295.7
2026-9-10,京东,京东POP,极致三代低脂纯牛奶（250ml*12）,1,21.74
2026-9-10,京东,京东POP,极致A2精巧装200ml*10,73,1138.71
2026-9-10,京东,京东POP,简卡原味钻酸奶200g*10,8,176.03
2026-9-10,京东,京东POP,梦幻盖极致有机纯牛奶（250ml*12）,9,238.87
2026-9-10,京东,京东POP,梦幻盖极致A2纯牛奶250ml*12,3,94.89
2026-9-10,京东,京东POP,三元3.3g方白纯牛奶（250mL*24）,68,2089.65
2026-9-10,京东,京东POP,三元3.3g方白脱脂无菌砖(250ml*24),12,327.79
2026-9-10,京东,京东POP,三元3.3g全脂纯牛奶无菌砖（200ml*24）卡皮巴拉,6,171.8
2026-9-10,京东,京东POP,三元北京纯牛奶全脂（250mL*10）,10,184.98
2026-9-10,京东,京东POP,三元纯牛奶足球礼盒（250ml*12）,2,42.42
2026-9-10,京东,京东POP,钻石装极致有机纯牛奶（200ml*10）,174,3556.79
2026-9-10,拼多多,拼多多,250ml方巧(1*24),146,4681.13
2026-9-10,拼多多,拼多多,250ml三元纯牛奶节庆礼盒-2026中秋（1*18）,2,0
2026-9-10,拼多多,拼多多,250ml舒释奶（全脂)(1*12),51,1014.32
2026-9-10,拼多多,拼多多,常温版极致三代全脂纯牛奶,2,43.41
2026-9-10,拼多多,拼多多,极小智有机A2纯牛奶200mL*10,10,184.81
2026-9-10,拼多多,拼多多,极致 3.8gA2β-酪蛋白全脂梦幻盖（250ml*12）,1,0
2026-9-10,拼多多,拼多多,极致高品质全脂纯牛奶（250ml*16）,30,813.32
2026-9-10,拼多多,拼多多,简卡原味钻酸奶200g*10,1,22
2026-9-10,拼多多,拼多多,梦幻盖极致有机纯牛奶（250ml*12）,5,132.7
2026-9-10,拼多多,拼多多,三元3.3g方白纯牛奶（250mL*24）,2470,75903.35
2026-9-10,拼多多,拼多多,三元3.3g方白脱脂无菌砖(250ml*24),829,22644.63
2026-9-10,拼多多,拼多多,三元3.3g全脂纯牛奶无菌砖（200ml*24）卡皮巴拉,4,114.54
2026-9-10,拼多多,拼多多,体验装单盒方巧,40,53.44
2026-9-10,拼多多,拼多多,小方白卡皮巴拉脱脂纯牛奶（200mL*24）,63,1503.16
2026-9-10,天猫,猫超,三元3.2g小方枕全脂利乐枕-电商(227ml*16),1200,24352.8
2026-9-10,天猫,猫旗,250ml方巧(1*24),6,192.38
2026-9-10,天猫,猫旗,250ml三元纯牛奶节庆礼盒-2026中秋（1*18）,2,0
2026-9-10,天猫,猫旗,250ml舒释奶（全脂)(1*12),10,198.89
2026-9-10,天猫,猫旗,250S极致娟姗纯牛奶250mL*12,31,675.74
2026-9-10,天猫,猫旗,250S极致有机纯牛奶250mL*12,4,96.5
2026-9-10,天猫,猫旗,北京纯全脂拆单盒,84,155.38
2026-9-10,天猫,猫旗,常温版极致三代全脂纯牛奶,3,65.11
2026-9-10,天猫,猫旗,极小智有机A2纯牛奶200mL*10,10,184.81
2026-9-10,天猫,猫旗,极致 3.8g 有机全脂梦幻盖（250ml*12）,1,0
2026-9-10,天猫,猫旗,极致 3.8gA2β-酪蛋白全脂梦幻盖（250ml*12）,2,0
2026-9-10,天猫,猫旗,极致高品质全脂纯牛奶（250ml*16）,70,1897.76
2026-9-10,天猫,猫旗,极致三代低脂纯牛奶（250ml*12）,12,260.91
2026-9-10,天猫,猫旗,极致A2精巧装200ml*10,17,265.18
2026-9-10,天猫,猫旗,简卡原味钻酸奶200g*10,6,132.02
2026-9-10,天猫,猫旗,梦幻盖极致有机纯牛奶（250ml*12）,17,451.2
2026-9-10,天猫,猫旗,梦幻盖极致A2纯牛奶250ml*12,1,31.63
2026-9-10,天猫,猫旗,三元3.3g方白纯牛奶（250mL*24）,498,15303.59
2026-9-10,天猫,猫旗,三元3.3g方白脱脂无菌砖(250ml*24),61,1666.25
2026-9-10,天猫,猫旗,三元3.3g全脂纯牛奶无菌砖（200ml*24）卡皮巴拉,9,257.7
2026-9-10,天猫,猫旗,三元北京纯牛奶全脂（250mL*10）,6,110.99
2026-9-10,天猫,猫旗,三元纯牛奶足球礼盒（250ml*12）,1,21.21
2026-9-10,天猫,猫旗,体验装 极致娟姗拆单盒,30,54.5
2026-9-10,天猫,猫旗,体验装 极致A2精巧单盒,36,94.89
2026-9-10,天猫,猫旗,体验装 特品脱脂拆单盒,12,11.93
2026-9-10,天猫,猫旗,体验装 有机单盒,48,96.5
2026-9-10,天猫,猫旗,体验装单盒方巧,72,96.19
2026-9-10,天猫,猫旗,体验装单盒特品,126,153.11
2026-9-10,天猫,猫旗,小方白卡皮巴拉脱脂纯牛奶（200mL*24）,11,262.46
2026-9-10,天猫,猫旗,钻石装极致有机纯牛奶（200ml*10）,3,61.32
2026-9-10,小程序及其他,小程序及其他,250ml方巧(1*24),274,8785.13
2026-9-10,小程序及其他,小程序及其他,250ml三元纯牛奶节庆礼盒-2026中秋（1*18）,234,0
2026-9-10,小程序及其他,小程序及其他,250ml舒释奶（全脂)(1*12),7,139.22
2026-9-10,小程序及其他,小程序及其他,250S极致有机纯牛奶250mL*12,26,627.27
2026-9-10,小程序及其他,小程序及其他,芭芭农场纸箱,2,0
2026-9-10,小程序及其他,小程序及其他,芭芭农场DM单,2,0
2026-9-10,小程序及其他,小程序及其他,常温版极致三代全脂纯牛奶,147,3190.47
2026-9-10,小程序及其他,小程序及其他,极小智有机A2纯牛奶200mL*10,4,73.93
2026-9-10,小程序及其他,小程序及其他,极致高品质全脂纯牛奶（250ml*16）,278,7536.8
2026-9-10,小程序及其他,小程序及其他,极致三代低脂纯牛奶（250ml*12）,180,3913.65
2026-9-10,小程序及其他,小程序及其他,极致A2精巧装200ml*10,817,12744.14
2026-9-10,小程序及其他,小程序及其他,简卡原味钻酸奶200g*10,175,3850.65
2026-9-10,小程序及其他,小程序及其他,梦幻盖极致有机纯牛奶（250ml*12）,122,3237.99
2026-9-10,小程序及其他,小程序及其他,梦幻盖极致A2纯牛奶250ml*12,69,2182.41
2026-9-10,小程序及其他,小程序及其他,三元3.3g方白纯牛奶（250mL*24）,324,9956.55
2026-9-10,小程序及其他,小程序及其他,三元3.3g方白脱脂无菌砖(250ml*24),101,2758.88
2026-9-10,小程序及其他,小程序及其他,三元3.3g全脂纯牛奶无菌砖（200ml*24）卡皮巴拉,8,229.07
2026-9-10,小程序及其他,小程序及其他,三元北京纯牛奶全脂（250mL*10）,2,37
2026-9-10,小程序及其他,小程序及其他,体验装 极致A2精巧单盒,12,31.63
2026-9-10,小程序及其他,小程序及其他,小方白卡皮巴拉脱脂纯牛奶（200mL*24）,9,214.74
2026-9-10,小程序及其他,小程序及其他,钻石装极致有机纯牛奶（200ml*10）,44,899.42
2026-9-10,新零售,新零售,250S极致娟姗纯牛奶250mL*12,6,130.79
2026-9-10,新零售,新零售,极小智有机A2纯牛奶200mL*10,6,110.89
2026-9-10,新零售,新零售,极致高品质全脂纯牛奶（250ml*16）,10,271.11
2026-9-10,新零售,新零售,极致三代低脂纯牛奶（250ml*12）,6,130.45
2026-9-10,新零售,新零售,极致三代低脂无菌砖(250ml*12),300,0
2026-9-10,新零售,新零售,极致A2β-酪蛋白全脂无菌砖(200ml*10),45,0
2026-9-10,新零售,新零售,梦幻盖极致有机纯牛奶（250ml*12）,6,159.25
2026-9-10,新零售,新零售,三元3.2g小方枕全脂利乐枕-电商(227ml*16),1000,20294
2026-9-10,新零售,新零售,三元3.3g方白纯牛奶（250mL*24）,33,1014.09
2026-9-10,新零售,新零售,三元3.3g方白脱脂无菌砖(250ml*24),11,300.47
2026-9-10,新零售,新零售,三元简卡全脂砖石包(200g*10),800,0
2026-9-10,新零售,新零售,三元巧克力全脂无菌砖（250ml*24）,167,0
2026-9-10,新零售,新零售,钻石包极致有机纯牛奶（200ml*21）,244,8846.93
2026-9-11,抖音,抖音,250ml方巧(1*24),290,9298.13
2026-9-11,抖音,抖音,250ml三元纯牛奶节庆礼盒-2026中秋（1*18）,302,0
2026-9-11,抖音,抖音,250S极致娟姗纯牛奶250mL*12,522,11378.61
2026-9-11,抖音,抖音,北京纯全脂拆单盒,210,388.45
2026-9-11,抖音,抖音,常温版极致三代全脂纯牛奶,12,260.45
2026-9-11,抖音,抖音,极小智有机A2纯牛奶200mL*10,7,129.37
2026-9-11,抖音,抖音,极致 3.8g 有机全脂梦幻盖（250ml*12）,38,0
2026-9-11,抖音,抖音,极致高品质全脂纯牛奶（250ml*16）,264,7157.25
2026-9-11,抖音,抖音,极致三代低脂纯牛奶（250ml*12）,17,369.62
2026-9-11,抖音,抖音,极致A2精巧装200ml*10,278,4336.44
2026-9-11,抖音,抖音,简卡原味钻酸奶200g*10,4,88.01
2026-9-11,抖音,抖音,梦幻盖极致有机纯牛奶（250ml*12）,17,451.2
2026-9-11,抖音,抖音,三元3.3g方白纯牛奶（250mL*24）,844,25936.2
2026-9-11,抖音,抖音,三元3.3g方白脱脂无菌砖(250ml*24),48,1311.15
2026-9-11,抖音,抖音,三元3.3g全脂纯牛奶无菌砖（200ml*24）卡皮巴拉,25,715.85
2026-9-11,抖音,抖音,三元北京纯牛奶全脂（250mL*10）,17,314.46
2026-9-11,抖音,抖音,三元纯牛奶足球礼盒（250ml*12）,159,3372.39
2026-9-11,抖音,抖音,听装三元畅倍益益生菌奶粉700g*6,52,0
2026-9-11,抖音,抖音,小方白卡皮巴拉脱脂纯牛奶（200mL*24）,8,190.88
2026-9-11,抖音,抖音,钻石装极致有机纯牛奶（200ml*10）,45,919.86
2026-9-11,京东,京东自营,250ml三元纯牛奶节庆礼盒-2026中秋（1*18）,18679,0
2026-9-11,京东,京东自营,冰岛式酸奶（200g*24）,2948,132178.3
2026-9-11,京东,京东自营,极致3.8g有机全脂纯牛奶梦幻盖（250ml*12）,2172,0
2026-9-11,京东,京东自营,极致3.8gA2β酪蛋白全脂纯牛奶梦幻盖（250ml*12）,1112,0
2026-9-11,京东,京东自营,极致4.0高蛋白纯牛奶250mL*24,3732,194307.7
2026-9-11,京东,京东自营,极致高品质全脂纯牛奶（250ml*16）,3911,106030.34
2026-9-11,京东,京东自营,极致极小智有机A2全脂苗条砖(200ml*10),1430,0
2026-9-11,京东,京东自营,极致三代低脂无菌砖(250ml*12),944,0
2026-9-11,京东,京东自营,极致三代全脂无菌砖（250ml*12）,1352,0
2026-9-11,京东,京东自营,极致有机全脂苗条砖(250ml*12),956,0
2026-9-11,京东,京东自营,极致A2精巧装16入,1648,39337.76
2026-9-11,京东,京东自营,极致A2β-酪蛋白全脂无菌砖(200ml*10),14000,0
2026-9-11,京东,京东自营,三元3.3g方白纯牛奶（250mL*24）日常版,8068,0
2026-9-11,京东,京东自营,三元3.3g方白脱脂无菌砖(250ml*24),8548,233493.75
2026-9-11,京东,京东自营,三元3.3g全脂纯牛奶无菌砖（200ml*24）卡皮巴拉,12548,359296.92
2026-9-11,京东,京东自营,三元纯牛奶足球礼盒（250ml*12）,84,1781.64
2026-9-11,京东,京东自营,三元高钙全脂无菌砖(250ml*20),2528,0
2026-9-11,京东,京东自营,三元简卡全脂砖石包(200g*10),63,0
2026-9-11,京东,京东自营,三元巧克力全脂无菌砖（250ml*24）,1332,0
2026-9-11,京东,京东自营,小方白卡皮巴拉低脂高钙牛奶（200mL*24）,876,23055.97
2026-9-11,京东,京东自营,小方白卡皮巴拉脱脂纯牛奶（200mL*24）,5488,130942.03
2026-9-11,京东,京东自营,钻石包极致有机纯牛奶（200ml*21）,10673,386980.57
2026-9-11,京东,京东POP,250ml方巧(1*24),30,961.88
2026-9-11,京东,京东POP,250ml三元纯牛奶节庆礼盒-2026中秋（1*18）,1,0
2026-9-11,京东,京东POP,250ml舒释奶（全脂)(1*12),22,437.55
2026-9-11,京东,京东POP,250S极致娟姗纯牛奶250mL*12,2,43.6
2026-9-11,京东,京东POP,极小智有机A2纯牛奶200mL*10,30,554.44
2026-9-11,京东,京东POP,极致高品质全脂纯牛奶（250ml*16）,38,1030.21
2026-9-11,京东,京东POP,极致三代低脂纯牛奶（250ml*12）,1,21.74
2026-9-11,京东,京东POP,极致A2精巧装200ml*10,98,1528.67
2026-9-11,京东,京东POP,简卡原味钻酸奶200g*10,2,44.01
2026-9-11,京东,京东POP,梦幻盖极致有机纯牛奶（250ml*12）,6,159.25
2026-9-11,京东,京东POP,梦幻盖极致A2纯牛奶250ml*12,1,31.63
2026-9-11,京东,京东POP,三元 芭缔欧冰岛式酸奶巴沙杀菌200g*24盒/箱,4,0
2026-9-11,京东,京东POP,三元 白盒纯牛奶250ml*12礼盒装,2,0
2026-9-11,京东,京东POP,三元3.3g方白纯牛奶（250mL*24）,37,1137.01
2026-9-11,京东,京东POP,三元3.3g方白脱脂无菌砖(250ml*24),9,245.84
2026-9-11,京东,京东POP,三元3.3g全脂纯牛奶无菌砖（200ml*24）卡皮巴拉,10,286.34
2026-9-11,京东,京东POP,三元北京纯牛奶全脂（250mL*10）,7,129.48
2026-9-11,京东,京东POP,体验装单盒方巧,4,5.34
2026-9-11,京东,京东POP,钻石装极致有机纯牛奶（200ml*10）,156,3188.84
2026-9-11,拼多多,拼多多,250ml方巧(1*24),143,4584.94
2026-9-11,拼多多,拼多多,250ml舒释奶（全脂)(1*12),33,656.33
2026-9-11,拼多多,拼多多,250S极致娟姗纯牛奶250mL*12,3,65.39
2026-9-11,拼多多,拼多多,常温版极致三代全脂纯牛奶,2,43.41
2026-9-11,拼多多,拼多多,极小智有机A2纯牛奶200mL*10,12,221.78
2026-9-11,拼多多,拼多多,极致 3.8gA2β-酪蛋白全脂梦幻盖（250ml*12）,1,0
2026-9-11,拼多多,拼多多,极致高品质全脂纯牛奶（250ml*16）,40,1084.43
2026-9-11,拼多多,拼多多,简卡原味钻酸奶200g*10,1,22
2026-9-11,拼多多,拼多多,梦幻盖极致有机纯牛奶（250ml*12）,7,185.79
2026-9-11,拼多多,拼多多,三元3.3g方白纯牛奶（250mL*24）,2516,77316.93
2026-9-11,拼多多,拼多多,三元3.3g方白脱脂无菌砖(250ml*24),725,19803.81
2026-9-11,拼多多,拼多多,三元3.3g全脂纯牛奶无菌砖（200ml*24）卡皮巴拉,2,57.27
2026-9-11,拼多多,拼多多,三元纯牛奶足球礼盒（250ml*12）,1,21.21
2026-9-11,拼多多,拼多多,体验装单盒方巧,80,106.88
2026-9-11,拼多多,拼多多,小方白卡皮巴拉脱脂纯牛奶（200mL*24）,96,2290.53
2026-9-11,拼多多,拼多多,钻石装极致有机纯牛奶（200ml*10）,15,306.62
2026-9-11,天猫,猫超,冰岛式酸奶（200g*24）,95,4259.48
2026-9-11,天猫,猫超,极致极小智有机A2全脂苗条砖(200ml*10),64,0
2026-9-11,天猫,猫超,三元3.3g方白纯牛奶（250mL*24）日常版,300,0
2026-9-11,天猫,猫超,三元3.3g方白脱脂无菌砖(250ml*24),119,3250.56
2026-9-11,天猫,猫超,三元高钙全脂无菌砖(250ml*20),60,0
2026-9-11,天猫,猫超,三元巧克力全脂无菌砖（250ml*24）,200,0
2026-9-11,天猫,猫旗,250ml方巧(1*24),19,609.19
2026-9-11,天猫,猫旗,250ml三元纯牛奶节庆礼盒-2026中秋（1*18）,3,0
2026-9-11,天猫,猫旗,250ml舒释奶（全脂)(1*12),6,119.33
2026-9-11,天猫,猫旗,250S极致娟姗纯牛奶250mL*12,42,915.52
2026-9-11,天猫,猫旗,250S极致有机纯牛奶250mL*12,3,72.38
2026-9-11,天猫,猫旗,北京纯全脂拆单盒,114,210.87
2026-9-11,天猫,猫旗,常温版极致三代全脂纯牛奶,1,21.7
2026-9-11,天猫,猫旗,极小智有机A2纯牛奶200mL*10,20,369.63
2026-9-11,天猫,猫旗,极致 3.8gA2β-酪蛋白全脂梦幻盖（250ml*12）,3,0
2026-9-11,天猫,猫旗,极致高品质全脂纯牛奶（250ml*16）,76,2060.42
2026-9-11,天猫,猫旗,极致三代低脂纯牛奶（250ml*12）,12,260.91
2026-9-11,天猫,猫旗,极致A2精巧装200ml*10,29,452.36
2026-9-11,天猫,猫旗,简卡原味钻酸奶200g*10,9,198.03
2026-9-11,天猫,猫旗,梦幻盖极致有机纯牛奶（250ml*12）,19,504.28
2026-9-11,天猫,猫旗,梦幻盖极致A2纯牛奶250ml*12,2,63.26
2026-9-11,天猫,猫旗,三元3.3g方白纯牛奶（250mL*24）,421,12937.37
2026-9-11,天猫,猫旗,三元3.3g方白脱脂无菌砖(250ml*24),59,1611.62
2026-9-11,天猫,猫旗,三元3.3g全脂纯牛奶无菌砖（200ml*24）卡皮巴拉,11,314.97
2026-9-11,天猫,猫旗,三元北京纯牛奶全脂（250mL*10）,14,258.97
2026-9-11,天猫,猫旗,三元纯牛奶足球礼盒（250ml*12）,2,42.42
2026-9-11,天猫,猫旗,体验装 极致娟姗拆单盒,60,108.99
2026-9-11,天猫,猫旗,体验装 极致A2精巧单盒,23,60.62
2026-9-11,天猫,猫旗,体验装 特品脱脂拆单盒,12,11.93
2026-9-11,天猫,猫旗,体验装 有机单盒,36,72.38
2026-9-11,天猫,猫旗,体验装单盒方巧,30,40.08
2026-9-11,天猫,猫旗,体验装单盒特品,66,80.2
2026-9-11,天猫,猫旗,小方白卡皮巴拉脱脂纯牛奶（200mL*24）,11,262.46
2026-9-11,小程序及其他,小程序及其他,250ml方巧(1*24),71,2276.44
2026-9-11,小程序及其他,小程序及其他,250ml三元纯牛奶节庆礼盒-2026中秋（1*18）,87,0
2026-9-11,小程序及其他,小程序及其他,250ml舒释奶（全脂)(1*12),3,59.67
2026-9-11,小程序及其他,小程序及其他,250S极致有机纯牛奶250mL*12,94,2267.83
2026-9-11,小程序及其他,小程序及其他,常温版极致三代全脂纯牛奶,101,2192.09
2026-9-11,小程序及其他,小程序及其他,极小智有机A2纯牛奶200mL*10,5,92.41
2026-9-11,小程序及其他,小程序及其他,极致三代低脂纯牛奶（250ml*12）,175,3804.94
2026-9-11,小程序及其他,小程序及其他,极致A2精巧装200ml*10,333,5194.37
2026-9-11,小程序及其他,小程序及其他,简卡原味钻酸奶200g*10,95,2090.35
2026-9-11,小程序及其他,小程序及其他,梦幻盖极致有机纯牛奶（250ml*12）,23,610.44
2026-9-11,小程序及其他,小程序及其他,梦幻盖极致A2纯牛奶250ml*12,59,1866.12
2026-9-11,小程序及其他,小程序及其他,三元3.3g方白纯牛奶（250mL*24）,130,3994.91
2026-9-11,小程序及其他,小程序及其他,三元3.3g方白脱脂无菌砖(250ml*24),21,573.63
2026-9-11,小程序及其他,小程序及其他,三元3.3g全脂纯牛奶无菌砖（200ml*24）卡皮巴拉,23,658.58
2026-9-11,小程序及其他,小程序及其他,小方白卡皮巴拉脱脂纯牛奶（200mL*24）,9,214.74
2026-9-11,小程序及其他,小程序及其他,钻石装极致有机纯牛奶（200ml*10）,32,654.12
2026-9-11,新零售,新零售,250ml三元纯牛奶节庆礼盒-2026中秋（1*18）,4,0
2026-9-11,新零售,新零售,250S极致娟姗纯牛奶250mL*12,7,152.59
2026-9-11,新零售,新零售,极小智有机A2纯牛奶200mL*10,1,18.48
2026-9-11,新零售,新零售,极致高品质全脂纯牛奶（250ml*16）,2,54.22
2026-9-11,新零售,新零售,极致三代低脂纯牛奶（250ml*12）,2,43.49
2026-9-11,新零售,新零售,梦幻盖极致有机纯牛奶（250ml*12）,4,106.16
2026-9-11,新零售,新零售,三元3.2g小方枕全脂利乐枕-电商(227ml*16),3500,71029
2026-9-11,新零售,新零售,三元3.3g方白纯牛奶（250mL*24）,19,583.87
2026-9-11,新零售,新零售,三元3.3g方白脱脂无菌砖(250ml*24),11,300.47
2026-9-12,抖音,抖音,250ml方巧(1*24),187,5995.69
2026-9-12,抖音,抖音,250ml三元纯牛奶节庆礼盒-2026中秋（1*18）,272,0
2026-9-12,抖音,抖音,250S极致娟姗纯牛奶250mL*12,690,15040.69
2026-9-12,抖音,抖音,北京纯全脂拆单盒,1394,2578.59
2026-9-12,抖音,抖音,常温版极致三代全脂纯牛奶,21,455.78
2026-9-12,抖音,抖音,极小智有机A2纯牛奶200mL*10,13,240.26
2026-9-12,抖音,抖音,极致 3.8g 有机全脂梦幻盖（250ml*12）,26,0
2026-9-12,抖音,抖音,极致高品质全脂纯牛奶（250ml*16）,1702,46142.58
2026-9-12,抖音,抖音,极致三代低脂纯牛奶（250ml*12）,29,630.53
2026-9-12,抖音,抖音,极致A2精巧装200ml*10,270,4211.65
2026-9-12,抖音,抖音,简卡原味钻酸奶200g*10,8,176.03
2026-9-12,抖音,抖音,梦幻盖极致有机纯牛奶（250ml*12）,18,477.74
2026-9-12,抖音,抖音,三元3.3g方白纯牛奶（250mL*24）,875,26888.84
2026-9-12,抖音,抖音,三元3.3g方白脱脂无菌砖(250ml*24),34,928.73
2026-9-12,抖音,抖音,三元3.3g全脂纯牛奶无菌砖（200ml*24）卡皮巴拉,21,601.31
2026-9-12,抖音,抖音,三元北京纯牛奶全脂（250mL*10）,26,480.94
2026-9-12,抖音,抖音,三元纯牛奶足球礼盒（250ml*12）,136,2884.56
2026-9-12,抖音,抖音,听装三元畅倍益益生菌奶粉700g*6,495,0
2026-9-12,抖音,抖音,小方白卡皮巴拉脱脂纯牛奶（200mL*24）,4,95.44
2026-9-12,抖音,抖音,钻石装极致有机纯牛奶（200ml*10）,5,102.21
2026-9-12,京东,京东自营,三元3.3g方白纯牛奶（250mL*24）日常版,24000,0
2026-9-12,京东,京东POP,250ml方巧(1*24),29,929.81
2026-9-12,京东,京东POP,250ml三元纯牛奶节庆礼盒-2026中秋（1*18）,2,0
2026-9-12,京东,京东POP,250ml舒释奶（全脂)(1*12),27,536.99
2026-9-12,京东,京东POP,250S极致娟姗纯牛奶250mL*12,6,130.79
2026-9-12,京东,京东POP,250S极致有机纯牛奶250mL*12,4,96.5
2026-9-12,京东,京东POP,极小智有机A2纯牛奶200mL*10,20,369.63
2026-9-12,京东,京东POP,极致高品质全脂纯牛奶（250ml*16）,139,3768.4
2026-9-12,京东,京东POP,极致A2精巧装200ml*10,113,1762.65
2026-9-12,京东,京东POP,简卡原味钻酸奶200g*10,1,22
2026-9-12,京东,京东POP,梦幻盖极致有机纯牛奶（250ml*12）,12,318.49
2026-9-12,京东,京东POP,梦幻盖极致A2纯牛奶250ml*12,2,63.26
2026-9-12,京东,京东POP,三元 芭缔欧冰岛式酸奶巴沙杀菌200g*24盒/箱,1,0
2026-9-12,京东,京东POP,三元3.3g方白纯牛奶（250mL*24）,42,1290.66
2026-9-12,京东,京东POP,三元3.3g方白脱脂无菌砖(250ml*24),12,327.79
2026-9-12,京东,京东POP,三元3.3g全脂纯牛奶无菌砖（200ml*24）卡皮巴拉,1,28.63
2026-9-12,京东,京东POP,三元北京纯牛奶全脂（250mL*10）,18,332.96
2026-9-12,京东,京东POP,三元纯牛奶足球礼盒（250ml*12）,6,127.26
2026-9-12,京东,京东POP,体验装单盒方巧,20,26.72
2026-9-12,京东,京东POP,钻石装极致有机纯牛奶（200ml*10）,202,4129.14
2026-9-12,拼多多,多多买菜,极致有机全脂苗条砖(200ml*10),200,0
2026-9-12,拼多多,多多买菜,三元3.2g小方枕全脂利乐枕-电商(227ml*16),1500,30441
2026-9-12,拼多多,多多买菜,三元高钙全脂无菌砖(250ml*20),1000,0
2026-9-12,拼多多,拼多多,250ml方巧(1*24),124,3975.75
2026-9-12,拼多多,拼多多,250ml舒释奶（全脂)(1*12),47,934.77
2026-9-12,拼多多,拼多多,250S极致娟姗纯牛奶250mL*12,4,87.19
2026-9-12,拼多多,拼多多,极小智有机A2纯牛奶200mL*10,8,147.85
2026-9-12,拼多多,拼多多,极致高品质全脂纯牛奶（250ml*16）,41,1111.54
2026-9-12,拼多多,拼多多,极致三代低脂纯牛奶（250ml*12）,4,86.97
2026-9-12,拼多多,拼多多,极致A2精巧装200ml*10,1,15.6
2026-9-12,拼多多,拼多多,简卡原味钻酸奶200g*10,5,110.02
2026-9-12,拼多多,拼多多,梦幻盖极致有机纯牛奶（250ml*12）,6,159.25
2026-9-12,拼多多,拼多多,三元3.3g方白纯牛奶（250mL*24）,2646,81311.84
2026-9-12,拼多多,拼多多,三元3.3g方白脱脂无菌砖(250ml*24),768,20978.38
2026-9-12,拼多多,拼多多,三元3.3g全脂纯牛奶无菌砖（200ml*24）卡皮巴拉,6,171.8
2026-9-12,拼多多,拼多多,三元纯牛奶足球礼盒（250ml*12）,1,21.21
2026-9-12,拼多多,拼多多,体验装单盒方巧,128,171
2026-9-12,拼多多,拼多多,小方白卡皮巴拉脱脂纯牛奶（200mL*24）,44,1049.83
2026-9-12,天猫,猫旗,250ml方巧(1*24),19,609.19
2026-9-12,天猫,猫旗,250ml三元纯牛奶节庆礼盒-2026中秋（1*18）,8,0
2026-9-12,天猫,猫旗,250ml舒释奶（全脂)(1*12),14,278.44
2026-9-12,天猫,猫旗,250S极致娟姗纯牛奶250mL*12,26,566.75
2026-9-12,天猫,猫旗,250S极致有机纯牛奶250mL*12,5,120.63
2026-9-12,天猫,猫旗,北京纯全脂拆单盒,84,155.38
2026-9-12,天猫,猫旗,常温版极致三代全脂纯牛奶,12,260.45
2026-9-12,天猫,猫旗,极小智有机A2纯牛奶200mL*10,16,295.7
2026-9-12,天猫,猫旗,极致高品质全脂纯牛奶（250ml*16）,72,1951.98
2026-9-12,天猫,猫旗,极致三代低脂纯牛奶（250ml*12）,4,86.97
2026-9-12,天猫,猫旗,极致A2精巧装200ml*10,12,187.18
2026-9-12,天猫,猫旗,简卡原味钻酸奶200g*10,4,88.01
2026-9-12,天猫,猫旗,梦幻盖极致有机纯牛奶（250ml*12）,14,371.57
2026-9-12,天猫,猫旗,三元3.3g方白纯牛奶（250mL*24）,462,14197.31
2026-9-12,天猫,猫旗,三元3.3g方白脱脂无菌砖(250ml*24),36,983.36
2026-9-12,天猫,猫旗,三元3.3g全脂纯牛奶无菌砖（200ml*24）卡皮巴拉,18,515.41
2026-9-12,天猫,猫旗,三元北京纯牛奶全脂（250mL*10）,21,388.45
2026-9-12,天猫,猫旗,三元纯牛奶足球礼盒（250ml*12）,1,21.21
2026-9-12,天猫,猫旗,体验装 极致娟姗拆单盒,42,76.29
2026-9-12,天猫,猫旗,体验装 极致A2精巧单盒,42,110.7
2026-9-12,天猫,猫旗,体验装 特品脱脂拆单盒,12,11.93
2026-9-12,天猫,猫旗,体验装 有机单盒,30,60.31
2026-9-12,天猫,猫旗,体验装单盒方巧,42,56.11
2026-9-12,天猫,猫旗,体验装单盒特品,96,116.65
2026-9-12,天猫,猫旗,小方白卡皮巴拉脱脂纯牛奶（200mL*24）,12,286.32
2026-9-12,天猫,猫旗,钻石装极致有机纯牛奶（200ml*10）,11,224.85
2026-9-12,小程序及其他,小程序及其他,250ml方巧(1*24),56,1795.5
2026-9-12,小程序及其他,小程序及其他,250ml三元纯牛奶节庆礼盒-2026中秋（1*18）,36,0
2026-9-12,小程序及其他,小程序及其他,250ml舒释奶（全脂)(1*12),4,79.55
2026-9-12,小程序及其他,小程序及其他,250S极致有机纯牛奶250mL*12,29,699.65
2026-9-12,小程序及其他,小程序及其他,常温版极致三代全脂纯牛奶,113,2452.54
2026-9-12,小程序及其他,小程序及其他,极小智有机A2纯牛奶200mL*10,5,92.41
2026-9-12,小程序及其他,小程序及其他,极致三代低脂纯牛奶（250ml*12）,135,2935.24
2026-9-12,小程序及其他,小程序及其他,极致A2精巧装200ml*10,262,4086.86
2026-9-12,小程序及其他,小程序及其他,简卡原味钻酸奶200g*10,40,880.15
2026-9-12,小程序及其他,小程序及其他,梦幻盖极致有机纯牛奶（250ml*12）,19,504.28
2026-9-12,小程序及其他,小程序及其他,梦幻盖极致A2纯牛奶250ml*12,44,1391.68
2026-9-12,小程序及其他,小程序及其他,三元3.3g方白纯牛奶（250mL*24）,90,2765.71
2026-9-12,小程序及其他,小程序及其他,三元3.3g方白脱脂无菌砖(250ml*24),14,382.42
2026-9-12,小程序及其他,小程序及其他,三元3.3g全脂纯牛奶无菌砖（200ml*24）卡皮巴拉,11,314.97
2026-9-12,小程序及其他,小程序及其他,三元北京纯牛奶全脂（250mL*10）,2,37
2026-9-12,小程序及其他,小程序及其他,小方白卡皮巴拉脱脂纯牛奶（200mL*24）,21,501.05
2026-9-12,小程序及其他,小程序及其他,钻石装极致有机纯牛奶（200ml*10）,40,817.65
2026-9-12,新零售,新零售,250ml三元纯牛奶节庆礼盒-2026中秋（1*18）,1,0
2026-9-12,新零售,新零售,250S极致娟姗纯牛奶250mL*12,1,21.8
2026-9-12,新零售,新零售,极小智有机A2纯牛奶200mL*10,2,36.96
2026-9-12,新零售,新零售,极致4.0高蛋白纯牛奶250mL*24,82,4269.35
2026-9-12,新零售,新零售,极致高品质全脂纯牛奶（250ml*16）,4,108.44
2026-9-12,新零售,新零售,极致三代低脂纯牛奶（250ml*12）,4,86.97
2026-9-12,新零售,新零售,极致三代低脂无菌砖(250ml*12),4,0
2026-9-12,新零售,新零售,极致有机全脂苗条砖(200ml*10),3276,0
2026-9-12,新零售,新零售,三元3.2g小方枕全脂利乐枕-电商(227ml*16),1700,34499.8
2026-9-12,新零售,新零售,三元3.3g方白纯牛奶（250mL*24）,11,338.03
2026-9-12,新零售,新零售,三元3.3g方白纯牛奶（250mL*24）日常版,100,0
2026-9-12,新零售,新零售,三元3.3g方白脱脂无菌砖(250ml*24),4,109.26
2026-9-12,新零售,新零售,三元3.3g全脂纯牛奶无菌砖（200ml*24）卡皮巴拉,250,7158.45
2026-9-12,新零售,新零售,三元巧克力全脂无菌砖（250ml*24）,185,0
2026-9-13,抖音,抖音,250ml方巧(1*24),143,4584.94
2026-9-13,抖音,抖音,250ml三元纯牛奶节庆礼盒-2026中秋（1*18）,168,0
2026-9-13,抖音,抖音,250ml舒释奶（全脂)(1*12),1,19.89
2026-9-13,抖音,抖音,250S极致娟姗纯牛奶250mL*12,295,6430.44
2026-9-13,抖音,抖音,北京纯全脂拆单盒,912,1687
2026-9-13,抖音,抖音,常温版极致三代全脂纯牛奶,30,651.12
2026-9-13,抖音,抖音,极小智有机A2纯牛奶200mL*10,5,92.41
2026-9-13,抖音,抖音,极致 3.8g 有机全脂梦幻盖（250ml*12）,18,0
2026-9-13,抖音,抖音,极致高品质全脂纯牛奶（250ml*16）,1037,28113.9
2026-9-13,抖音,抖音,极致三代低脂纯牛奶（250ml*12）,14,304.4
2026-9-13,抖音,抖音,极致A2精巧装200ml*10,153,2386.6
2026-9-13,抖音,抖音,简卡原味钻酸奶200g*10,9,198.03
2026-9-13,抖音,抖音,梦幻盖极致有机纯牛奶（250ml*12）,14,371.57
2026-9-13,抖音,抖音,三元3.3g方白纯牛奶（250mL*24）,1034,31774.92
2026-9-13,抖音,抖音,三元3.3g方白脱脂无菌砖(250ml*24),29,792.15
2026-9-13,抖音,抖音,三元3.3g全脂纯牛奶无菌砖（200ml*24）卡皮巴拉,6,171.8
2026-9-13,抖音,抖音,三元北京纯牛奶全脂（250mL*10）,8,147.98
2026-9-13,抖音,抖音,三元纯牛奶足球礼盒（250ml*12）,116,2460.36
2026-9-13,抖音,抖音,听装三元畅倍益益生菌奶粉700g*6,251,0
2026-9-13,抖音,抖音,小方白卡皮巴拉脱脂纯牛奶（200mL*24）,2,47.72
2026-9-13,抖音,抖音,钻石装极致有机纯牛奶（200ml*10）,9,183.97
2026-9-13,京东,京东POP,250ml方巧(1*24),13,416.81
2026-9-13,京东,京东POP,250ml三元纯牛奶节庆礼盒-2026中秋（1*18）,1,0
2026-9-13,京东,京东POP,250ml舒释奶（全脂)(1*12),36,715.99
2026-9-13,京东,京东POP,250S极致娟姗纯牛奶250mL*12,1,21.8
2026-9-13,京东,京东POP,常温版极致三代全脂纯牛奶,2,43.41
2026-9-13,京东,京东POP,极小智有机A2纯牛奶200mL*10,18,332.66
2026-9-13,京东,京东POP,极致高品质全脂纯牛奶（250ml*16）,63,1707.98
2026-9-13,京东,京东POP,极致三代低脂纯牛奶（250ml*12）,1,21.74
2026-9-13,京东,京东POP,极致A2精巧装200ml*10,100,1559.87
2026-9-13,京东,京东POP,简卡原味钻酸奶200g*10,1,22
2026-9-13,京东,京东POP,梦幻盖极致有机纯牛奶（250ml*12）,9,238.87
2026-9-13,京东,京东POP,梦幻盖极致A2纯牛奶250ml*12,5,158.15
2026-9-13,京东,京东POP,三元 芭缔欧冰岛式酸奶巴沙杀菌200g*24盒/箱,3,0
2026-9-13,京东,京东POP,三元3.3g方白纯牛奶（250mL*24）,43,1321.39
2026-9-13,京东,京东POP,三元3.3g方白脱脂无菌砖(250ml*24),10,273.16
2026-9-13,京东,京东POP,三元3.3g全脂纯牛奶无菌砖（200ml*24）卡皮巴拉,5,143.17
2026-9-13,京东,京东POP,三元北京纯牛奶全脂（250mL*10）,8,147.98
2026-9-13,京东,京东POP,体验装单盒方巧,4,5.34
2026-9-13,京东,京东POP,钻石装极致有机纯牛奶（200ml*10）,204,4170.03
2026-9-13,拼多多,拼多多,250ml方巧(1*24),86,2757.38
2026-9-13,拼多多,拼多多,250ml舒释奶（全脂)(1*12),19,377.89
2026-9-13,拼多多,拼多多,250S极致娟姗纯牛奶250mL*12,62,1351.48
2026-9-13,拼多多,拼多多,极小智有机A2纯牛奶200mL*10,5,92.41
2026-9-13,拼多多,拼多多,极致高品质全脂纯牛奶（250ml*16）,69,1870.65
2026-9-13,拼多多,拼多多,极致三代低脂纯牛奶（250ml*12）,2,43.49
2026-9-13,拼多多,拼多多,简卡原味钻酸奶200g*10,4,88.01
2026-9-13,拼多多,拼多多,梦幻盖极致有机纯牛奶（250ml*12）,5,132.7
2026-9-13,拼多多,拼多多,三元3.3g方白纯牛奶（250mL*24）,3566,109583.54
2026-9-13,拼多多,拼多多,三元3.3g方白脱脂无菌砖(250ml*24),753,20568.65
2026-9-13,拼多多,拼多多,体验装单盒方巧,88,117.56
2026-9-13,拼多多,拼多多,小方白卡皮巴拉脱脂纯牛奶（200mL*24）,108,2576.85
2026-9-13,拼多多,拼多多,钻石装极致有机纯牛奶（200ml*10）,18,367.94
2026-9-13,天猫,猫旗,250ml方巧(1*24),18,577.13
2026-9-13,天猫,猫旗,250ml三元纯牛奶节庆礼盒-2026中秋（1*18）,2,0
2026-9-13,天猫,猫旗,250ml舒释奶（全脂)(1*12),4,79.55
2026-9-13,天猫,猫旗,250S极致娟姗纯牛奶250mL*12,32,697.54
2026-9-13,天猫,猫旗,250S极致有机纯牛奶250mL*12,1,24.13
2026-9-13,天猫,猫旗,北京纯全脂拆单盒,60,110.99
2026-9-13,天猫,猫旗,常温版极致三代全脂纯牛奶,10,217.04
2026-9-13,天猫,猫旗,极小智有机A2纯牛奶200mL*10,4,73.93
2026-9-13,天猫,猫旗,极致 3.8g 有机全脂梦幻盖（250ml*12）,2,0
2026-9-13,天猫,猫旗,极致 3.8gA2β-酪蛋白全脂梦幻盖（250ml*12）,4,0
2026-9-13,天猫,猫旗,极致高品质全脂纯牛奶（250ml*16）,36,975.99
2026-9-13,天猫,猫旗,极致三代低脂纯牛奶（250ml*12）,9,195.68
2026-9-13,天猫,猫旗,极致A2精巧装200ml*10,22,343.17
2026-9-13,天猫,猫旗,简卡原味钻酸奶200g*10,7,154.03
2026-9-13,天猫,猫旗,梦幻盖极致有机纯牛奶（250ml*12）,20,530.82
2026-9-13,天猫,猫旗,梦幻盖极致A2纯牛奶250ml*12,2,63.26
2026-9-13,天猫,猫旗,三元3.3g方白纯牛奶（250mL*24）,369,11339.41
2026-9-13,天猫,猫旗,三元3.3g方白脱脂无菌砖(250ml*24),52,1420.41
2026-9-13,天猫,猫旗,三元3.3g全脂纯牛奶无菌砖（200ml*24）卡皮巴拉,6,171.8
2026-9-13,天猫,猫旗,三元北京纯牛奶全脂（250mL*10）,14,258.97
2026-9-13,天猫,猫旗,三元纯牛奶足球礼盒（250ml*12）,3,63.63
2026-9-13,天猫,猫旗,体验装 极全单盒,6,10.17
2026-9-13,天猫,猫旗,体验装 极致娟姗拆单盒,60,108.99
2026-9-13,天猫,猫旗,体验装 极致A2精巧单盒,42,110.7
2026-9-13,天猫,猫旗,体验装 有机单盒,48,96.5
2026-9-13,天猫,猫旗,体验装单盒方巧,102,136.27
2026-9-13,天猫,猫旗,体验装单盒特品,84,102.07
2026-9-13,天猫,猫旗,小方白卡皮巴拉脱脂纯牛奶（200mL*24）,11,262.46
2026-9-13,小程序及其他,小程序及其他,250ml方巧(1*24),66,2116.13
2026-9-13,小程序及其他,小程序及其他,250ml三元纯牛奶节庆礼盒-2026中秋（1*18）,40,0
2026-9-13,小程序及其他,小程序及其他,250ml舒释奶（全脂)(1*12),11,218.78
2026-9-13,小程序及其他,小程序及其他,250S极致有机纯牛奶250mL*12,33,796.15
2026-9-13,小程序及其他,小程序及其他,常温版极致三代全脂纯牛奶,81,1758.02
2026-9-13,小程序及其他,小程序及其他,极小智有机A2纯牛奶200mL*10,12,221.78
2026-9-13,小程序及其他,小程序及其他,极致高品质全脂纯牛奶（250ml*16）,4,108.44
2026-9-13,小程序及其他,小程序及其他,极致三代低脂纯牛奶（250ml*12）,120,2609.1
2026-9-13,小程序及其他,小程序及其他,极致A2精巧装200ml*10,279,4352.04
2026-9-13,小程序及其他,小程序及其他,简卡原味钻酸奶200g*10,31,682.11
2026-9-13,小程序及其他,小程序及其他,梦幻盖极致有机纯牛奶（250ml*12）,8,212.33
2026-9-13,小程序及其他,小程序及其他,梦幻盖极致A2纯牛奶250ml*12,50,1581.46
2026-9-13,小程序及其他,小程序及其他,三元3.3g方白纯牛奶（250mL*24）,225,6914.27
2026-9-13,小程序及其他,小程序及其他,三元3.3g方白脱脂无菌砖(250ml*24),13,355.1
2026-9-13,小程序及其他,小程序及其他,三元3.3g全脂纯牛奶无菌砖（200ml*24）卡皮巴拉,20,572.68
2026-9-13,小程序及其他,小程序及其他,三元北京纯牛奶全脂（250mL*10）,2,37
2026-9-13,小程序及其他,小程序及其他,小方白卡皮巴拉脱脂纯牛奶（200mL*24）,14,334.04
2026-9-13,小程序及其他,小程序及其他,钻石装极致有机纯牛奶（200ml*10）,32,654.12
2026-9-13,新零售,新零售,250S极致娟姗纯牛奶250mL*12,1,21.8
2026-9-13,新零售,新零售,极小智有机A2纯牛奶200mL*10,3,55.44
2026-9-13,新零售,新零售,极致高品质全脂纯牛奶（250ml*16）,4,108.44
2026-9-13,新零售,新零售,极致三代低脂纯牛奶（250ml*12）,3,65.23
2026-9-13,新零售,新零售,梦幻盖极致有机纯牛奶（250ml*12）,2,53.08
2026-9-13,新零售,新零售,三元3.2g小方枕全脂利乐枕-电商(227ml*16),4000,81176
2026-9-13,新零售,新零售,三元3.3g方白纯牛奶（250mL*24）,20,614.6
2026-9-13,新零售,新零售,三元3.3g方白脱脂无菌砖(250ml*24),7,191.21
2026-9-14,抖音,抖音,250ml方巧(1*24),138,4424.63
2026-9-14,抖音,抖音,250ml三元纯牛奶节庆礼盒-2026中秋（1*18）,226,0
2026-9-14,抖音,抖音,250ml舒释奶（全脂)(1*12),1,19.89
2026-9-14,抖音,抖音,250S极致娟姗纯牛奶250mL*12,396,8632.05
2026-9-14,抖音,抖音,北京纯全脂拆单盒,492,910.09
2026-9-14,抖音,抖音,常温版极致三代全脂纯牛奶,24,520.89
2026-9-14,抖音,抖音,极小智有机A2纯牛奶200mL*10,3,55.44
2026-9-14,抖音,抖音,极致 3.8g 有机全脂梦幻盖（250ml*12）,17,0
2026-9-14,抖音,抖音,极致高品质全脂纯牛奶（250ml*16）,499,13528.29
2026-9-14,抖音,抖音,极致三代低脂纯牛奶（250ml*12）,26,565.3
2026-9-14,抖音,抖音,极致A2精巧装200ml*10,254,3962.07
2026-9-14,抖音,抖音,简卡原味钻酸奶200g*10,14,308.05
2026-9-14,抖音,抖音,梦幻盖极致有机纯牛奶（250ml*12）,15,398.11
2026-9-14,抖音,抖音,三元3.3g方白纯牛奶（250mL*24）,954,29316.52
2026-9-14,抖音,抖音,三元3.3g方白脱脂无菌砖(250ml*24),44,1201.89
2026-9-14,抖音,抖音,三元3.3g全脂纯牛奶无菌砖（200ml*24）卡皮巴拉,18,515.41
2026-9-14,抖音,抖音,三元纯牛奶足球礼盒（250ml*12）,210,4454.1
2026-9-14,抖音,抖音,听装三元畅倍益益生菌奶粉700g*6,140,0
2026-9-14,抖音,抖音,小方白卡皮巴拉脱脂纯牛奶（200mL*24）,10,238.6
2026-9-14,京东,京东自营,三元3.2g小方枕全脂利乐枕-电商(227ml*16),2500,50735
2026-9-14,京东,京东自营,三元3.3g方白纯牛奶（250mL*24）日常版,690,0
2026-9-14,京东,京东POP,250ml方巧(1*24),15,480.94
2026-9-14,京东,京东POP,250ml舒释奶（全脂)(1*12),37,735.88
2026-9-14,京东,京东POP,250S极致娟姗纯牛奶250mL*12,6,130.79
2026-9-14,京东,京东POP,250S极致有机纯牛奶250mL*12,4,96.5
2026-9-14,京东,京东POP,极小智有机A2纯牛奶200mL*10,16,295.7
2026-9-14,京东,京东POP,极致高品质全脂纯牛奶（250ml*16）,1299,35216.93
2026-9-14,京东,京东POP,极致三代低脂纯牛奶（250ml*12）,5,108.71
2026-9-14,京东,京东POP,极致A2精巧装200ml*10,193,3010.55
2026-9-14,京东,京东POP,梦幻盖极致有机纯牛奶（250ml*12）,1,26.54
2026-9-14,京东,京东POP,梦幻盖极致A2纯牛奶250ml*12,8,253.03
2026-9-14,京东,京东POP,三元 芭缔欧冰岛式酸奶巴沙杀菌200g*24盒/箱,1,0
2026-9-14,京东,京东POP,三元3.3g方白纯牛奶（250mL*24）,64,1966.73
2026-9-14,京东,京东POP,三元3.3g方白脱脂无菌砖(250ml*24),12,327.79
2026-9-14,京东,京东POP,三元3.3g全脂纯牛奶无菌砖（200ml*24）卡皮巴拉,26,744.48
2026-9-14,京东,京东POP,钻石装极致有机纯牛奶（200ml*10）,174,3556.79
2026-9-14,拼多多,拼多多,250ml方巧(1*24),87,2789.44
2026-9-14,拼多多,拼多多,250ml三元纯牛奶节庆礼盒-2026中秋（1*18）,3,0
2026-9-14,拼多多,拼多多,250ml舒释奶（全脂)(1*12),30,596.66
2026-9-14,拼多多,拼多多,250S极致娟姗纯牛奶250mL*12,3,65.39
2026-9-14,拼多多,拼多多,常温版极致三代全脂纯牛奶,2,43.41
2026-9-14,拼多多,拼多多,极小智有机A2纯牛奶200mL*10,7,129.37
2026-9-14,拼多多,拼多多,极致高品质全脂纯牛奶（250ml*16）,73,1979.09
2026-9-14,拼多多,拼多多,极致三代低脂纯牛奶（250ml*12）,1,21.74
2026-9-14,拼多多,拼多多,极致A2精巧装200ml*10,6,93.59
2026-9-14,拼多多,拼多多,梦幻盖极致有机纯牛奶（250ml*12）,9,238.87
2026-9-14,拼多多,拼多多,三元3.3g方白纯牛奶（250mL*24）,3198,98274.86
2026-9-14,拼多多,拼多多,三元3.3g方白脱脂无菌砖(250ml*24),796,21743.22
2026-9-14,拼多多,拼多多,三元3.3g全脂纯牛奶无菌砖（200ml*24）卡皮巴拉,4,114.54
2026-9-14,拼多多,拼多多,体验装单盒方巧,64,85.5
2026-9-14,拼多多,拼多多,小方白卡皮巴拉脱脂纯牛奶（200mL*24）,85,2028.07
2026-9-14,拼多多,拼多多,钻石装极致有机纯牛奶（200ml*10）,15,306.62
2026-9-14,天猫,猫旗,250ml方巧(1*24),17,545.06
2026-9-14,天猫,猫旗,250ml三元纯牛奶节庆礼盒-2026中秋（1*18）,2,0
2026-9-14,天猫,猫旗,250ml舒释奶（全脂)(1*12),16,318.22
2026-9-14,天猫,猫旗,250S极致娟姗纯牛奶250mL*12,16,348.77
2026-9-14,天猫,猫旗,250S极致有机纯牛奶250mL*12,2,48.25
2026-9-14,天猫,猫旗,北京纯全脂拆单盒,24,44.39
2026-9-14,天猫,猫旗,常温版极致三代全脂纯牛奶,5,108.52
2026-9-14,天猫,猫旗,极小智有机A2纯牛奶200mL*10,13,240.26
2026-9-14,天猫,猫旗,极致高品质全脂纯牛奶（250ml*16）,33,894.66
2026-9-14,天猫,猫旗,极致三代低脂纯牛奶（250ml*12）,12,260.91
2026-9-14,天猫,猫旗,极致A2精巧装200ml*10,15,233.98
2026-9-14,天猫,猫旗,简卡原味钻酸奶200g*10,6,132.02
2026-9-14,天猫,猫旗,梦幻盖极致有机纯牛奶（250ml*12）,16,424.65
2026-9-14,天猫,猫旗,三元3.3g方白纯牛奶（250mL*24）,544,16717.17
2026-9-14,天猫,猫旗,三元3.3g方白脱脂无菌砖(250ml*24),70,1912.09
2026-9-14,天猫,猫旗,三元3.3g全脂纯牛奶无菌砖（200ml*24）卡皮巴拉,17,486.77
2026-9-14,天猫,猫旗,三元北京纯牛奶全脂（250mL*10）,3,55.49
2026-9-14,天猫,猫旗,三元纯牛奶足球礼盒（250ml*12）,2,42.42
2026-9-14,天猫,猫旗,体验装 极致娟姗拆单盒,42,76.29
2026-9-14,天猫,猫旗,体验装 极致A2精巧单盒,29,76.44
2026-9-14,天猫,猫旗,体验装 特品脱脂拆单盒,12,11.93
2026-9-14,天猫,猫旗,体验装 有机单盒,48,96.5
2026-9-14,天猫,猫旗,体验装单盒方巧,72,96.19
2026-9-14,天猫,猫旗,体验装单盒特品,144,174.98
2026-9-14,天猫,猫旗,小方白卡皮巴拉脱脂纯牛奶（200mL*24）,13,310.18
2026-9-14,天猫,猫旗,钻石装极致有机纯牛奶（200ml*10）,4,81.77
2026-9-14,小程序及其他,小程序及其他,250ml方巧(1*24),95,3045.94
2026-9-14,小程序及其他,小程序及其他,250ml三元纯牛奶节庆礼盒-2026中秋（1*18）,63,0
2026-9-14,小程序及其他,小程序及其他,250ml舒释奶（全脂)(1*12),6,119.33
2026-9-14,小程序及其他,小程序及其他,250S极致娟姗纯牛奶250mL*12,6,130.79
2026-9-14,小程序及其他,小程序及其他,250S极致有机纯牛奶250mL*12,16,386.01
2026-9-14,小程序及其他,小程序及其他,常温版极致三代全脂纯牛奶,93,2018.46
2026-9-14,小程序及其他,小程序及其他,极小智有机A2纯牛奶200mL*10,5,92.41
2026-9-14,小程序及其他,小程序及其他,极致高品质全脂纯牛奶（250ml*16）,2,54.22
2026-9-14,小程序及其他,小程序及其他,极致三代低脂纯牛奶（250ml*12）,223,4848.58
2026-9-14,小程序及其他,小程序及其他,极致A2精巧装200ml*10,554,8641.68
2026-9-14,小程序及其他,小程序及其他,简卡原味钻酸奶200g*10,35,770.13
2026-9-14,小程序及其他,小程序及其他,梦幻盖极致有机纯牛奶（250ml*12）,23,610.44
2026-9-14,小程序及其他,小程序及其他,梦幻盖极致A2纯牛奶250ml*12,63,1992.64
2026-9-14,小程序及其他,小程序及其他,三元3.3g方白纯牛奶（250mL*24）,219,6729.89
2026-9-14,小程序及其他,小程序及其他,三元3.3g方白脱脂无菌砖(250ml*24),15,409.73
2026-9-14,小程序及其他,小程序及其他,三元3.3g全脂纯牛奶无菌砖（200ml*24）卡皮巴拉,46,1317.15
2026-9-14,小程序及其他,小程序及其他,三元北京纯牛奶全脂（250mL*10）,4,73.99
2026-9-14,小程序及其他,小程序及其他,小方白卡皮巴拉脱脂纯牛奶（200mL*24）,14,334.04
2026-9-14,小程序及其他,小程序及其他,钻石装极致有机纯牛奶（200ml*10）,55,1124.27
2026-9-14,新零售,新零售,250ml三元纯牛奶节庆礼盒-2026中秋（1*18）,1,0
2026-9-14,新零售,新零售,250S极致娟姗纯牛奶250mL*12,3,65.39
2026-9-14,新零售,新零售,极致高品质全脂纯牛奶（250ml*16）,8,216.89
2026-9-14,新零售,新零售,极致三代低脂纯牛奶（250ml*12）,4,86.97
2026-9-14,新零售,新零售,极致三代全脂无菌砖（250ml*12）,412,0
2026-9-14,新零售,新零售,三元3.3g方白纯牛奶（250mL*24）,13,399.49
2026-9-14,新零售,新零售,三元3.3g方白脱脂无菌砖(250ml*24),8,218.52
2026-9-15,抖音,抖音,250ml方巧(1*24),191,6123.94
2026-9-15,抖音,抖音,250ml三元纯牛奶节庆礼盒-2026中秋（1*18）,264,0
2026-9-15,抖音,抖音,250S极致娟姗纯牛奶250mL*12,468,10201.51
2026-9-15,抖音,抖音,北京纯全脂拆单盒,1566,2896.76
2026-9-15,抖音,抖音,常温版极致三代全脂纯牛奶,6,130.22
2026-9-15,抖音,抖音,极小智有机A2纯牛奶200mL*10,1,18.48
2026-9-15,抖音,抖音,极致 3.8g 有机全脂梦幻盖（250ml*12）,20,0
2026-9-15,抖音,抖音,极致高品质全脂纯牛奶（250ml*16）,2725,73876.93
2026-9-15,抖音,抖音,极致三代低脂纯牛奶（250ml*12）,12,260.91
2026-9-15,抖音,抖音,极致A2精巧装200ml*10,196,3057.35
2026-9-15,抖音,抖音,简卡原味钻酸奶200g*10,7,154.03
2026-9-15,抖音,抖音,梦幻盖极致有机纯牛奶（250ml*12）,4,106.16
2026-9-15,抖音,抖音,三元3.3g方白纯牛奶（250mL*24）,945,29039.94
2026-9-15,抖音,抖音,三元3.3g方白脱脂无菌砖(250ml*24),47,1283.83
2026-9-15,抖音,抖音,三元3.3g全脂纯牛奶无菌砖（200ml*24）卡皮巴拉,10,286.34
2026-9-15,抖音,抖音,三元北京纯牛奶全脂（250mL*10）,2,37
2026-9-15,抖音,抖音,三元纯牛奶足球礼盒（250ml*12）,50,1060.5
2026-9-15,抖音,抖音,体验装 极致娟姗拆单盒,40,72.66
2026-9-15,抖音,抖音,听装三元畅倍益益生菌奶粉700g*6,800,0
2026-9-15,抖音,抖音,小方白卡皮巴拉脱脂纯牛奶（200mL*24）,6,143.16
2026-9-15,抖音,抖音,钻石装极致有机纯牛奶（200ml*10）,10,204.41
2026-9-15,京东,京东POP,250ml方巧(1*24),24,769.5
2026-9-15,京东,京东POP,250ml舒释奶（全脂)(1*12),30,596.66
2026-9-15,京东,京东POP,250S极致娟姗纯牛奶250mL*12,10,217.98
2026-9-15,京东,京东POP,250S极致有机纯牛奶250mL*12,5,120.63
2026-9-15,京东,京东POP,常温版极致三代全脂纯牛奶,6,130.22
2026-9-15,京东,京东POP,极小智有机A2纯牛奶200mL*10,29,535.96
2026-9-15,京东,京东POP,极致高品质全脂纯牛奶（250ml*16）,795,21553.09
2026-9-15,京东,京东POP,极致三代低脂纯牛奶（250ml*12）,6,130.45
2026-9-15,京东,京东POP,极致A2精巧装200ml*10,265,4133.66
2026-9-15,京东,京东POP,简卡原味钻酸奶200g*10,1,22
2026-9-15,京东,京东POP,梦幻盖极致有机纯牛奶（250ml*12）,12,318.49
2026-9-15,京东,京东POP,梦幻盖极致A2纯牛奶250ml*12,6,189.78
2026-9-15,京东,京东POP,三元 芭缔欧冰岛式酸奶巴沙杀菌200g*24盒/箱,9,0
2026-9-15,京东,京东POP,三元3.3g方白纯牛奶（250mL*24）,86,2642.79
2026-9-15,京东,京东POP,三元3.3g方白脱脂无菌砖(250ml*24),35,956.05
2026-9-15,京东,京东POP,三元3.3g全脂纯牛奶无菌砖（200ml*24）卡皮巴拉,54,1546.23
2026-9-15,京东,京东POP,体验装单盒方巧,4,5.34
2026-9-15,京东,京东POP,钻石装极致有机纯牛奶（200ml*10）,215,4394.88
2026-9-15,拼多多,拼多多,250ml方巧(1*24),131,4200.19
2026-9-15,拼多多,拼多多,250ml舒释奶（全脂)(1*12),34,676.22
2026-9-15,拼多多,拼多多,250S极致娟姗纯牛奶250mL*12,3,65.39
2026-9-15,拼多多,拼多多,极小智有机A2纯牛奶200mL*10,8,147.85
2026-9-15,拼多多,拼多多,极致高品质全脂纯牛奶（250ml*16）,62,1680.87
2026-9-15,拼多多,拼多多,极致三代低脂纯牛奶（250ml*12）,2,43.49
2026-9-15,拼多多,拼多多,简卡原味钻酸奶200g*10,1,22
2026-9-15,拼多多,拼多多,梦幻盖极致有机纯牛奶（250ml*12）,9,238.87
2026-9-15,拼多多,拼多多,三元3.3g方白纯牛奶（250mL*24）,2948,90592.33
2026-9-15,拼多多,拼多多,三元3.3g方白脱脂无菌砖(250ml*24),481,13138.8
2026-9-15,拼多多,拼多多,三元3.3g全脂纯牛奶无菌砖（200ml*24）卡皮巴拉,4,114.54
2026-9-15,拼多多,拼多多,三元纯牛奶足球礼盒（250ml*12）,3,63.63
2026-9-15,拼多多,拼多多,体验装单盒方巧,112,149.63
2026-9-15,拼多多,拼多多,小方白卡皮巴拉脱脂纯牛奶（200mL*24）,66,1574.74
2026-9-15,拼多多,拼多多,钻石装极致有机纯牛奶（200ml*10）,42,858.53
2026-9-15,天猫,猫超,冰岛式酸奶（200g*24）,100,4483.66
2026-9-15,天猫,猫超,极致娟姗全脂苗条砖(250ml*12),68,0
2026-9-15,天猫,猫超,极致三代低脂无菌砖(250ml*12),4,0
2026-9-15,天猫,猫超,三元简卡全脂砖石包(200g*10),12,0
2026-9-15,天猫,猫超,小方白卡皮巴拉脱脂纯牛奶（200mL*24）,76,1813.34
2026-9-15,天猫,猫旗,250ml方巧(1*24),18,577.13
2026-9-15,天猫,猫旗,250ml三元纯牛奶节庆礼盒-2026中秋（1*18）,7,0
2026-9-15,天猫,猫旗,250ml舒释奶（全脂)(1*12),10,198.89
2026-9-15,天猫,猫旗,250S极致娟姗纯牛奶250mL*12,29,632.14
2026-9-15,天猫,猫旗,芭芭农场纸箱,8,0
2026-9-15,天猫,猫旗,芭芭农场DM单,8,0
2026-9-15,天猫,猫旗,北京纯全脂拆单盒,6,11.1
2026-9-15,天猫,猫旗,常温版极致三代全脂纯牛奶,9,195.34
2026-9-15,天猫,猫旗,极小智有机A2纯牛奶200mL*10,20,369.63
2026-9-15,天猫,猫旗,极致 3.8gA2β-酪蛋白全脂梦幻盖（250ml*12）,5,0
2026-9-15,天猫,猫旗,极致高品质全脂纯牛奶（250ml*16）,27,731.99
2026-9-15,天猫,猫旗,极致三代低脂纯牛奶（250ml*12）,2,43.49
2026-9-15,天猫,猫旗,极致A2精巧装200ml*10,19,296.38
2026-9-15,天猫,猫旗,简卡原味钻酸奶200g*10,2,44.01
2026-9-15,天猫,猫旗,梦幻盖极致有机纯牛奶（250ml*12）,16,424.65
2026-9-15,天猫,猫旗,梦幻盖极致A2纯牛奶250ml*12,3,94.89
2026-9-15,天猫,猫旗,三元3.3g方白纯牛奶（250mL*24）,359,11032.11
2026-9-15,天猫,猫旗,三元3.3g方白脱脂无菌砖(250ml*24),69,1884.78
2026-9-15,天猫,猫旗,三元3.3g全脂纯牛奶无菌砖（200ml*24）卡皮巴拉,9,257.7
2026-9-15,天猫,猫旗,三元纯牛奶足球礼盒（250ml*12）,4,84.84
2026-9-15,天猫,猫旗,体验装 极全单盒,6,10.17
2026-9-15,天猫,猫旗,体验装 极致娟姗拆单盒,72,130.79
2026-9-15,天猫,猫旗,体验装 极致A2精巧单盒,90,237.22
2026-9-15,天猫,猫旗,体验装 特品脱脂拆单盒,6,5.96
2026-9-15,天猫,猫旗,体验装 有机单盒,42,84.44
2026-9-15,天猫,猫旗,体验装单盒方巧,120,160.31
2026-9-15,天猫,猫旗,体验装单盒特品,96,116.65
2026-9-15,天猫,猫旗,小方白卡皮巴拉脱脂纯牛奶（200mL*24）,10,238.6
2026-9-15,天猫,猫旗,钻石装极致有机纯牛奶（200ml*10）,7,143.09
2026-9-15,小程序及其他,小程序及其他,250ml方巧(1*24),87,2789.44
2026-9-15,小程序及其他,小程序及其他,250ml三元纯牛奶节庆礼盒-2026中秋（1*18）,56,0
2026-9-15,小程序及其他,小程序及其他,250ml舒释奶（全脂)(1*12),14,278.44
2026-9-15,小程序及其他,小程序及其他,250S极致娟姗纯牛奶250mL*12,2,43.6
2026-9-15,小程序及其他,小程序及其他,250S极致有机纯牛奶250mL*12,29,699.65
2026-9-15,小程序及其他,小程序及其他,常温版极致三代全脂纯牛奶,99,2148.69
2026-9-15,小程序及其他,小程序及其他,极小智有机A2纯牛奶200mL*10,4,73.93
2026-9-15,小程序及其他,小程序及其他,极致高品质全脂纯牛奶（250ml*16）,6,162.66
2026-9-15,小程序及其他,小程序及其他,极致三代低脂纯牛奶（250ml*12）,155,3370.09
2026-9-15,小程序及其他,小程序及其他,极致A2精巧装200ml*10,355,5537.54
2026-9-15,小程序及其他,小程序及其他,简卡原味钻酸奶200g*10,52,1144.19
2026-9-15,小程序及其他,小程序及其他,梦幻盖极致有机纯牛奶（250ml*12）,21,557.36
2026-9-15,小程序及其他,小程序及其他,梦幻盖极致A2纯牛奶250ml*12,54,1707.98
2026-9-15,小程序及其他,小程序及其他,三元3.3g方白纯牛奶（250mL*24）,227,6975.73
2026-9-15,小程序及其他,小程序及其他,三元3.3g方白脱脂无菌砖(250ml*24),9,245.84
2026-9-15,小程序及其他,小程序及其他,三元3.3g全脂纯牛奶无菌砖（200ml*24）卡皮巴拉,54,1546.23
2026-9-15,小程序及其他,小程序及其他,三元北京纯牛奶全脂（250mL*10）,2,37
2026-9-15,小程序及其他,小程序及其他,小方白卡皮巴拉脱脂纯牛奶（200mL*24）,24,572.63
2026-9-15,小程序及其他,小程序及其他,钻石装极致有机纯牛奶（200ml*10）,46,940.3
2026-9-15,新零售,新零售,250S极致娟姗纯牛奶250mL*12,3,65.39
2026-9-15,新零售,新零售,极小智有机A2纯牛奶200mL*10,5,92.41
2026-9-15,新零售,新零售,极致高品质全脂纯牛奶（250ml*16）,4,108.44
2026-9-15,新零售,新零售,极致三代低脂纯牛奶（250ml*12）,11,239.17
2026-9-15,新零售,新零售,极致有机全脂苗条砖(200ml*10),1818,0
2026-9-15,新零售,新零售,梦幻盖极致有机纯牛奶（250ml*12）,9,238.87
2026-9-15,新零售,新零售,三元3.3g方白纯牛奶（250mL*24）,22,676.06
2026-9-15,新零售,新零售,三元3.3g方白脱脂无菌砖(250ml*24),11,300.47
2026-9-15,新零售,新零售,三元3.3g全脂纯牛奶无菌砖（200ml*24）卡皮巴拉,266,7616.59
2026-9-15,新零售,新零售,三元巧克力全脂无菌砖（250ml*24）,142,0
2026-9-16,抖音,抖音,250ml方巧(1*24),248,7951.5
2026-9-16,抖音,抖音,250ml三元纯牛奶节庆礼盒-2026中秋（1*18）,311,0
2026-9-16,抖音,抖音,250S极致娟姗纯牛奶250mL*12,317,6910
2026-9-16,抖音,抖音,常温版极致三代全脂纯牛奶,30,651.12
2026-9-16,抖音,抖音,极小智有机A2纯牛奶200mL*10,4,73.93
2026-9-16,抖音,抖音,极致 3.8g 有机全脂梦幻盖（250ml*12）,30,0
2026-9-16,抖音,抖音,极致 3.8gA2β-酪蛋白全脂梦幻盖（250ml*12）,6,0
2026-9-16,抖音,抖音,极致高品质全脂纯牛奶（250ml*16）,2385,64659.26
2026-9-16,抖音,抖音,极致三代低脂纯牛奶（250ml*12）,28,608.79
2026-9-16,抖音,抖音,极致A2精巧装200ml*10,240,3743.69
2026-9-16,抖音,抖音,简卡原味钻酸奶200g*10,9,198.03
2026-9-16,抖音,抖音,梦幻盖极致有机纯牛奶（250ml*12）,7,185.79
2026-9-16,抖音,抖音,三元3.3g方白纯牛奶（250mL*24）,966,29685.28
2026-9-16,抖音,抖音,三元3.3g方白脱脂无菌砖(250ml*24),53,1447.73
2026-9-16,抖音,抖音,三元3.3g全脂纯牛奶无菌砖（200ml*24）卡皮巴拉,16,458.14
2026-9-16,抖音,抖音,三元北京纯牛奶全脂（250mL*10）,6,110.99
2026-9-16,抖音,抖音,三元纯牛奶足球礼盒（250ml*12）,17,360.57
2026-9-16,抖音,抖音,体验装 极致娟姗拆单盒,200,363.3
2026-9-16,抖音,抖音,听装三元畅倍益益生菌奶粉700g*6,734,0
2026-9-16,抖音,抖音,小方白卡皮巴拉脱脂纯牛奶（200mL*24）,6,143.16
2026-9-16,抖音,抖音,钻石装极致有机纯牛奶（200ml*10）,15,306.62
2026-9-16,京东,京东自营,梦幻盖极致娟姗纯牛奶（250ml*10）,3232,86339.97
2026-9-16,京东,京东自营,三元3.2g小方枕全脂利乐枕-电商(227ml*16),4000,81176
2026-9-16,京东,京东自营,三元3.3g方白脱脂无菌砖(250ml*24),236,6446.48
2026-9-16,京东,京东POP,250ml方巧(1*24),13,416.81
2026-9-16,京东,京东POP,250ml三元纯牛奶节庆礼盒-2026中秋（1*18）,3,0
2026-9-16,京东,京东POP,250ml舒释奶（全脂)(1*12),29,576.77
2026-9-16,京东,京东POP,250S极致娟姗纯牛奶250mL*12,21,457.76
2026-9-16,京东,京东POP,250S极致有机纯牛奶250mL*12,4,96.5
2026-9-16,京东,京东POP,常温版极致三代全脂纯牛奶,2,43.41
2026-9-16,京东,京东POP,极小智有机A2纯牛奶200mL*10,29,535.96
2026-9-16,京东,京东POP,极致高品质全脂纯牛奶（250ml*16）,719,19492.67
2026-9-16,京东,京东POP,极致三代低脂纯牛奶（250ml*12）,7,152.2
2026-9-16,京东,京东POP,极致A2精巧装200ml*10,93,1450.68
2026-9-16,京东,京东POP,简卡原味钻酸奶200g*10,3,66.01
2026-9-16,京东,京东POP,梦幻盖极致有机纯牛奶（250ml*12）,10,265.41
2026-9-16,京东,京东POP,梦幻盖极致A2纯牛奶250ml*12,3,94.89
2026-9-16,京东,京东POP,三元 芭缔欧冰岛式酸奶巴沙杀菌200g*24盒/箱,161,0
2026-9-16,京东,京东POP,三元 白盒纯牛奶250ml*12礼盒装,1,0
2026-9-16,京东,京东POP,三元3.3g方白纯牛奶（250mL*24）,90,2765.71
2026-9-16,京东,京东POP,三元3.3g方白脱脂无菌砖(250ml*24),26,710.21
2026-9-16,京东,京东POP,三元3.3g全脂纯牛奶无菌砖（200ml*24）卡皮巴拉,72,2061.63
2026-9-16,京东,京东POP,体验装单盒方巧,4,5.34
2026-9-16,京东,京东POP,钻石装极致有机纯牛奶（200ml*10）,173,3536.34
2026-9-16,拼多多,多多买菜,三元3.3g方白脱脂无菌砖(250ml*24),2000,54631.2
2026-9-16,拼多多,拼多多,250ml方巧(1*24),134,4296.38
2026-9-16,拼多多,拼多多,250ml三元纯牛奶节庆礼盒-2026中秋（1*18）,1,0
2026-9-16,拼多多,拼多多,250ml舒释奶（全脂)(1*12),33,656.33
2026-9-16,拼多多,拼多多,250S极致娟姗纯牛奶250mL*12,4,87.19
2026-9-16,拼多多,拼多多,极小智有机A2纯牛奶200mL*10,9,166.33
2026-9-16,拼多多,拼多多,极致 3.8g 有机全脂梦幻盖（250ml*12）,2,0
2026-9-16,拼多多,拼多多,极致 3.8gA2β-酪蛋白全脂梦幻盖（250ml*12）,1,0
2026-9-16,拼多多,拼多多,极致高品质全脂纯牛奶（250ml*16）,70,1897.76
2026-9-16,拼多多,拼多多,极致A2精巧装200ml*10,2,31.2
2026-9-16,拼多多,拼多多,简卡原味钻酸奶200g*10,5,110.02
2026-9-16,拼多多,拼多多,梦幻盖极致有机纯牛奶（250ml*12）,5,132.7
2026-9-16,拼多多,拼多多,梦幻盖极致A2纯牛奶250ml*12,2,63.26
2026-9-16,拼多多,拼多多,三元3.3g方白纯牛奶（250mL*24）,2752,84569.24
2026-9-16,拼多多,拼多多,三元3.3g方白脱脂无菌砖(250ml*24),1192,32560.2
2026-9-16,拼多多,拼多多,三元3.3g全脂纯牛奶无菌砖（200ml*24）卡皮巴拉,2,57.27
2026-9-16,拼多多,拼多多,体验装单盒方巧,88,117.56
2026-9-16,拼多多,拼多多,小方白卡皮巴拉脱脂纯牛奶（200mL*24）,78,1861.06
2026-9-16,拼多多,拼多多,钻石装极致有机纯牛奶（200ml*10）,9,183.97
2026-9-16,天猫,猫超,冰岛式酸奶（200g*24）,733,32865.23
2026-9-16,天猫,猫超,极致高品质全脂纯牛奶（250ml*16）,16,433.77
2026-9-16,天猫,猫超,极致娟姗全脂苗条砖(250ml*12),91,0
2026-9-16,天猫,猫超,极致三代低脂无菌砖(250ml*12),44,0
2026-9-16,天猫,猫超,三元3.3g方白脱脂无菌砖(250ml*24),4716,128820.37
2026-9-16,天猫,猫超,三元高钙全脂无菌砖(250ml*20),323,0
2026-9-16,天猫,猫超,三元简卡全脂砖石包(200g*10),1,0
2026-9-16,天猫,猫超,三元巧克力全脂无菌砖（250ml*24）,735,0
2026-9-16,天猫,猫超,小方白卡皮巴拉低脂高钙牛奶（200mL*24）,14,368.47
2026-9-16,天猫,猫超,小方白卡皮巴拉脱脂纯牛奶（200mL*24）,193,4604.92
2026-9-16,天猫,猫旗,250ml方巧(1*24),15,480.94
2026-9-16,天猫,猫旗,250ml三元纯牛奶节庆礼盒-2026中秋（1*18）,3,0
2026-9-16,天猫,猫旗,250ml舒释奶（全脂)(1*12),11,218.78
2026-9-16,天猫,猫旗,250S极致娟姗纯牛奶250mL*12,24,523.15
2026-9-16,天猫,猫旗,250S极致有机纯牛奶250mL*12,4,96.5
2026-9-16,天猫,猫旗,芭芭农场纸箱,7,0
2026-9-16,天猫,猫旗,芭芭农场DM单,7,0
2026-9-16,天猫,猫旗,常温版极致三代全脂纯牛奶,7,151.93
2026-9-16,天猫,猫旗,极小智有机A2纯牛奶200mL*10,24,443.55
2026-9-16,天猫,猫旗,极致 3.8g 有机全脂梦幻盖（250ml*12）,3,0
2026-9-16,天猫,猫旗,极致 3.8gA2β-酪蛋白全脂梦幻盖（250ml*12）,5,0
2026-9-16,天猫,猫旗,极致高品质全脂纯牛奶（250ml*16）,23,623.55
2026-9-16,天猫,猫旗,极致三代低脂纯牛奶（250ml*12）,10,217.43
2026-9-16,天猫,猫旗,极致A2精巧装200ml*10,20,311.97
2026-9-16,天猫,猫旗,简卡原味钻酸奶200g*10,10,220.04
2026-9-16,天猫,猫旗,梦幻盖极致有机纯牛奶（250ml*12）,10,265.41
2026-9-16,天猫,猫旗,三元3.3g方白纯牛奶（250mL*24）,500,15365.05
2026-9-16,天猫,猫旗,三元3.3g方白脱脂无菌砖(250ml*24),49,1338.46
2026-9-16,天猫,猫旗,三元3.3g全脂纯牛奶无菌砖（200ml*24）卡皮巴拉,17,486.77
2026-9-16,天猫,猫旗,三元北京纯牛奶全脂（250mL*10）,6,110.99
2026-9-16,天猫,猫旗,三元纯牛奶足球礼盒（250ml*12）,1,21.21
2026-9-16,天猫,猫旗,体验装 极全单盒,12,20.33
2026-9-16,天猫,猫旗,体验装 极致娟姗拆单盒,48,87.19
2026-9-16,天猫,猫旗,体验装 极致A2精巧单盒,84,221.4
2026-9-16,天猫,猫旗,体验装 特品脱脂拆单盒,6,5.96
2026-9-16,天猫,猫旗,体验装 有机单盒,30,60.31
2026-9-16,天猫,猫旗,体验装单盒方巧,60,80.16
2026-9-16,天猫,猫旗,体验装单盒特品,114,138.53
2026-9-16,天猫,猫旗,小方白卡皮巴拉脱脂纯牛奶（200mL*24）,5,119.3
2026-9-16,小程序及其他,小程序及其他,250ml方巧(1*24),69,2212.31
2026-9-16,小程序及其他,小程序及其他,250ml三元纯牛奶节庆礼盒-2026中秋（1*18）,42,0
2026-9-16,小程序及其他,小程序及其他,250ml舒释奶（全脂)(1*12),7,139.22
2026-9-16,小程序及其他,小程序及其他,250S极致有机纯牛奶250mL*12,18,434.26
2026-9-16,小程序及其他,小程序及其他,常温版极致三代全脂纯牛奶,71,1540.98
2026-9-16,小程序及其他,小程序及其他,极小智有机A2纯牛奶200mL*10,8,147.85
2026-9-16,小程序及其他,小程序及其他,极致三代低脂纯牛奶（250ml*12）,103,2239.48
2026-9-16,小程序及其他,小程序及其他,极致A2精巧装200ml*10,355,5537.54
2026-9-16,小程序及其他,小程序及其他,简卡原味钻酸奶200g*10,47,1034.17
2026-9-16,小程序及其他,小程序及其他,梦幻盖极致有机纯牛奶（250ml*12）,9,238.87
2026-9-16,小程序及其他,小程序及其他,梦幻盖极致A2纯牛奶250ml*12,46,1454.94
2026-9-16,小程序及其他,小程序及其他,三元3.3g方白纯牛奶（250mL*24）,211,6484.05
2026-9-16,小程序及其他,小程序及其他,三元3.3g方白脱脂无菌砖(250ml*24),5,136.58
2026-9-16,小程序及其他,小程序及其他,三元3.3g全脂纯牛奶无菌砖（200ml*24）卡皮巴拉,69,1975.73
2026-9-16,小程序及其他,小程序及其他,三元北京纯牛奶全脂（250mL*10）,5,92.49
2026-9-16,小程序及其他,小程序及其他,三元晚安牛奶（250ml*10）,4,103.94
2026-9-16,小程序及其他,小程序及其他,小方白卡皮巴拉脱脂纯牛奶（200mL*24）,23,548.77
2026-9-16,小程序及其他,小程序及其他,钻石装极致有机纯牛奶（200ml*10）,41,838.09
2026-9-16,新零售,新零售,250ml三元纯牛奶节庆礼盒-2026中秋（1*18）,2,0
2026-9-16,新零售,新零售,250S极致娟姗纯牛奶250mL*12,7,152.59
2026-9-16,新零售,新零售,极小智有机A2纯牛奶200mL*10,6,110.89
2026-9-16,新零售,新零售,极致4.0高蛋白纯牛奶250mL*24,283,14734.48
2026-9-16,新零售,新零售,极致高品质全脂纯牛奶（250ml*16）,14,379.55
2026-9-16,新零售,新零售,极致娟姗全脂苗条砖(250ml*12),399,0
2026-9-16,新零售,新零售,极致三代低脂纯牛奶（250ml*12）,16,347.88
2026-9-16,新零售,新零售,极致三代低脂无菌砖(250ml*12),884,0
2026-9-16,新零售,新零售,极致三代全脂无菌砖（250ml*12）,588,0
2026-9-16,新零售,新零售,极致有机全脂苗条砖(200ml*10),1158,0
2026-9-16,新零售,新零售,极致A2精巧装200mL*20,1124,32073.45
2026-9-16,新零售,新零售,梦幻盖极致有机纯牛奶（250ml*12）,3,79.62
2026-9-16,新零售,新零售,三元3.3g方白纯牛奶（250mL*24）,29,891.17
2026-9-16,新零售,新零售,三元3.3g方白全脂无菌砖(200ml*24),4368,0
2026-9-16,新零售,新零售,三元3.3g方白脱脂无菌砖(250ml*24),89,2431.09
2026-9-16,新零售,新零售,三元3.3g全脂纯牛奶无菌砖（200ml*24）卡皮巴拉,6022,172432.74
2026-9-16,新零售,新零售,三元高钙全脂无菌砖(250ml*20),16,0
2026-9-16,新零售,新零售,三元巧克力全脂无菌砖（250ml*24）,3149,0
2026-9-16,新零售,新零售,三元A2β-酪蛋白3.4g苗条砖纯牛奶(200mL*20),1096,0
2026-9-17,抖音,抖音,250ml方巧(1*24),305,9779.06
2026-9-17,抖音,抖音,250ml三元纯牛奶节庆礼盒-2026中秋（1*18）,525,0
2026-9-17,抖音,抖音,250S极致娟姗纯牛奶250mL*12,353,7694.73
2026-9-17,抖音,抖音,北京纯全脂拆单盒,594,1098.77
2026-9-17,抖音,抖音,常温版极致三代全脂纯牛奶,13,282.15
2026-9-17,抖音,抖音,极小智有机A2纯牛奶200mL*10,17,314.18
2026-9-17,抖音,抖音,极致 3.8g 有机全脂梦幻盖（250ml*12）,40,0
2026-9-17,抖音,抖音,极致 3.8gA2β-酪蛋白全脂梦幻盖（250ml*12）,8,0
2026-9-17,抖音,抖音,极致高品质全脂纯牛奶（250ml*16）,2279,61785.51
2026-9-17,抖音,抖音,极致三代低脂纯牛奶（250ml*12）,23,500.08
2026-9-17,抖音,抖音,极致A2精巧装200ml*10,377,5880.71
2026-9-17,抖音,抖音,简卡原味钻酸奶200g*10,15,330.06
2026-9-17,抖音,抖音,三元3.3g方白纯牛奶（250mL*24）,991,30453.53
2026-9-17,抖音,抖音,三元3.3g方白脱脂无菌砖(250ml*24),42,1147.26
2026-9-17,抖音,抖音,三元3.3g全脂纯牛奶无菌砖（200ml*24）卡皮巴拉,22,629.94
2026-9-17,抖音,抖音,三元北京纯牛奶全脂（250mL*10）,12,221.97
2026-9-17,抖音,抖音,三元纯牛奶足球礼盒（250ml*12）,148,3139.08
2026-9-17,抖音,抖音,体验装 极致娟姗拆单盒,202,366.93
2026-9-17,抖音,抖音,听装三元畅倍益益生菌奶粉700g*6,329,0
2026-9-17,抖音,抖音,小方白卡皮巴拉脱脂纯牛奶（200mL*24）,16,381.76
2026-9-17,抖音,抖音,钻石装极致有机纯牛奶（200ml*10）,24,490.59
2026-9-17,京东,京东POP,250ml方巧(1*24),30,961.88
2026-9-17,京东,京东POP,250ml舒释奶（全脂)(1*12),14,278.44
2026-9-17,京东,京东POP,250S极致娟姗纯牛奶250mL*12,6,130.79
2026-9-17,京东,京东POP,250S极致有机纯牛奶250mL*12,2,48.25
2026-9-17,京东,京东POP,常温版极致三代全脂纯牛奶,3,65.11
2026-9-17,京东,京东POP,极小智有机A2纯牛奶200mL*10,22,406.59
2026-9-17,京东,京东POP,极致 3.8g 有机全脂梦幻盖（250ml*12）,3,0
2026-9-17,京东,京东POP,极致高品质全脂纯牛奶（250ml*16）,352,9543
2026-9-17,京东,京东POP,极致三代低脂纯牛奶（250ml*12）,14,304.4
2026-9-17,京东,京东POP,极致A2精巧装200ml*10,95,1481.88
2026-9-17,京东,京东POP,简卡原味钻酸奶200g*10,3,66.01
2026-9-17,京东,京东POP,梦幻盖极致有机纯牛奶（250ml*12）,300,7962.27
2026-9-17,京东,京东POP,梦幻盖极致A2纯牛奶250ml*12,13,411.18
2026-9-17,京东,京东POP,三元 芭缔欧冰岛式酸奶巴沙杀菌200g*24盒/箱,204,0
2026-9-17,京东,京东POP,三元3.3g方白纯牛奶（250mL*24）,101,3103.74
2026-9-17,京东,京东POP,三元3.3g方白脱脂无菌砖(250ml*24),12,327.79
2026-9-17,京东,京东POP,三元3.3g全脂纯牛奶无菌砖（200ml*24）卡皮巴拉,86,2462.51
2026-9-17,京东,京东POP,三元纯牛奶足球礼盒（250ml*12）,2,42.42
2026-9-17,京东,京东POP,钻石装极致有机纯牛奶（200ml*10）,192,3924.73
2026-9-17,拼多多,多多买菜,三元3.2g小方枕全脂利乐枕-电商(227ml*16),1000,20294
2026-9-17,拼多多,多多买菜,三元高钙全脂无菌砖(250ml*20),2000,0
2026-9-17,拼多多,拼多多,250ml方巧(1*24),153,4905.56
2026-9-17,拼多多,拼多多,250ml三元纯牛奶节庆礼盒-2026中秋（1*18）,1,0
2026-9-17,拼多多,拼多多,250ml舒释奶（全脂)(1*12),23,457.44
2026-9-17,拼多多,拼多多,极小智有机A2纯牛奶200mL*10,6,110.89
2026-9-17,拼多多,拼多多,极致 3.8g 有机全脂梦幻盖（250ml*12）,4,0
2026-9-17,拼多多,拼多多,极致高品质全脂纯牛奶（250ml*16）,71,1924.87
2026-9-17,拼多多,拼多多,极致三代低脂纯牛奶（250ml*12）,2,43.49
2026-9-17,拼多多,拼多多,极致A2精巧装200ml*10,1,15.6
2026-9-17,拼多多,拼多多,三元3.3g方白纯牛奶（250mL*24）,3683,113178.96
2026-9-17,拼多多,拼多多,三元3.3g方白脱脂无菌砖(250ml*24),976,26660.03
2026-9-17,拼多多,拼多多,三元3.3g全脂纯牛奶无菌砖（200ml*24）卡皮巴拉,2,57.27
2026-9-17,拼多多,拼多多,三元北京纯牛奶全脂（250mL*10）,12,221.97
2026-9-17,拼多多,拼多多,三元晚安牛奶（250ml*10）,2,51.97
2026-9-17,拼多多,拼多多,体验装单盒方巧,104,138.94
2026-9-17,拼多多,拼多多,小方白卡皮巴拉脱脂纯牛奶（200mL*24）,17,405.61
2026-9-17,拼多多,拼多多,钻石装极致有机纯牛奶（200ml*10）,12,245.3
2026-9-17,天猫,猫超,极致极小智有机A2全脂苗条砖(200ml*10),269,0
2026-9-17,天猫,猫超,三元3.4g方白纯牛奶（250ml*16）,2948,0
2026-9-17,天猫,猫超,三元简卡全脂砖石包(200g*10),28,0
2026-9-17,天猫,猫旗,250ml方巧(1*24),16,513
2026-9-17,天猫,猫旗,250ml三元纯牛奶节庆礼盒-2026中秋（1*18）,38,0
2026-9-17,天猫,猫旗,250ml舒释奶（全脂)(1*12),2,39.78
2026-9-17,天猫,猫旗,250S极致娟姗纯牛奶250mL*12,18,392.37
2026-9-17,天猫,猫旗,250S极致有机纯牛奶250mL*12,11,265.38
2026-9-17,天猫,猫旗,芭芭农场纸箱,14,0
2026-9-17,天猫,猫旗,芭芭农场DM单,14,0
2026-9-17,天猫,猫旗,北京纯全脂拆单盒,42,77.69
2026-9-17,天猫,猫旗,常温版极致三代全脂纯牛奶,4,86.82
2026-9-17,天猫,猫旗,极小智有机A2纯牛奶200mL*10,31,572.92
2026-9-17,天猫,猫旗,极致 3.8gA2β-酪蛋白全脂梦幻盖（250ml*12）,6,0
2026-9-17,天猫,猫旗,极致高品质全脂纯牛奶（250ml*16）,21,569.33
2026-9-17,天猫,猫旗,极致三代低脂纯牛奶（250ml*12）,11,239.17
2026-9-17,天猫,猫旗,极致A2精巧装200ml*10,20,311.97
2026-9-17,天猫,猫旗,简卡原味钻酸奶200g*10,3,66.01
2026-9-17,天猫,猫旗,梦幻盖极致A2纯牛奶250ml*12,2,63.26
2026-9-17,天猫,猫旗,三元3.3g方白纯牛奶（250mL*24）,595,18284.41
2026-9-17,天猫,猫旗,三元3.3g方白脱脂无菌砖(250ml*24),68,1857.46
2026-9-17,天猫,猫旗,三元3.3g全脂纯牛奶无菌砖（200ml*24）卡皮巴拉,13,372.24
2026-9-17,天猫,猫旗,三元北京纯牛奶全脂（250mL*10）,18,332.96
2026-9-17,天猫,猫旗,三元纯牛奶足球礼盒（250ml*12）,3,63.63
2026-9-17,天猫,猫旗,三元晚安牛奶（250ml*10）,7,181.89
2026-9-17,天猫,猫旗,体验装 极致娟姗拆单盒,102,185.28
2026-9-17,天猫,猫旗,体验装 极致A2精巧单盒,156,411.18
2026-9-17,天猫,猫旗,体验装单盒方巧,72,96.19
2026-9-17,天猫,猫旗,体验装单盒特品,102,123.95
2026-9-17,天猫,猫旗,小方白卡皮巴拉脱脂纯牛奶（200mL*24）,14,334.04
2026-9-17,天猫,猫旗,钻石装极致有机纯牛奶（200ml*10）,10,204.41
2026-9-17,小程序及其他,小程序及其他,250ml方巧(1*24),172,5514.75
2026-9-17,小程序及其他,小程序及其他,250ml三元纯牛奶节庆礼盒-2026中秋（1*18）,32,0
2026-9-17,小程序及其他,小程序及其他,250ml舒释奶（全脂)(1*12),14,278.44
2026-9-17,小程序及其他,小程序及其他,250S极致娟姗纯牛奶250mL*12,3,65.39
2026-9-17,小程序及其他,小程序及其他,250S极致有机纯牛奶250mL*12,28,675.52
2026-9-17,小程序及其他,小程序及其他,芭芭农场纸箱,2,0
2026-9-17,小程序及其他,小程序及其他,芭芭农场DM单,2,0
2026-9-17,小程序及其他,小程序及其他,常温版极致三代全脂纯牛奶,247,5360.86
2026-9-17,小程序及其他,小程序及其他,极小智有机A2纯牛奶200mL*10,8,147.85
2026-9-17,小程序及其他,小程序及其他,极致 3.8g 有机全脂梦幻盖（250ml*12）,3,0
2026-9-17,小程序及其他,小程序及其他,极致 3.8gA2β-酪蛋白全脂梦幻盖（250ml*12）,9,0
2026-9-17,小程序及其他,小程序及其他,极致高品质全脂纯牛奶（250ml*16）,8,216.89
2026-9-17,小程序及其他,小程序及其他,极致三代低脂纯牛奶（250ml*12）,148,3217.89
2026-9-17,小程序及其他,小程序及其他,极致A2精巧装200ml*10,944,14725.17
2026-9-17,小程序及其他,小程序及其他,简卡原味钻酸奶200g*10,57,1254.21
2026-9-17,小程序及其他,小程序及其他,梦幻盖极致有机纯牛奶（250ml*12）,4,106.16
2026-9-17,小程序及其他,小程序及其他,梦幻盖极致A2纯牛奶250ml*12,34,1075.39
2026-9-17,小程序及其他,小程序及其他,三元3.3g方白纯牛奶（250mL*24）,458,14074.39
2026-9-17,小程序及其他,小程序及其他,三元3.3g方白脱脂无菌砖(250ml*24),82,2239.88
2026-9-17,小程序及其他,小程序及其他,三元3.3g全脂纯牛奶无菌砖（200ml*24）卡皮巴拉,77,2204.8
2026-9-17,小程序及其他,小程序及其他,三元纯牛奶足球礼盒（250ml*12）,4,84.84
2026-9-17,小程序及其他,小程序及其他,三元晚安牛奶（250ml*10）,6,155.91
2026-9-17,小程序及其他,小程序及其他,体验装 极致A2精巧单盒,12,31.63
2026-9-17,小程序及其他,小程序及其他,小方白卡皮巴拉脱脂纯牛奶（200mL*24）,40,954.39
2026-9-17,小程序及其他,小程序及其他,钻石装极致有机纯牛奶（200ml*10）,45,919.86
2026-9-17,新零售,新零售,250S极致娟姗纯牛奶250mL*12,5,108.99
2026-9-17,新零售,新零售,极小智有机A2纯牛奶200mL*10,3,55.44
2026-9-17,新零售,新零售,极致 3.8g 有机全脂梦幻盖（250ml*12）,1,0
2026-9-17,新零售,新零售,极致三代低脂纯牛奶（250ml*12）,4,86.97
2026-9-17,新零售,新零售,极致三代全脂无菌砖（250ml*12）,520,0
2026-9-17,新零售,新零售,极致A2精巧装200mL*20,19,542.17
2026-9-17,新零售,新零售,梦幻盖极致有机纯牛奶（250ml*12）,6,159.25
2026-9-17,新零售,新零售,三元3.2g小方枕全脂利乐枕-电商(227ml*16),2000,40588
2026-9-17,新零售,新零售,三元3.3g方白纯牛奶（250mL*24）,24,737.52
2026-9-17,新零售,新零售,三元3.3g方白脱脂无菌砖(250ml*24),11,300.47
2026-9-17,新零售,新零售,三元有机3.4g全脂苗条砖纯牛奶（200mL*10）,4374,0
2026-9-18,抖音,抖音,250ml方巧(1*24),189,6059.81
2026-9-18,抖音,抖音,250ml三元纯牛奶节庆礼盒-2026中秋（1*18）,186,0
2026-9-18,抖音,抖音,250S极致娟姗纯牛奶250mL*12,300,6539.43
2026-9-18,抖音,抖音,北京纯全脂拆单盒,1198,2216.04
2026-9-18,抖音,抖音,常温版极致三代全脂纯牛奶,13,282.15
2026-9-18,抖音,抖音,极小智有机A2纯牛奶200mL*10,5,92.41
2026-9-18,抖音,抖音,极致 3.8g 有机全脂梦幻盖（250ml*12）,54,0
2026-9-18,抖音,抖音,极致 3.8gA2β-酪蛋白全脂梦幻盖（250ml*12）,2,0
2026-9-18,抖音,抖音,极致高品质全脂纯牛奶（250ml*16）,2009,54465.6
2026-9-18,抖音,抖音,极致三代低脂纯牛奶（250ml*12）,33,717.5
2026-9-18,抖音,抖音,极致A2精巧装200ml*10,152,2371
2026-9-18,抖音,抖音,简卡原味钻酸奶200g*10,4,88.01
2026-9-18,抖音,抖音,三元3.3g方白纯牛奶（250mL*24）,1068,32819.75
2026-9-18,抖音,抖音,三元3.3g方白脱脂无菌砖(250ml*24),43,1174.57
2026-9-18,抖音,抖音,三元3.3g全脂纯牛奶无菌砖（200ml*24）卡皮巴拉,25,715.85
2026-9-18,抖音,抖音,三元北京纯牛奶全脂（250mL*10）,29,536.44
2026-9-18,抖音,抖音,三元纯牛奶足球礼盒（250ml*12）,94,1993.74
2026-9-18,抖音,抖音,体验装 极致娟姗拆单盒,206,374.2
2026-9-18,抖音,抖音,听装三元畅倍益益生菌奶粉700g*6,32,0
2026-9-18,抖音,抖音,小方白卡皮巴拉脱脂纯牛奶（200mL*24）,4,95.44
2026-9-18,抖音,抖音,足球礼盒拆单盒,312,0
2026-9-18,抖音,抖音,钻石装极致有机纯牛奶（200ml*10）,9,183.97
2026-9-18,京东,京东自营,极致3.8g有机全脂纯牛奶梦幻盖（250ml*12）,3580,0
2026-9-18,京东,京东自营,三元3.2g小方枕全脂利乐枕-电商(227ml*16),4000,81176
2026-9-18,京东,京东自营,三元北京纯牛奶全脂（250mL*10）,2000,36995.6
2026-9-18,京东,京东POP,250ml方巧(1*24),19,609.19
2026-9-18,京东,京东POP,250ml三元纯牛奶节庆礼盒-2026中秋（1*18）,2,0
2026-9-18,京东,京东POP,250ml舒释奶（全脂)(1*12),20,397.77
2026-9-18,京东,京东POP,250S极致娟姗纯牛奶250mL*12,6,130.79
2026-9-18,京东,京东POP,极小智有机A2纯牛奶200mL*10,26,480.51
2026-9-18,京东,京东POP,极致 3.8g 有机全脂梦幻盖（250ml*12）,2,0
2026-9-18,京东,京东POP,极致高品质全脂纯牛奶（250ml*16）,157,4256.4
2026-9-18,京东,京东POP,极致三代低脂纯牛奶（250ml*12）,5,108.71
2026-9-18,京东,京东POP,极致A2精巧装200ml*10,69,1076.31
2026-9-18,京东,京东POP,简卡原味钻酸奶200g*10,2,44.01
2026-9-18,京东,京东POP,梦幻盖极致A2纯牛奶250ml*12,5,158.15
2026-9-18,京东,京东POP,三元 芭缔欧冰岛式酸奶巴沙杀菌200g*24盒/箱,94,0
2026-9-18,京东,京东POP,三元3.3g方白纯牛奶（250mL*24）,104,3195.93
2026-9-18,京东,京东POP,三元3.3g方白脱脂无菌砖(250ml*24),13,355.1
2026-9-18,京东,京东POP,三元3.3g全脂纯牛奶无菌砖（200ml*24）卡皮巴拉,80,2290.7
2026-9-18,京东,京东POP,体验装单盒方巧,4,5.34
2026-9-18,京东,京东POP,钻石装极致有机纯牛奶（200ml*10）,181,3699.88
2026-9-18,拼多多,拼多多,250ml方巧(1*24),132,4232.25
2026-9-18,拼多多,拼多多,250ml舒释奶（全脂)(1*12),16,318.22
2026-9-18,拼多多,拼多多,极小智有机A2纯牛奶200mL*10,12,221.78
2026-9-18,拼多多,拼多多,极致 3.8g 有机全脂梦幻盖（250ml*12）,2,0
2026-9-18,拼多多,拼多多,极致高品质全脂纯牛奶（250ml*16）,72,1951.98
2026-9-18,拼多多,拼多多,简卡原味钻酸奶200g*10,6,132.02
2026-9-18,拼多多,拼多多,梦幻盖极致A2纯牛奶250ml*12,2,63.26
2026-9-18,拼多多,拼多多,三元3.3g方白纯牛奶（250mL*24）,2935,90192.84
2026-9-18,拼多多,拼多多,三元3.3g方白脱脂无菌砖(250ml*24),887,24228.94
2026-9-18,拼多多,拼多多,三元3.3g全脂纯牛奶无菌砖（200ml*24）卡皮巴拉,4,114.54
2026-9-18,拼多多,拼多多,三元北京纯牛奶全脂（250mL*10）,11,203.48
2026-9-18,拼多多,拼多多,三元纯牛奶足球礼盒（250ml*12）,4,84.84
2026-9-18,拼多多,拼多多,三元晚安牛奶（250ml*10）,2,51.97
2026-9-18,拼多多,拼多多,体验装单盒方巧,120,160.31
2026-9-18,拼多多,拼多多,小方白卡皮巴拉脱脂纯牛奶（200mL*24）,6,143.16
2026-9-18,拼多多,拼多多,钻石装极致有机纯牛奶（200ml*10）,15,306.62
2026-9-18,天猫,猫超,冰岛式酸奶（200g*24）,196,8787.97
2026-9-18,天猫,猫超,极致娟姗全脂苗条砖(250ml*12),19,0
2026-9-18,天猫,猫超,极致三代低脂无菌砖(250ml*12),3,0
2026-9-18,天猫,猫超,三元3.2g小方枕全脂利乐枕-电商(227ml*16),1450,29426.3
2026-9-18,天猫,猫超,三元3.3g方白纯牛奶（250mL*24）日常版,5303,0
2026-9-18,天猫,猫超,三元3.3g方白脱脂无菌砖(250ml*24),1296,35401.02
2026-9-18,天猫,猫超,三元高钙全脂无菌砖(250ml*20),188,0
2026-9-18,天猫,猫超,三元简卡全脂砖石包(200g*10),5,0
2026-9-18,天猫,猫超,小方白卡皮巴拉脱脂纯牛奶（200mL*24）,200,4771.94
2026-9-18,天猫,猫超,钻石包极致有机纯牛奶（200ml*21）,225,8158.03
2026-9-18,天猫,猫旗,250ml方巧(1*24),17,545.06
2026-9-18,天猫,猫旗,250ml三元纯牛奶节庆礼盒-2026中秋（1*18）,20,0
2026-9-18,天猫,猫旗,250ml舒释奶（全脂)(1*12),13,258.55
2026-9-18,天猫,猫旗,250S极致娟姗纯牛奶250mL*12,40,871.92
2026-9-18,天猫,猫旗,250S极致有机纯牛奶250mL*12,5,120.63
2026-9-18,天猫,猫旗,芭芭农场纸箱,4,0
2026-9-18,天猫,猫旗,芭芭农场DM单,4,0
2026-9-18,天猫,猫旗,北京纯全脂拆单盒,90,166.48
2026-9-18,天猫,猫旗,常温版极致三代全脂纯牛奶,9,195.34
2026-9-18,天猫,猫旗,极小智有机A2纯牛奶200mL*10,33,609.88
2026-9-18,天猫,猫旗,极致 3.8g 有机全脂梦幻盖（250ml*12）,6,0
2026-9-18,天猫,猫旗,极致 3.8gA2β-酪蛋白全脂梦幻盖（250ml*12）,12,0
2026-9-18,天猫,猫旗,极致高品质全脂纯牛奶（250ml*16）,15,406.66
2026-9-18,天猫,猫旗,极致三代低脂纯牛奶（250ml*12）,11,239.17
2026-9-18,天猫,猫旗,极致A2精巧装200ml*10,39,608.35
2026-9-18,天猫,猫旗,简卡原味钻酸奶200g*10,8,176.03
2026-9-18,天猫,猫旗,三元3.3g方白纯牛奶（250mL*24）,442,13582.7
2026-9-18,天猫,猫旗,三元3.3g方白脱脂无菌砖(250ml*24),41,1119.94
2026-9-18,天猫,猫旗,三元3.3g全脂纯牛奶无菌砖（200ml*24）卡皮巴拉,11,314.97
2026-9-18,天猫,猫旗,三元北京纯牛奶全脂（250mL*10）,20,369.96
2026-9-18,天猫,猫旗,三元纯牛奶足球礼盒（250ml*12）,1,21.21
2026-9-18,天猫,猫旗,三元晚安牛奶（250ml*10）,2,51.97
2026-9-18,天猫,猫旗,体验装 极致娟姗拆单盒,102,185.28
2026-9-18,天猫,猫旗,体验装 极致A2精巧单盒,252,664.21
2026-9-18,天猫,猫旗,体验装 特品脱脂拆单盒,12,11.93
2026-9-18,天猫,猫旗,体验装单盒方巧,132,176.34
2026-9-18,天猫,猫旗,体验装单盒特品,138,167.69
2026-9-18,天猫,猫旗,小方白卡皮巴拉脱脂纯牛奶（200mL*24）,8,190.88
2026-9-18,天猫,猫旗,钻石装极致有机纯牛奶（200ml*10）,6,122.65
2026-9-18,小程序及其他,小程序及其他,250ml方巧(1*24),86,2757.38
2026-9-18,小程序及其他,小程序及其他,250ml三元纯牛奶节庆礼盒-2026中秋（1*18）,18,0
2026-9-18,小程序及其他,小程序及其他,250ml舒释奶（全脂)(1*12),4,79.55
2026-9-18,小程序及其他,小程序及其他,250S极致有机纯牛奶250mL*12,20,482.52
2026-9-18,小程序及其他,小程序及其他,常温版极致三代全脂纯牛奶,141,3060.25
2026-9-18,小程序及其他,小程序及其他,极小智有机A2纯牛奶200mL*10,5,92.41
2026-9-18,小程序及其他,小程序及其他,极致 3.8g 有机全脂梦幻盖（250ml*12）,1,0
2026-9-18,小程序及其他,小程序及其他,极致 3.8gA2β-酪蛋白全脂梦幻盖（250ml*12）,16,0
2026-9-18,小程序及其他,小程序及其他,极致高品质全脂纯牛奶（250ml*16）,2,54.22
2026-9-18,小程序及其他,小程序及其他,极致三代低脂纯牛奶（250ml*12）,176,3826.68
2026-9-18,小程序及其他,小程序及其他,极致A2精巧装200ml*10,624,9733.59
2026-9-18,小程序及其他,小程序及其他,简卡原味钻酸奶200g*10,56,1232.21
2026-9-18,小程序及其他,小程序及其他,梦幻盖极致有机纯牛奶（250ml*12）,11,291.95
2026-9-18,小程序及其他,小程序及其他,梦幻盖极致A2纯牛奶250ml*12,35,1107.02
2026-9-18,小程序及其他,小程序及其他,三元3.3g方白纯牛奶（250mL*24）,228,7006.46
2026-9-18,小程序及其他,小程序及其他,三元3.3g方白脱脂无菌砖(250ml*24),13,355.1
2026-9-18,小程序及其他,小程序及其他,三元3.3g全脂纯牛奶无菌砖（200ml*24）卡皮巴拉,49,1403.06
2026-9-18,小程序及其他,小程序及其他,小方白卡皮巴拉脱脂纯牛奶（200mL*24）,7,167.02
2026-9-18,小程序及其他,小程序及其他,钻石装极致有机纯牛奶（200ml*10）,55,1124.27
2026-9-18,新零售,新零售,250S极致娟姗纯牛奶250mL*12,1,21.8
2026-9-18,新零售,新零售,极小智有机A2纯牛奶200mL*10,4,73.93
2026-9-18,新零售,新零售,极致 3.8g 有机全脂梦幻盖（250ml*12）,2,0
2026-9-18,新零售,新零售,极致3.8g有机全脂纯牛奶梦幻盖（250ml*12）,420,0
2026-9-18,新零售,新零售,极致高品质全脂纯牛奶（250ml*16）,2,54.22
2026-9-18,新零售,新零售,极致娟姗全脂苗条砖(250ml*12),1289,0
2026-9-18,新零售,新零售,极致三代低脂纯牛奶（250ml*12）,4,86.97
2026-9-18,新零售,新零售,极致三代低脂无菌砖(250ml*12),600,0
2026-9-18,新零售,新零售,极致三代全脂无菌砖（250ml*12）,480,0
2026-9-18,新零售,新零售,三元3.2g小方枕全脂利乐枕-电商(227ml*16),2550,51749.7
2026-9-18,新零售,新零售,三元3.3g方白纯牛奶（250mL*24）,18,553.14
2026-9-18,新零售,新零售,三元3.3g方白纯牛奶（250mL*24）日常版,12247,0
2026-9-18,新零售,新零售,三元3.3g方白全脂无菌砖(200ml*24),1528,0
2026-9-18,新零售,新零售,三元3.3g方白脱脂无菌砖(250ml*24),5,136.58
2026-9-18,新零售,新零售,三元3.3g全脂纯牛奶无菌砖（200ml*24）卡皮巴拉,240,6872.11
2026-9-18,新零售,新零售,三元北京纯牛奶全脂（250mL*10）,50,924.89
2026-9-18,新零售,新零售,三元有机3.4g全脂苗条砖纯牛奶（200mL*10）,642,0
2026-9-18,新零售,新零售,三元A2β-酪蛋白3.4g苗条砖纯牛奶(200mL*20),1800,0
2026-9-19,抖音,抖音,250ml方巧(1*24),180,5771.25
2026-9-19,抖音,抖音,250ml三元纯牛奶节庆礼盒-2026中秋（1*18）,194,0
2026-9-19,抖音,抖音,250S极致娟姗纯牛奶250mL*12,448,9765.55
2026-9-19,抖音,抖音,北京纯全脂拆单盒,124,229.37
2026-9-19,抖音,抖音,常温版极致三代全脂纯牛奶,24,520.89
2026-9-19,抖音,抖音,极小智有机A2纯牛奶200mL*10,1,18.48
2026-9-19,抖音,抖音,极致 3.8g 有机全脂梦幻盖（250ml*12）,47,0
2026-9-19,抖音,抖音,极致 3.8gA2β-酪蛋白全脂梦幻盖（250ml*12）,14,0
2026-9-19,抖音,抖音,极致高品质全脂纯牛奶（250ml*16）,3288,89140.31
2026-9-19,抖音,抖音,极致三代低脂纯牛奶（250ml*12）,18,391.37
2026-9-19,抖音,抖音,极致A2精巧装200ml*10,190,2963.75
2026-9-19,抖音,抖音,简卡原味钻酸奶200g*10,11,242.04
2026-9-19,抖音,抖音,三元3.3g方白纯牛奶（250mL*24）,1252,38474.09
2026-9-19,抖音,抖音,三元3.3g方白脱脂无菌砖(250ml*24),41,1119.94
2026-9-19,抖音,抖音,三元3.3g全脂纯牛奶无菌砖（200ml*24）卡皮巴拉,16,458.14
2026-9-19,抖音,抖音,三元北京纯牛奶全脂（250mL*10）,31,573.43
2026-9-19,抖音,抖音,三元纯牛奶足球礼盒（250ml*12）,56,1187.76
2026-9-19,抖音,抖音,体验装 极致娟姗拆单盒,834,1514.97
2026-9-19,抖音,抖音,听装三元畅倍益益生菌奶粉700g*6,12,0
2026-9-19,抖音,抖音,小方白卡皮巴拉脱脂纯牛奶（200mL*24）,4,95.44
2026-9-19,抖音,抖音,足球礼盒拆单盒,2326,0
2026-9-19,抖音,抖音,钻石装极致有机纯牛奶（200ml*10）,15,306.62
2026-9-19,京东,京东自营,冰岛式酸奶（200g*24）,6184,277269.53
2026-9-19,京东,京东自营,极致3.8g有机全脂纯牛奶梦幻盖（250ml*12）,6376,0
2026-9-19,京东,京东自营,极致3.8gA2β酪蛋白全脂纯牛奶梦幻盖（250ml*12）,948,0
2026-9-19,京东,京东自营,极致4.0高蛋白纯牛奶250mL*24,4926,256473.67
2026-9-19,京东,京东自营,极致高品质全脂纯牛奶（250ml*16）,13576,368056.22
2026-9-19,京东,京东自营,极致三代低脂无菌砖(250ml*12),1696,0
2026-9-19,京东,京东自营,极致A2精巧装16入,4516,107796.92
2026-9-19,京东,京东自营,梦幻盖极致娟姗纯牛奶（250ml*10）,6132,163810.86
2026-9-19,京东,京东自营,三元3.3g方白纯牛奶（250mL*24）日常版,8919,0
2026-9-19,京东,京东自营,三元3.3g方白脱脂无菌砖(250ml*24),6057,165450.59
2026-9-19,京东,京东自营,三元3.3g全脂纯牛奶无菌砖（200ml*24）卡皮巴拉,23116,661898.92
2026-9-19,京东,京东自营,三元高钙全脂无菌砖(250ml*20),6380,0
2026-9-19,京东,京东自营,三元简卡全脂砖石包(200g*10),1504,0
2026-9-19,京东,京东自营,小方白卡皮巴拉低脂高钙牛奶（200mL*24）,8480,223190.21
2026-9-19,京东,京东自营,小方白卡皮巴拉脱脂纯牛奶（200mL*24）,9444,225331.01
2026-9-19,京东,京东自营,钻石包极致有机纯牛奶（200ml*21）,12384,449017.83
2026-9-19,京东,京东POP,250ml方巧(1*24),19,609.19
2026-9-19,京东,京东POP,250ml三元纯牛奶节庆礼盒-2026中秋（1*18）,4,0
2026-9-19,京东,京东POP,250ml舒释奶（全脂)(1*12),15,298.33
2026-9-19,京东,京东POP,250S极致娟姗纯牛奶250mL*12,3,65.39
2026-9-19,京东,京东POP,250S极致有机纯牛奶250mL*12,3,72.38
2026-9-19,京东,京东POP,极小智有机A2纯牛奶200mL*10,27,499
2026-9-19,京东,京东POP,极致 3.8g 有机全脂梦幻盖（250ml*12）,9,0
2026-9-19,京东,京东POP,极致 3.8gA2β-酪蛋白全脂梦幻盖（250ml*12）,2,0
2026-9-19,京东,京东POP,极致高品质全脂纯牛奶（250ml*16）,169,4581.73
2026-9-19,京东,京东POP,极致三代低脂纯牛奶（250ml*12）,3,65.23
2026-9-19,京东,京东POP,极致A2精巧装200ml*10,153,2386.6
2026-9-19,京东,京东POP,简卡原味钻酸奶200g*10,4,88.01
2026-9-19,京东,京东POP,三元 芭缔欧冰岛式酸奶巴沙杀菌200g*24盒/箱,480,0
2026-9-19,京东,京东POP,三元3.3g方白纯牛奶（250mL*24）,118,3626.15
2026-9-19,京东,京东POP,三元3.3g方白脱脂无菌砖(250ml*24),35,956.05
2026-9-19,京东,京东POP,三元3.3g全脂纯牛奶无菌砖（200ml*24）卡皮巴拉,110,3149.72
2026-9-19,京东,京东POP,体验装单盒方巧,8,10.69
2026-9-19,京东,京东POP,钻石装极致有机纯牛奶（200ml*10）,193,3945.17
2026-9-19,拼多多,拼多多,250ml方巧(1*24),104,3334.5
2026-9-19,拼多多,拼多多,250ml舒释奶（全脂)(1*12),33,656.33
2026-9-19,拼多多,拼多多,极小智有机A2纯牛奶200mL*10,7,129.37
2026-9-19,拼多多,拼多多,极致 3.8g 有机全脂梦幻盖（250ml*12）,3,0
2026-9-19,拼多多,拼多多,极致高品质全脂纯牛奶（250ml*16）,78,2114.64
2026-9-19,拼多多,拼多多,极致A2精巧装200ml*10,2,31.2
2026-9-19,拼多多,拼多多,简卡原味钻酸奶200g*10,5,110.02
2026-9-19,拼多多,拼多多,三元3.3g方白纯牛奶（250mL*24）,2920,89731.89
2026-9-19,拼多多,拼多多,三元3.3g方白脱脂无菌砖(250ml*24),818,22344.16
2026-9-19,拼多多,拼多多,三元3.3g全脂纯牛奶无菌砖（200ml*24）卡皮巴拉,4,114.54
2026-9-19,拼多多,拼多多,三元北京纯牛奶全脂（250mL*10）,3,55.49
2026-9-19,拼多多,拼多多,三元纯牛奶足球礼盒（250ml*12）,2,42.42
2026-9-19,拼多多,拼多多,三元晚安牛奶（250ml*10）,9,233.86
2026-9-19,拼多多,拼多多,体验装单盒方巧,120,160.31
2026-9-19,拼多多,拼多多,小方白卡皮巴拉脱脂纯牛奶（200mL*24）,28,668.07
2026-9-19,拼多多,拼多多,钻石装极致有机纯牛奶（200ml*10）,15,306.62
2026-9-19,天猫,猫旗,250ml方巧(1*24),19,609.19
2026-9-19,天猫,猫旗,250ml三元纯牛奶节庆礼盒-2026中秋（1*18）,12,0
2026-9-19,天猫,猫旗,250ml舒释奶（全脂)(1*12),14,278.44
2026-9-19,天猫,猫旗,250S极致娟姗纯牛奶250mL*12,25,544.95
2026-9-19,天猫,猫旗,250S极致有机纯牛奶250mL*12,13,313.64
2026-9-19,天猫,猫旗,芭芭农场纸箱,3,0
2026-9-19,天猫,猫旗,芭芭农场DM单,3,0
2026-9-19,天猫,猫旗,北京纯全脂拆单盒,48,88.79
2026-9-19,天猫,猫旗,常温版极致三代全脂纯牛奶,6,130.22
2026-9-19,天猫,猫旗,极小智有机A2纯牛奶200mL*10,21,388.11
2026-9-19,天猫,猫旗,极致 3.8g 有机全脂梦幻盖（250ml*12）,3,0
2026-9-19,天猫,猫旗,极致 3.8gA2β-酪蛋白全脂梦幻盖（250ml*12）,9,0
2026-9-19,天猫,猫旗,极致高品质全脂纯牛奶（250ml*16）,21,569.33
2026-9-19,天猫,猫旗,极致三代低脂纯牛奶（250ml*12）,9,195.68
2026-9-19,天猫,猫旗,极致A2精巧装200ml*10,19,296.38
2026-9-19,天猫,猫旗,简卡原味钻酸奶200g*10,6,132.02
2026-9-19,天猫,猫旗,三元3.3g方白纯牛奶（250mL*24）,467,14350.96
2026-9-19,天猫,猫旗,三元3.3g方白脱脂无菌砖(250ml*24),46,1256.52
2026-9-19,天猫,猫旗,三元3.3g全脂纯牛奶无菌砖（200ml*24）卡皮巴拉,10,286.34
2026-9-19,天猫,猫旗,三元北京纯牛奶全脂（250mL*10）,24,443.95
2026-9-19,天猫,猫旗,三元晚安牛奶（250ml*10）,5,129.92
2026-9-19,天猫,猫旗,体验装 极全单盒,18,30.5
2026-9-19,天猫,猫旗,体验装 极致娟姗拆单盒,36,65.39
2026-9-19,天猫,猫旗,体验装 极致A2精巧单盒,66,173.96
2026-9-19,天猫,猫旗,体验装单盒方巧,66,88.17
2026-9-19,天猫,猫旗,体验装单盒特品,90,109.36
2026-9-19,天猫,猫旗,小方白卡皮巴拉脱脂纯牛奶（200mL*24）,12,286.32
2026-9-19,天猫,猫旗,钻石装极致有机纯牛奶（200ml*10）,3,61.32
2026-9-19,小程序及其他,小程序及其他,250ml方巧(1*24),114,3655.13
2026-9-19,小程序及其他,小程序及其他,250ml三元纯牛奶节庆礼盒-2026中秋（1*18）,31,0
2026-9-19,小程序及其他,小程序及其他,250ml舒释奶（全脂)(1*12),8,159.11
2026-9-19,小程序及其他,小程序及其他,250S极致有机纯牛奶250mL*12,6,144.75
2026-9-19,小程序及其他,小程序及其他,常温版极致三代全脂纯牛奶,128,2778.1
2026-9-19,小程序及其他,小程序及其他,极小智有机A2纯牛奶200mL*10,6,110.89
2026-9-19,小程序及其他,小程序及其他,极致 3.8g 有机全脂梦幻盖（250ml*12）,124,0
2026-9-19,小程序及其他,小程序及其他,极致 3.8gA2β-酪蛋白全脂梦幻盖（250ml*12）,40,0
2026-9-19,小程序及其他,小程序及其他,极致三代低脂纯牛奶（250ml*12）,189,4109.33
2026-9-19,小程序及其他,小程序及其他,极致A2精巧装200ml*10,259,4040.06
2026-9-19,小程序及其他,小程序及其他,简卡原味钻酸奶200g*10,36,792.13
2026-9-19,小程序及其他,小程序及其他,三元3.3g方白纯牛奶（250mL*24）,339,10417.5
2026-9-19,小程序及其他,小程序及其他,三元3.3g方白脱脂无菌砖(250ml*24),16,437.05
2026-9-19,小程序及其他,小程序及其他,三元3.3g全脂纯牛奶无菌砖（200ml*24）卡皮巴拉,107,3063.82
2026-9-19,小程序及其他,小程序及其他,三元北京纯牛奶全脂（250mL*10）,2,37
2026-9-19,小程序及其他,小程序及其他,三元晚安牛奶（250ml*10）,16,415.75
2026-9-19,小程序及其他,小程序及其他,小方白卡皮巴拉脱脂纯牛奶（200mL*24）,6,143.16
2026-9-19,小程序及其他,小程序及其他,钻石装极致有机纯牛奶（200ml*10）,28,572.36
2026-9-19,新零售,新零售,250S极致娟姗纯牛奶250mL*12,2,43.6
2026-9-19,新零售,新零售,极小智有机A2纯牛奶200mL*10,1,18.48
2026-9-19,新零售,新零售,极致 3.8g 有机全脂梦幻盖（250ml*12）,5,0
2026-9-19,新零售,新零售,极致3.8g有机全脂纯牛奶梦幻盖（250ml*12）,1220,0
2026-9-19,新零售,新零售,极致4.0高蛋白纯牛奶250mL*24,117,6091.64
2026-9-19,新零售,新零售,极致高品质全脂纯牛奶（250ml*16）,422,11440.76
2026-9-19,新零售,新零售,极致娟姗全脂苗条砖(250ml*12),1170,0
2026-9-19,新零售,新零售,极致三代低脂无菌砖(250ml*12),144,0
2026-9-19,新零售,新零售,三元3.3g方白纯牛奶（250mL*24）,10,307.3
2026-9-19,新零售,新零售,三元3.3g方白脱脂无菌砖(250ml*24),1,27.32
2026-9-19,新零售,新零售,三元3.3g全脂纯牛奶无菌砖（200ml*24）卡皮巴拉,1215,34790.07
2026-9-19,新零售,新零售,三元高钙全脂无菌砖(250ml*20),1397,0
2026-9-19,新零售,新零售,三元简卡全脂砖石包(200g*10),2224,0
2026-9-19,新零售,新零售,三元有机3.4g全脂苗条砖纯牛奶（200mL*10）,5220,0
2026-9-19,新零售,新零售,钻石包极致有机纯牛奶（200ml*21）,300,10877.37
2026-9-20,抖音,抖音,250ml方巧(1*24),222,7117.88
2026-9-20,抖音,抖音,250ml三元纯牛奶节庆礼盒-2026中秋（1*18）,114,0
2026-9-20,抖音,抖音,250S极致娟姗纯牛奶250mL*12,284,6190.66
2026-9-20,抖音,抖音,北京纯全脂拆单盒,80,147.98
2026-9-20,抖音,抖音,常温版极致三代全脂纯牛奶,15,325.56
2026-9-20,抖音,抖音,极小智有机A2纯牛奶200mL*10,4,73.93
2026-9-20,抖音,抖音,极致 3.8g 有机全脂梦幻盖（250ml*12）,40,0
2026-9-20,抖音,抖音,极致 3.8gA2β-酪蛋白全脂梦幻盖（250ml*12）,4,0
2026-9-20,抖音,抖音,极致高品质全脂纯牛奶（250ml*16）,2606,70650.74
2026-9-20,抖音,抖音,极致三代低脂纯牛奶（250ml*12）,20,434.85
2026-9-20,抖音,抖音,极致A2精巧装200ml*10,160,2495.79
2026-9-20,抖音,抖音,简卡原味钻酸奶200g*10,18,396.07
2026-9-20,抖音,抖音,三元3.3g方白纯牛奶（250mL*24）,1225,37644.37
2026-9-20,抖音,抖音,三元3.3g方白脱脂无菌砖(250ml*24),70,1912.09
2026-9-20,抖音,抖音,三元3.3g全脂纯牛奶无菌砖（200ml*24）卡皮巴拉,8,229.07
2026-9-20,抖音,抖音,三元北京纯牛奶全脂（250mL*10）,27,499.44
2026-9-20,抖音,抖音,三元纯牛奶足球礼盒（250ml*12）,38,805.98
2026-9-20,抖音,抖音,体验装 极致娟姗拆单盒,608,1104.44
2026-9-20,抖音,抖音,听装三元畅倍益益生菌奶粉700g*6,17,0
2026-9-20,抖音,抖音,小方白卡皮巴拉脱脂纯牛奶（200mL*24）,2,47.72
2026-9-20,抖音,抖音,足球礼盒拆单盒,1764,0
2026-9-20,抖音,抖音,钻石装极致有机纯牛奶（200ml*10）,3,61.32
2026-9-20,京东,京东自营,极致A2β酪蛋白全脂纯牛奶无菌砖（200ml*24）,4362,0
2026-9-20,京东,京东自营,三元3.3g方白脱脂无菌砖(250ml*24),4724,129038.89
2026-9-20,京东,京东POP,250ml方巧(1*24),26,833.63
2026-9-20,京东,京东POP,250ml舒释奶（全脂)(1*12),33,656.33
2026-9-20,京东,京东POP,250S极致娟姗纯牛奶250mL*12,4,87.19
2026-9-20,京东,京东POP,常温版极致三代全脂纯牛奶,10,217.04
2026-9-20,京东,京东POP,极小智有机A2纯牛奶200mL*10,19,351.14
2026-9-20,京东,京东POP,极致 3.8g 有机全脂梦幻盖（250ml*12）,32,0
2026-9-20,京东,京东POP,极致高品质全脂纯牛奶（250ml*16）,1064,28845.89
2026-9-20,京东,京东POP,极致三代低脂纯牛奶（250ml*12）,8,173.94
2026-9-20,京东,京东POP,极致A2精巧装200ml*10,96,1497.48
2026-9-20,京东,京东POP,简卡原味钻酸奶200g*10,7,154.03
2026-9-20,京东,京东POP,梦幻盖极致A2纯牛奶250ml*12,2,63.26
2026-9-20,京东,京东POP,三元 芭缔欧冰岛式酸奶巴沙杀菌200g*24盒/箱,21,0
2026-9-20,京东,京东POP,三元3.3g方白纯牛奶（250mL*24）,150,4609.52
2026-9-20,京东,京东POP,三元3.3g方白脱脂无菌砖(250ml*24),22,600.94
2026-9-20,京东,京东POP,三元3.3g全脂纯牛奶无菌砖（200ml*24）卡皮巴拉,94,2691.58
2026-9-20,京东,京东POP,三元纯牛奶足球礼盒（250ml*12）,1,21.21
2026-9-20,京东,京东POP,体验装单盒方巧,4,5.34
2026-9-20,京东,京东POP,钻石装极致有机纯牛奶（200ml*10）,195,3986.05
2026-9-20,拼多多,拼多多,250ml方巧(1*24),120,3847.5
2026-9-20,拼多多,拼多多,250ml舒释奶（全脂)(1*12),40,795.55
2026-9-20,拼多多,拼多多,250S极致娟姗纯牛奶250mL*12,2,43.6
2026-9-20,拼多多,拼多多,极小智有机A2纯牛奶200mL*10,5,92.41
2026-9-20,拼多多,拼多多,极致 3.8g 有机全脂梦幻盖（250ml*12）,7,0
2026-9-20,拼多多,拼多多,极致高品质全脂纯牛奶（250ml*16）,104,2819.52
2026-9-20,拼多多,拼多多,简卡原味钻酸奶200g*10,6,132.02
2026-9-20,拼多多,拼多多,三元3.3g方白纯牛奶（250mL*24）,3206,98520.7
2026-9-20,拼多多,拼多多,三元3.3g方白脱脂无菌砖(250ml*24),891,24338.2
2026-9-20,拼多多,拼多多,三元3.3g全脂纯牛奶无菌砖（200ml*24）卡皮巴拉,2,57.27
2026-9-20,拼多多,拼多多,三元北京纯牛奶全脂（250mL*10）,7,129.48
2026-9-20,拼多多,拼多多,三元晚安牛奶（250ml*10）,2,51.97
2026-9-20,拼多多,拼多多,体验装单盒方巧,128,171
2026-9-20,拼多多,拼多多,小方白卡皮巴拉脱脂纯牛奶（200mL*24）,9,214.74
2026-9-20,拼多多,拼多多,钻石装极致有机纯牛奶（200ml*10）,12,245.3
2026-9-20,天猫,猫旗,250ml方巧(1*24),14,448.88
2026-9-20,天猫,猫旗,250ml三元纯牛奶节庆礼盒-2026中秋（1*18）,51,0
2026-9-20,天猫,猫旗,250ml舒释奶（全脂)(1*12),6,119.33
2026-9-20,天猫,猫旗,250S极致娟姗纯牛奶250mL*12,21,457.76
2026-9-20,天猫,猫旗,250S极致有机纯牛奶250mL*12,44,1061.54
2026-9-20,天猫,猫旗,芭芭农场纸箱,5,0
2026-9-20,天猫,猫旗,芭芭农场DM单,5,0
2026-9-20,天猫,猫旗,北京纯全脂拆单盒,108,199.78
2026-9-20,天猫,猫旗,常温版极致三代全脂纯牛奶,12,260.45
2026-9-20,天猫,猫旗,极小智有机A2纯牛奶200mL*10,23,425.07
2026-9-20,天猫,猫旗,极致 3.8g 有机全脂梦幻盖（250ml*12）,2,0
2026-9-20,天猫,猫旗,极致 3.8gA2β-酪蛋白全脂梦幻盖（250ml*12）,12,0
2026-9-20,天猫,猫旗,极致高品质全脂纯牛奶（250ml*16）,19,515.11
2026-9-20,天猫,猫旗,极致三代低脂纯牛奶（250ml*12）,8,173.94
2026-9-20,天猫,猫旗,极致A2精巧装200ml*10,15,233.98
2026-9-20,天猫,猫旗,简卡原味钻酸奶200g*10,9,198.03
2026-9-20,天猫,猫旗,三元3.3g方白纯牛奶（250mL*24）,388,11923.28
2026-9-20,天猫,猫旗,三元3.3g方白脱脂无菌砖(250ml*24),105,2868.14
2026-9-20,天猫,猫旗,三元3.3g全脂纯牛奶无菌砖（200ml*24）卡皮巴拉,13,372.24
2026-9-20,天猫,猫旗,三元北京纯牛奶全脂（250mL*10）,18,332.96
2026-9-20,天猫,猫旗,三元纯牛奶足球礼盒（250ml*12）,2,42.42
2026-9-20,天猫,猫旗,三元晚安牛奶（250ml*10）,15,389.76
2026-9-20,天猫,猫旗,体验装 极全单盒,12,20.33
2026-9-20,天猫,猫旗,体验装 极致娟姗拆单盒,102,185.28
2026-9-20,天猫,猫旗,体验装 极致A2精巧单盒,72,189.78
2026-9-20,天猫,猫旗,体验装单盒方巧,78,104.2
2026-9-20,天猫,猫旗,体验装单盒特品,72,87.49
2026-9-20,天猫,猫旗,小方白卡皮巴拉脱脂纯牛奶（200mL*24）,6,143.16
2026-9-20,天猫,猫旗,钻石装极致有机纯牛奶（200ml*10）,4,81.77
2026-9-20,小程序及其他,小程序及其他,250ml方巧(1*24),55,1763.44
2026-9-20,小程序及其他,小程序及其他,250ml三元纯牛奶节庆礼盒-2026中秋（1*18）,48,0
2026-9-20,小程序及其他,小程序及其他,250ml舒释奶（全脂)(1*12),8,159.11
2026-9-20,小程序及其他,小程序及其他,250S极致有机纯牛奶250mL*12,8,193.01
2026-9-20,小程序及其他,小程序及其他,常温版极致三代全脂纯牛奶,133,2886.62
2026-9-20,小程序及其他,小程序及其他,极小智有机A2纯牛奶200mL*10,6,110.89
2026-9-20,小程序及其他,小程序及其他,极致 3.8g 有机全脂梦幻盖（250ml*12）,18,0
2026-9-20,小程序及其他,小程序及其他,极致 3.8gA2β-酪蛋白全脂梦幻盖（250ml*12）,35,0
2026-9-20,小程序及其他,小程序及其他,极致三代低脂纯牛奶（250ml*12）,190,4131.08
2026-9-20,小程序及其他,小程序及其他,极致A2精巧装200ml*10,439,6847.83
2026-9-20,小程序及其他,小程序及其他,简卡原味钻酸奶200g*10,59,1298.22
2026-9-20,小程序及其他,小程序及其他,梦幻盖极致A2纯牛奶250ml*12,6,189.78
2026-9-20,小程序及其他,小程序及其他,三元3.3g方白纯牛奶（250mL*24）,335,10294.58
2026-9-20,小程序及其他,小程序及其他,三元3.3g方白脱脂无菌砖(250ml*24),17,464.37
2026-9-20,小程序及其他,小程序及其他,三元3.3g全脂纯牛奶无菌砖（200ml*24）卡皮巴拉,83,2376.61
2026-9-20,小程序及其他,小程序及其他,三元晚安牛奶（250ml*10）,80,2078.74
2026-9-20,小程序及其他,小程序及其他,小方白卡皮巴拉脱脂纯牛奶（200mL*24）,5,119.3
2026-9-20,小程序及其他,小程序及其他,钻石装极致有机纯牛奶（200ml*10）,108,2207.66
2026-9-20,新零售,新零售,250ml三元纯牛奶节庆礼盒-2026中秋（1*18）,1,0
2026-9-20,新零售,新零售,250S极致娟姗纯牛奶250mL*12,3,65.39
2026-9-20,新零售,新零售,极小智有机A2纯牛奶200mL*10,2,36.96
2026-9-20,新零售,新零售,极致高品质全脂纯牛奶（250ml*16）,4,108.44
2026-9-20,新零售,新零售,极致三代低脂纯牛奶（250ml*12）,1,21.74
2026-9-20,新零售,新零售,三元3.2g小方枕全脂利乐枕-电商(227ml*16),2000,40588
2026-9-20,新零售,新零售,三元3.3g方白纯牛奶（250mL*24）,9,276.57
2026-9-20,新零售,新零售,三元3.3g方白脱脂无菌砖(250ml*24),1867,50998.23
2026-9-21,抖音,抖音,250ml方巧(1*24),177,5675.06
2026-9-21,抖音,抖音,250ml三元纯牛奶节庆礼盒-2026中秋（1*18）,140,0
2026-9-21,抖音,抖音,250S极致娟姗纯牛奶250mL*12,386,8414.07
2026-9-21,抖音,抖音,北京纯全脂拆单盒,12,22.2
2026-9-21,抖音,抖音,常温版极致三代全脂纯牛奶,10,217.04
2026-9-21,抖音,抖音,极小智有机A2纯牛奶200mL*10,4,73.93
2026-9-21,抖音,抖音,极致 3.8g 有机全脂梦幻盖（250ml*12）,12,0
2026-9-21,抖音,抖音,极致 3.8gA2β-酪蛋白全脂梦幻盖（250ml*12）,6,0
2026-9-21,抖音,抖音,极致高品质全脂纯牛奶（250ml*16）,1514,41045.75
2026-9-21,抖音,抖音,极致三代低脂纯牛奶（250ml*12）,24,521.82
2026-9-21,抖音,抖音,极致A2精巧装200ml*10,129,2012.23
2026-9-21,抖音,抖音,简卡原味钻酸奶200g*10,17,374.06
2026-9-21,抖音,抖音,三元3.3g方白纯牛奶（250mL*24）,1121,34448.44
2026-9-21,抖音,抖音,三元3.3g方白脱脂无菌砖(250ml*24),55,1502.36
2026-9-21,抖音,抖音,三元3.3g全脂纯牛奶无菌砖（200ml*24）卡皮巴拉,17,486.77
2026-9-21,抖音,抖音,三元北京纯牛奶全脂（250mL*10）,4,73.99
2026-9-21,抖音,抖音,三元纯牛奶足球礼盒（250ml*12）,36,763.56
2026-9-21,抖音,抖音,体验装 极致娟姗拆单盒,1208,2194.34
2026-9-21,抖音,抖音,听装三元畅倍益益生菌奶粉700g*6,26,0
2026-9-21,抖音,抖音,小方白卡皮巴拉脱脂纯牛奶（200mL*24）,4,95.44
2026-9-21,抖音,抖音,足球礼盒拆单盒,1304,0
2026-9-21,抖音,抖音,钻石装极致有机纯牛奶（200ml*10）,27,551.92
2026-9-21,京东,京东自营,极致有机全脂苗条砖(250ml*12),600,0
2026-9-21,京东,京东自营,三元3.3g方白纯牛奶（250mL*24）日常版,8912,0
2026-9-21,京东,京东自营,三元3.3g方白脱脂无菌砖(250ml*24),2293,62634.67
2026-9-21,京东,京东POP,250ml方巧(1*24),65,2084.06
2026-9-21,京东,京东POP,250ml三元纯牛奶节庆礼盒-2026中秋（1*18）,9,0
2026-9-21,京东,京东POP,250ml舒释奶（全脂)(1*12),24,477.33
2026-9-21,京东,京东POP,250S极致娟姗纯牛奶250mL*12,10,217.98
2026-9-21,京东,京东POP,250S极致有机纯牛奶250mL*12,1,24.13
2026-9-21,京东,京东POP,常温版极致三代全脂纯牛奶,6,130.22
2026-9-21,京东,京东POP,极小智有机A2纯牛奶200mL*10,22,406.59
2026-9-21,京东,京东POP,极致 3.8g 有机全脂梦幻盖（250ml*12）,20,0
2026-9-21,京东,京东POP,极致 3.8gA2β-酪蛋白全脂梦幻盖（250ml*12）,2,0
2026-9-21,京东,京东POP,极致高品质全脂纯牛奶（250ml*16）,285,7726.58
2026-9-21,京东,京东POP,极致三代低脂纯牛奶（250ml*12）,7,152.2
2026-9-21,京东,京东POP,极致A2精巧装200ml*10,121,1887.44
2026-9-21,京东,京东POP,简卡原味钻酸奶200g*10,9,198.03
2026-9-21,京东,京东POP,三元 芭缔欧冰岛式酸奶巴沙杀菌200g*24盒/箱,142,0
2026-9-21,京东,京东POP,三元3.3g方白纯牛奶（250mL*24）,124,3810.53
2026-9-21,京东,京东POP,三元3.3g方白脱脂无菌砖(250ml*24),21,573.63
2026-9-21,京东,京东POP,三元3.3g全脂纯牛奶无菌砖（200ml*24）卡皮巴拉,47,1345.79
2026-9-21,京东,京东POP,三元3.4g方白纯牛奶(250ml*16),2,0
2026-9-21,京东,京东POP,三元轻酸奶经典原味(200g*12),1,0
2026-9-21,京东,京东POP,钻石装极致有机纯牛奶（200ml*10）,205,4190.47
2026-9-21,拼多多,多多买菜,三元白奶全脂百利包(200ml*16),800,0
2026-9-21,拼多多,拼多多,250ml方巧(1*24),125,4007.81
2026-9-21,拼多多,拼多多,250ml舒释奶（全脂)(1*12),32,636.44
2026-9-21,拼多多,拼多多,250S极致娟姗纯牛奶250mL*12,7,152.59
2026-9-21,拼多多,拼多多,极小智有机A2纯牛奶200mL*10,6,110.89
2026-9-21,拼多多,拼多多,极致 3.8g 有机全脂梦幻盖（250ml*12）,2,0
2026-9-21,拼多多,拼多多,极致高品质全脂纯牛奶（250ml*16）,74,2006.2
2026-9-21,拼多多,拼多多,极致三代低脂纯牛奶（250ml*12）,1,21.74
2026-9-21,拼多多,拼多多,极致A2精巧装200ml*10,3,46.8
2026-9-21,拼多多,拼多多,三元3.3g方白纯牛奶（250mL*24）,516,15856.73
2026-9-21,拼多多,拼多多,三元3.3g方白脱脂无菌砖(250ml*24),990,27042.44
2026-9-21,拼多多,拼多多,三元3.3g全脂纯牛奶无菌砖（200ml*24）卡皮巴拉,6,171.8
2026-9-21,拼多多,拼多多,三元北京纯牛奶全脂（250mL*10）,1,18.5
2026-9-21,拼多多,拼多多,体验装单盒方巧,152,203.06
2026-9-21,拼多多,拼多多,小方白卡皮巴拉脱脂纯牛奶（200mL*24）,16,381.76
2026-9-21,拼多多,拼多多,钻石装极致有机纯牛奶（200ml*10）,15,306.62
2026-9-21,天猫,猫旗,250ml方巧(1*24),15,480.94
2026-9-21,天猫,猫旗,250ml三元纯牛奶节庆礼盒-2026中秋（1*18）,17,0
2026-9-21,天猫,猫旗,250ml舒释奶（全脂)(1*12),9,179
2026-9-21,天猫,猫旗,250S极致娟姗纯牛奶250mL*12,38,828.33
2026-9-21,天猫,猫旗,250S极致有机纯牛奶250mL*12,13,313.64
2026-9-21,天猫,猫旗,芭芭农场纸箱,12,0
2026-9-21,天猫,猫旗,芭芭农场DM单,12,0
2026-9-21,天猫,猫旗,常温版极致三代全脂纯牛奶,2,43.41
2026-9-21,天猫,猫旗,极小智有机A2纯牛奶200mL*10,27,499
2026-9-21,天猫,猫旗,极致 3.8g 有机全脂梦幻盖（250ml*12）,2,0
2026-9-21,天猫,猫旗,极致 3.8gA2β-酪蛋白全脂梦幻盖（250ml*12）,9,0
2026-9-21,天猫,猫旗,极致高品质全脂纯牛奶（250ml*16）,33,894.66
2026-9-21,天猫,猫旗,极致三代低脂纯牛奶（250ml*12）,6,130.45
2026-9-21,天猫,猫旗,极致A2精巧装200ml*10,15,233.98
2026-9-21,天猫,猫旗,简卡原味钻酸奶200g*10,10,220.04
2026-9-21,天猫,猫旗,三元3.3g方白纯牛奶（250mL*24）,443,13613.43
2026-9-21,天猫,猫旗,三元3.3g方白脱脂无菌砖(250ml*24),190,5189.96
2026-9-21,天猫,猫旗,三元3.3g全脂纯牛奶无菌砖（200ml*24）卡皮巴拉,10,286.34
2026-9-21,天猫,猫旗,三元北京纯牛奶全脂（250mL*10）,1,18.5
2026-9-21,天猫,猫旗,三元纯牛奶足球礼盒（250ml*12）,1,21.21
2026-9-21,天猫,猫旗,三元晚安牛奶（250ml*10）,14,363.78
2026-9-21,天猫,猫旗,体验装 极致娟姗拆单盒,84,152.59
2026-9-21,天猫,猫旗,体验装 极致A2精巧单盒,144,379.55
2026-9-21,天猫,猫旗,体验装单盒方巧,102,136.27
2026-9-21,天猫,猫旗,体验装单盒特品,132,160.4
2026-9-21,天猫,猫旗,小方白卡皮巴拉脱脂纯牛奶（200mL*24）,7,167.02
2026-9-21,小程序及其他,小程序及其他,250ml方巧(1*24),90,2885.63
2026-9-21,小程序及其他,小程序及其他,250ml三元纯牛奶节庆礼盒-2026中秋（1*18）,27,0
2026-9-21,小程序及其他,小程序及其他,250ml舒释奶（全脂)(1*12),3,59.67
2026-9-21,小程序及其他,小程序及其他,250S极致有机纯牛奶250mL*12,25,603.15
2026-9-21,小程序及其他,小程序及其他,常温版极致三代全脂纯牛奶,183,3971.81
2026-9-21,小程序及其他,小程序及其他,极小智有机A2纯牛奶200mL*10,8,147.85
2026-9-21,小程序及其他,小程序及其他,极致 3.8g 有机全脂梦幻盖（250ml*12）,16,0
2026-9-21,小程序及其他,小程序及其他,极致 3.8gA2β-酪蛋白全脂梦幻盖（250ml*12）,37,0
2026-9-21,小程序及其他,小程序及其他,极致三代低脂纯牛奶（250ml*12）,129,2804.78
2026-9-21,小程序及其他,小程序及其他,极致A2精巧装200ml*10,486,7580.97
2026-9-21,小程序及其他,小程序及其他,简卡原味钻酸奶200g*10,49,1078.18
2026-9-21,小程序及其他,小程序及其他,三元3.3g方白纯牛奶（250mL*24）,1208,37121.96
2026-9-21,小程序及其他,小程序及其他,三元3.3g方白脱脂无菌砖(250ml*24),10,273.16
2026-9-21,小程序及其他,小程序及其他,三元3.3g全脂纯牛奶无菌砖（200ml*24）卡皮巴拉,82,2347.97
2026-9-21,小程序及其他,小程序及其他,三元晚安牛奶（250ml*10）,40,1039.37
2026-9-21,小程序及其他,小程序及其他,小方白卡皮巴拉脱脂纯牛奶（200mL*24）,15,357.9
2026-9-21,小程序及其他,小程序及其他,钻石装极致有机纯牛奶（200ml*10）,54,1103.83
2026-9-21,新零售,新零售,250S极致娟姗纯牛奶250mL*12,1,21.8
2026-9-21,新零售,新零售,极小智有机A2纯牛奶200mL*10,2,36.96
2026-9-21,新零售,新零售,极致 3.8g 有机全脂梦幻盖（250ml*12）,5,0
2026-9-21,新零售,新零售,极致高品质全脂纯牛奶（250ml*16）,2,54.22
2026-9-21,新零售,新零售,极致三代低脂纯牛奶（250ml*12）,4,86.97
2026-9-21,新零售,新零售,三元3.2g小方枕全脂利乐枕-电商(227ml*16),2092,42455.05
2026-9-21,新零售,新零售,三元3.3g方白纯牛奶（250mL*24）,19,583.87
2026-9-21,新零售,新零售,三元3.3g方白纯牛奶（250mL*24）日常版,450,0
2026-9-21,新零售,新零售,三元3.3g方白脱脂无菌砖(250ml*24),12,327.79
2026-9-22,抖音,抖音,250ml方巧(1*24),211,6765.19
2026-9-22,抖音,抖音,250ml三元纯牛奶节庆礼盒-2026中秋（1*18）,94,0
2026-9-22,抖音,抖音,250S极致娟姗纯牛奶250mL*12,321,6997.19
2026-9-22,抖音,抖音,常温版极致三代全脂纯牛奶,10,217.04
2026-9-22,抖音,抖音,极小智有机A2纯牛奶200mL*10,10,184.81
2026-9-22,抖音,抖音,极致 3.8g 有机全脂梦幻盖（250ml*12）,30,0
2026-9-22,抖音,抖音,极致 3.8gA2β-酪蛋白全脂梦幻盖（250ml*12）,4,0
2026-9-22,抖音,抖音,极致高品质全脂纯牛奶（250ml*16）,1487,40313.76
2026-9-22,抖音,抖音,极致三代低脂纯牛奶（250ml*12）,9,195.68
2026-9-22,抖音,抖音,极致A2精巧装200ml*10,168,2620.58
2026-9-22,抖音,抖音,简卡原味钻酸奶200g*10,7,154.03
2026-9-22,抖音,抖音,三元3.3g方白纯牛奶（250mL*24）,1326,40748.11
2026-9-22,抖音,抖音,三元3.3g方白脱脂无菌砖(250ml*24),54,1475.04
2026-9-22,抖音,抖音,三元3.3g全脂纯牛奶无菌砖（200ml*24）卡皮巴拉,23,658.58
2026-9-22,抖音,抖音,三元北京纯牛奶全脂（250mL*10）,2,37
2026-9-22,抖音,抖音,三元纯牛奶足球礼盒（250ml*12）,52,1102.92
2026-9-22,抖音,抖音,体验装 极致娟姗拆单盒,1329,2414.14
2026-9-22,抖音,抖音,听装三元畅倍益益生菌奶粉700g*6,17,0
2026-9-22,抖音,抖音,小方白卡皮巴拉脱脂纯牛奶（200mL*24）,4,95.44
2026-9-22,抖音,抖音,足球礼盒拆单盒,1397,0
2026-9-22,抖音,抖音,钻石装极致有机纯牛奶（200ml*10）,21,429.27
2026-9-22,京东,京东自营,三元3.3g方白纯牛奶（250mL*24）日常版,209,0
2026-9-22,京东,京东POP,250ml方巧(1*24),49,1571.06
2026-9-22,京东,京东POP,250ml三元纯牛奶节庆礼盒-2026中秋（1*18）,8,0
2026-9-22,京东,京东POP,250ml舒释奶（全脂)(1*12),28,556.88
2026-9-22,京东,京东POP,250S极致娟姗纯牛奶250mL*12,8,174.38
2026-9-22,京东,京东POP,250S极致有机纯牛奶250mL*12,6,144.75
2026-9-22,京东,京东POP,常温版极致三代全脂纯牛奶,3,65.11
2026-9-22,京东,京东POP,极小智有机A2纯牛奶200mL*10,17,314.18
2026-9-22,京东,京东POP,极致 3.8g 有机全脂梦幻盖（250ml*12）,7,0
2026-9-22,京东,京东POP,极致 3.8gA2β-酪蛋白全脂梦幻盖（250ml*12）,8,0
2026-9-22,京东,京东POP,极致高品质全脂纯牛奶（250ml*16）,101,2738.19
2026-9-22,京东,京东POP,极致三代低脂纯牛奶（250ml*12）,3,65.23
2026-9-22,京东,京东POP,极致A2精巧装200ml*10,96,1497.48
2026-9-22,京东,京东POP,简卡原味钻酸奶200g*10,2,44.01
2026-9-22,京东,京东POP,三元 芭缔欧冰岛式酸奶巴沙杀菌200g*24盒/箱,1012,0
2026-9-22,京东,京东POP,三元3.3g方白纯牛奶（250mL*24）,181,5562.15
2026-9-22,京东,京东POP,三元3.3g方白脱脂无菌砖(250ml*24),32,874.1
2026-9-22,京东,京东POP,三元3.3g全脂纯牛奶无菌砖（200ml*24）卡皮巴拉,33,944.92
2026-9-22,京东,京东POP,三元3.4g方白纯牛奶(250ml*16),8,0
2026-9-22,京东,京东POP,三元轻酸奶经典原味(200g*12),1,0
2026-9-22,京东,京东POP,钻石装极致有机纯牛奶（200ml*10）,203,4149.58
2026-9-22,拼多多,多多买菜,三元3.2g小方枕全脂利乐枕-电商(227ml*16),1000,20294
2026-9-22,拼多多,拼多多,250ml方巧(1*24),100,3206.25
2026-9-22,拼多多,拼多多,250ml舒释奶（全脂)(1*12),30,596.66
2026-9-22,拼多多,拼多多,极小智有机A2纯牛奶200mL*10,6,110.89
2026-9-22,拼多多,拼多多,极致 3.8gA2β-酪蛋白全脂梦幻盖（250ml*12）,1,0
2026-9-22,拼多多,拼多多,极致高品质全脂纯牛奶（250ml*16）,76,2060.42
2026-9-22,拼多多,拼多多,极致三代低脂纯牛奶（250ml*12）,1,21.74
2026-9-22,拼多多,拼多多,极致A2精巧装200ml*10,1,15.6
2026-9-22,拼多多,拼多多,简卡原味钻酸奶200g*10,1,22
2026-9-22,拼多多,拼多多,三元3.3g方白纯牛奶（250mL*24）,129,3964.18
2026-9-22,拼多多,拼多多,三元3.3g方白脱脂无菌砖(250ml*24),845,23081.68
2026-9-22,拼多多,拼多多,三元3.3g全脂纯牛奶无菌砖（200ml*24）卡皮巴拉,6,171.8
2026-9-22,拼多多,拼多多,三元晚安牛奶（250ml*10）,3,77.95
2026-9-22,拼多多,拼多多,体验装单盒方巧,176,235.13
2026-9-22,拼多多,拼多多,小方白卡皮巴拉脱脂纯牛奶（200mL*24）,15,357.9
2026-9-22,拼多多,拼多多,钻石装极致有机纯牛奶（200ml*10）,15,306.62
2026-9-22,天猫,猫旗,250ml方巧(1*24),7,224.44
2026-9-22,天猫,猫旗,250ml三元纯牛奶节庆礼盒-2026中秋（1*18）,3,0
2026-9-22,天猫,猫旗,250ml舒释奶（全脂)(1*12),11,218.78
2026-9-22,天猫,猫旗,250S极致娟姗纯牛奶250mL*12,28,610.35
2026-9-22,天猫,猫旗,250S极致有机纯牛奶250mL*12,17,410.14
2026-9-22,天猫,猫旗,芭芭农场纸箱,11,0
2026-9-22,天猫,猫旗,芭芭农场DM单,11,0
2026-9-22,天猫,猫旗,极小智有机A2纯牛奶200mL*10,38,702.29
2026-9-22,天猫,猫旗,极致 3.8g 有机全脂梦幻盖（250ml*12）,2,0
2026-9-22,天猫,猫旗,极致 3.8gA2β-酪蛋白全脂梦幻盖（250ml*12）,10,0
2026-9-22,天猫,猫旗,极致高品质全脂纯牛奶（250ml*16）,6,162.66
2026-9-22,天猫,猫旗,极致三代低脂纯牛奶（250ml*12）,16,347.88
2026-9-22,天猫,猫旗,极致A2精巧装200ml*10,21,327.57
2026-9-22,天猫,猫旗,简卡原味钻酸奶200g*10,3,66.01
2026-9-22,天猫,猫旗,三元3.3g方白纯牛奶（250mL*24）,363,11155.03
2026-9-22,天猫,猫旗,三元3.3g方白脱脂无菌砖(250ml*24),59,1611.62
2026-9-22,天猫,猫旗,三元3.3g全脂纯牛奶无菌砖（200ml*24）卡皮巴拉,6,171.8
2026-9-22,天猫,猫旗,三元纯牛奶足球礼盒（250ml*12）,4,84.84
2026-9-22,天猫,猫旗,三元晚安牛奶（250ml*10）,5,129.92
2026-9-22,天猫,猫旗,体验装 极全单盒,6,10.17
2026-9-22,天猫,猫旗,体验装 极致娟姗拆单盒,90,163.49
2026-9-22,天猫,猫旗,体验装 极致A2精巧单盒,114,300.48
2026-9-22,天猫,猫旗,体验装 特品脱脂拆单盒,6,5.96
2026-9-22,天猫,猫旗,体验装单盒方巧,54,72.14
2026-9-22,天猫,猫旗,体验装单盒特品,114,138.53
2026-9-22,天猫,猫旗,小方白卡皮巴拉脱脂纯牛奶（200mL*24）,4,95.44
2026-9-22,天猫,猫旗,钻石装极致有机纯牛奶（200ml*10）,8,163.53
2026-9-22,小程序及其他,小程序及其他,250ml方巧(1*24),78,2500.88
2026-9-22,小程序及其他,小程序及其他,250ml三元纯牛奶节庆礼盒-2026中秋（1*18）,30,0
2026-9-22,小程序及其他,小程序及其他,250ml舒释奶（全脂)(1*12),5,99.44
2026-9-22,小程序及其他,小程序及其他,250S极致娟姗纯牛奶250mL*12,1,21.8
2026-9-22,小程序及其他,小程序及其他,250S极致有机纯牛奶250mL*12,34,820.28
2026-9-22,小程序及其他,小程序及其他,常温版极致三代全脂纯牛奶,179,3885
2026-9-22,小程序及其他,小程序及其他,极小智有机A2纯牛奶200mL*10,11,203.29
2026-9-22,小程序及其他,小程序及其他,极致 3.8g 有机全脂梦幻盖（250ml*12）,21,0
2026-9-22,小程序及其他,小程序及其他,极致 3.8gA2β-酪蛋白全脂梦幻盖（250ml*12）,71,0
2026-9-22,小程序及其他,小程序及其他,极致高品质全脂纯牛奶（250ml*16）,2,54.22
2026-9-22,小程序及其他,小程序及其他,极致三代低脂纯牛奶（250ml*12）,140,3043.95
2026-9-22,小程序及其他,小程序及其他,极致A2精巧装200ml*10,429,6691.84
2026-9-22,小程序及其他,小程序及其他,简卡原味钻酸奶200g*10,33,726.12
2026-9-22,小程序及其他,小程序及其他,三元3.3g方白纯牛奶（250mL*24）,808,24829.92
2026-9-22,小程序及其他,小程序及其他,三元3.3g方白脱脂无菌砖(250ml*24),9,245.84
2026-9-22,小程序及其他,小程序及其他,三元3.3g全脂纯牛奶无菌砖（200ml*24）卡皮巴拉,60,1718.03
2026-9-22,小程序及其他,小程序及其他,三元晚安牛奶（250ml*10）,28,727.56
2026-9-22,小程序及其他,小程序及其他,小方白卡皮巴拉脱脂纯牛奶（200mL*24）,17,405.61
2026-9-22,小程序及其他,小程序及其他,钻石装极致有机纯牛奶（200ml*10）,53,1083.39
2026-9-22,新零售,新零售,250ml三元纯牛奶节庆礼盒-2026中秋（1*18）,9,0
2026-9-22,新零售,新零售,250S极致娟姗纯牛奶250mL*12,2,43.6
2026-9-22,新零售,新零售,极小智有机A2纯牛奶200mL*10,6,110.89
2026-9-22,新零售,新零售,极致 3.8g 有机全脂梦幻盖（250ml*12）,7,0
2026-9-22,新零售,新零售,极致4.0高蛋白纯牛奶250mL*24,181,9423.82
2026-9-22,新零售,新零售,极致高品质全脂纯牛奶（250ml*16）,28,759.1
2026-9-22,新零售,新零售,极致娟姗全脂苗条砖(250ml*12),22,0
2026-9-22,新零售,新零售,极致三代低脂纯牛奶（250ml*12）,12,260.91
2026-9-22,新零售,新零售,极致三代低脂无菌砖(250ml*12),1168,0
2026-9-22,新零售,新零售,三元3.2g小方枕全脂利乐枕-电商(227ml*16),1049,21288.41
2026-9-22,新零售,新零售,三元3.3g方白纯牛奶（250mL*24）,42,1290.66
2026-9-22,新零售,新零售,三元3.3g方白纯牛奶（250mL*24）日常版,108,0
2026-9-22,新零售,新零售,三元3.3g方白全脂无菌砖(200ml*24),4000,0
2026-9-22,新零售,新零售,三元3.3g方白脱脂无菌砖(250ml*24),74,2021.35
2026-9-22,新零售,新零售,三元3.3g全脂纯牛奶无菌砖（200ml*24）卡皮巴拉,766,21933.49
2026-9-22,新零售,新零售,三元高钙全脂无菌砖(250ml*20),22,0
2026-9-22,新零售,新零售,三元简卡全脂砖石包(200g*10),20,0
2026-9-22,新零售,新零售,三元有机3.4g全脂苗条砖纯牛奶（200mL*10）,3604,0
2026-9-22,新零售,新零售,三元A2β-酪蛋白3.4g苗条砖纯牛奶(200mL*20),2880,0
2026-9-23,抖音,抖音,250ml方巧(1*24),176,5643
2026-9-23,抖音,抖音,250ml三元纯牛奶节庆礼盒-2026中秋（1*18）,144,0
2026-9-23,抖音,抖音,250S极致娟姗纯牛奶250mL*12,388,8457.66
2026-9-23,抖音,抖音,常温版极致三代全脂纯牛奶,6,130.22
2026-9-23,抖音,抖音,极小智有机A2纯牛奶200mL*10,1,18.48
2026-9-23,抖音,抖音,极致 3.8g 有机全脂梦幻盖（250ml*12）,20,0
2026-9-23,抖音,抖音,极致 3.8gA2β-酪蛋白全脂梦幻盖（250ml*12）,6,0
2026-9-23,抖音,抖音,极致高品质全脂纯牛奶（250ml*16）,1403,38036.45
2026-9-23,抖音,抖音,极致三代低脂纯牛奶（250ml*12）,23,500.08
2026-9-23,抖音,抖音,极致A2精巧装200ml*10,145,2261.81
2026-9-23,抖音,抖音,简卡原味钻酸奶200g*10,8,176.03
2026-9-23,抖音,抖音,三元3.3g方白纯牛奶（250mL*24）,1271,39057.96
2026-9-23,抖音,抖音,三元3.3g方白脱脂无菌砖(250ml*24),46,1256.52
2026-9-23,抖音,抖音,三元3.3g全脂纯牛奶无菌砖（200ml*24）卡皮巴拉,54,1546.23
2026-9-23,抖音,抖音,三元纯牛奶足球礼盒（250ml*12）,32,678.72
2026-9-23,抖音,抖音,体验装 极致娟姗拆单盒,1271,2308.78
2026-9-23,抖音,抖音,听装三元畅倍益益生菌奶粉700g*6,24,0
2026-9-23,抖音,抖音,小方白卡皮巴拉脱脂纯牛奶（200mL*24）,8,190.88
2026-9-23,抖音,抖音,足球礼盒拆单盒,1311,0
2026-9-23,抖音,抖音,钻石装极致有机纯牛奶（200ml*10）,3,61.32
2026-9-23,京东,京东自营,极致极小智有机A2全脂苗条砖(200ml*10),4555,0
2026-9-23,京东,京东自营,极致三代全脂无菌砖（250ml*12）,900,0
2026-9-23,京东,京东自营,极致有机全脂苗条砖(250ml*12),2600,0
2026-9-23,京东,京东自营,三元3.3g方白纯牛奶（250mL*24）日常版,10266,0
2026-9-23,京东,京东自营,三元北京纯牛奶全脂（250mL*10）,50,924.89
2026-9-23,京东,京东自营,三元晚安牛奶（250ml*10）,800,20787.44
2026-9-23,京东,京东POP,250ml方巧(1*24),35,1122.19
2026-9-23,京东,京东POP,250ml三元纯牛奶节庆礼盒-2026中秋（1*18）,4,0
2026-9-23,京东,京东POP,250ml舒释奶（全脂)(1*12),22,437.55
2026-9-23,京东,京东POP,250S极致娟姗纯牛奶250mL*12,10,217.98
2026-9-23,京东,京东POP,常温版极致三代全脂纯牛奶,6,130.22
2026-9-23,京东,京东POP,极小智有机A2纯牛奶200mL*10,22,406.59
2026-9-23,京东,京东POP,极致 3.8g 有机全脂梦幻盖（250ml*12）,15,0
2026-9-23,京东,京东POP,极致 3.8gA2β-酪蛋白全脂梦幻盖（250ml*12）,7,0
2026-9-23,京东,京东POP,极致高品质全脂纯牛奶（250ml*16）,176,4771.5
2026-9-23,京东,京东POP,极致三代低脂纯牛奶（250ml*12）,3,65.23
2026-9-23,京东,京东POP,极致A2精巧装200ml*10,83,1294.69
2026-9-23,京东,京东POP,简卡原味钻酸奶200g*10,2,44.01
2026-9-23,京东,京东POP,三元 芭缔欧冰岛式酸奶巴沙杀菌200g*24盒/箱,566,0
2026-9-23,京东,京东POP,三元 白盒纯牛奶250ml*12礼盒装,3,0
2026-9-23,京东,京东POP,三元3.3g方白纯牛奶（250mL*24）,293,9003.92
2026-9-23,京东,京东POP,三元3.3g方白脱脂无菌砖(250ml*24),57,1556.99
2026-9-23,京东,京东POP,三元3.3g全脂纯牛奶无菌砖（200ml*24）卡皮巴拉,51,1460.32
2026-9-23,京东,京东POP,三元3.4g方白纯牛奶(250ml*16),5,0
2026-9-23,京东,京东POP,三元纯牛奶足球礼盒（250ml*12）,2,42.42
2026-9-23,京东,京东POP,三元轻酸奶芭乐桃桃(200g*10),1,0
2026-9-23,京东,京东POP,三元小方白低脂高钙牛奶 DSHB (200ml*24）,14,0
2026-9-23,京东,京东POP,钻石装极致有机纯牛奶（200ml*10）,241,4926.35
2026-9-23,拼多多,拼多多,250ml方巧(1*24),140,4488.75
2026-9-23,拼多多,拼多多,250ml舒释奶（全脂)(1*12),27,536.99
2026-9-23,拼多多,拼多多,常温版极致三代全脂纯牛奶,4,86.82
2026-9-23,拼多多,拼多多,极小智有机A2纯牛奶200mL*10,4,73.93
2026-9-23,拼多多,拼多多,极致高品质全脂纯牛奶（250ml*16）,88,2385.75
2026-9-23,拼多多,拼多多,极致三代低脂纯牛奶（250ml*12）,1,21.74
2026-9-23,拼多多,拼多多,极致A2精巧装200ml*10,2,31.2
2026-9-23,拼多多,拼多多,三元3.3g方白纯牛奶（250mL*24）,91,2796.44
2026-9-23,拼多多,拼多多,三元3.3g方白脱脂无菌砖(250ml*24),1012,27643.39
2026-9-23,拼多多,拼多多,三元3.3g全脂纯牛奶无菌砖（200ml*24）卡皮巴拉,4,114.54
2026-9-23,拼多多,拼多多,体验装单盒方巧,80,106.88
2026-9-23,拼多多,拼多多,小方白卡皮巴拉脱脂纯牛奶（200mL*24）,14,334.04
2026-9-23,拼多多,拼多多,钻石装极致有机纯牛奶（200ml*10）,6,122.65
2026-9-23,天猫,猫超,冰岛式酸奶（200g*24）,3,134.51
2026-9-23,天猫,猫超,极致高品质全脂纯牛奶（250ml*16）,327,8865.23
2026-9-23,天猫,猫超,极致极小智有机A2全脂苗条砖(200ml*10),365,0
2026-9-23,天猫,猫超,极致三代低脂无菌砖(250ml*12),91,0
2026-9-23,天猫,猫超,三元3.3g全脂纯牛奶无菌砖（200ml*24）卡皮巴拉,800,22907.04
2026-9-23,天猫,猫超,三元高钙全脂无菌砖(250ml*20),520,0
2026-9-23,天猫,猫超,小方白卡皮巴拉低脂高钙牛奶（200mL*24）,152,4000.58
2026-9-23,天猫,猫超,小方白卡皮巴拉脱脂纯牛奶（200mL*24）,133,3173.34
2026-9-23,天猫,猫超,钻石包极致有机纯牛奶（200ml*21）,992,35967.84
2026-9-23,天猫,猫旗,250ml方巧(1*24),16,513
2026-9-23,天猫,猫旗,250ml三元纯牛奶节庆礼盒-2026中秋（1*18）,29,0
2026-9-23,天猫,猫旗,250ml舒释奶（全脂)(1*12),12,238.66
2026-9-23,天猫,猫旗,250S极致娟姗纯牛奶250mL*12,19,414.16
2026-9-23,天猫,猫旗,250S极致有机纯牛奶250mL*12,6,144.75
2026-9-23,天猫,猫旗,芭芭农场纸箱,5,0
2026-9-23,天猫,猫旗,芭芭农场DM单,5,0
2026-9-23,天猫,猫旗,常温版极致三代全脂纯牛奶,1,21.7
2026-9-23,天猫,猫旗,极小智有机A2纯牛奶200mL*10,33,609.88
2026-9-23,天猫,猫旗,极致 3.8g 有机全脂梦幻盖（250ml*12）,6,0
2026-9-23,天猫,猫旗,极致 3.8gA2β-酪蛋白全脂梦幻盖（250ml*12）,14,0
2026-9-23,天猫,猫旗,极致高品质全脂纯牛奶（250ml*16）,13,352.44
2026-9-23,天猫,猫旗,极致三代低脂纯牛奶（250ml*12）,12,260.91
2026-9-23,天猫,猫旗,极致A2精巧装200ml*10,17,265.18
2026-9-23,天猫,猫旗,简卡原味钻酸奶200g*10,15,330.06
2026-9-23,天猫,猫旗,三元3.3g方白纯牛奶（250mL*24）,422,12968.1
2026-9-23,天猫,猫旗,三元3.3g方白脱脂无菌砖(250ml*24),38,1037.99
2026-9-23,天猫,猫旗,三元3.3g全脂纯牛奶无菌砖（200ml*24）卡皮巴拉,6,171.8
2026-9-23,天猫,猫旗,三元纯牛奶足球礼盒（250ml*12）,3,63.63
2026-9-23,天猫,猫旗,三元轻酸奶芭乐桃桃(200g*10),1,0
2026-9-23,天猫,猫旗,三元轻酸奶经典原味(200g*12),2,0
2026-9-23,天猫,猫旗,三元轻酸奶咸酪椰椰(200g*10),2,0
2026-9-23,天猫,猫旗,三元晚安牛奶（250ml*10）,1,25.98
2026-9-23,天猫,猫旗,体验装 极全单盒,6,10.17
2026-9-23,天猫,猫旗,体验装 极致娟姗拆单盒,36,65.39
2026-9-23,天猫,猫旗,体验装 极致A2精巧单盒,60,158.15
2026-9-23,天猫,猫旗,体验装 特品脱脂拆单盒,18,17.89
2026-9-23,天猫,猫旗,体验装单盒方巧,43,57.45
2026-9-23,天猫,猫旗,体验装单盒特品,126,153.11
2026-9-23,天猫,猫旗,小方白卡皮巴拉脱脂纯牛奶（200mL*24）,4,95.44
2026-9-23,小程序及其他,小程序及其他,250ml方巧(1*24),2588,82977.75
2026-9-23,小程序及其他,小程序及其他,250ml三元纯牛奶节庆礼盒-2026中秋（1*18）,28,0
2026-9-23,小程序及其他,小程序及其他,250ml舒释奶（全脂)(1*12),2,39.78
2026-9-23,小程序及其他,小程序及其他,250S极致有机纯牛奶250mL*12,19,458.39
2026-9-23,小程序及其他,小程序及其他,常温版极致三代全脂纯牛奶,165,3581.14
2026-9-23,小程序及其他,小程序及其他,极小智有机A2纯牛奶200mL*10,28,517.48
2026-9-23,小程序及其他,小程序及其他,极致 3.8g 有机全脂梦幻盖（250ml*12）,24,0
2026-9-23,小程序及其他,小程序及其他,极致 3.8gA2β-酪蛋白全脂梦幻盖（250ml*12）,48,0
2026-9-23,小程序及其他,小程序及其他,极致高品质全脂纯牛奶（250ml*16）,7,189.78
2026-9-23,小程序及其他,小程序及其他,极致三代低脂纯牛奶（250ml*12）,151,3283.12
2026-9-23,小程序及其他,小程序及其他,极致A2精巧装200ml*10,1757,27406.92
2026-9-23,小程序及其他,小程序及其他,简卡原味钻酸奶200g*10,54,1188.2
2026-9-23,小程序及其他,小程序及其他,三元3.3g方白纯牛奶（250mL*24）,747,22955.38
2026-9-23,小程序及其他,小程序及其他,三元3.3g方白脱脂无菌砖(250ml*24),132,3605.66
2026-9-23,小程序及其他,小程序及其他,三元3.3g全脂纯牛奶无菌砖（200ml*24）卡皮巴拉,75,2147.54
2026-9-23,小程序及其他,小程序及其他,三元纯牛奶足球礼盒（250ml*12）,4,84.84
2026-9-23,小程序及其他,小程序及其他,三元晚安牛奶（250ml*10）,18,467.72
2026-9-23,小程序及其他,小程序及其他,小方白卡皮巴拉脱脂纯牛奶（200mL*24）,27,644.21
2026-9-23,小程序及其他,小程序及其他,钻石装极致有机纯牛奶（200ml*10）,66,1349.13
2026-9-23,新零售,新零售,250ml三元纯牛奶节庆礼盒-2026中秋（1*18）,2,0
2026-9-23,新零售,新零售,250S极致娟姗纯牛奶250mL*12,7,152.59
2026-9-23,新零售,新零售,极小智有机A2纯牛奶200mL*10,6,110.89
2026-9-23,新零售,新零售,极致 3.8g 有机全脂梦幻盖（250ml*12）,3,0
2026-9-23,新零售,新零售,极致三代低脂纯牛奶（250ml*12）,8,173.94
2026-9-23,新零售,新零售,极致三代全脂无菌砖（250ml*12）,600,0
2026-9-23,新零售,新零售,三元3.2g小方枕全脂利乐枕-电商(227ml*16),2000,40588
2026-9-23,新零售,新零售,三元3.3g方白纯牛奶（250mL*24）,26,798.98
2026-9-23,新零售,新零售,三元3.3g方白纯牛奶（250mL*24）日常版,2890,0
2026-9-23,新零售,新零售,三元3.3g方白脱脂无菌砖(250ml*24),18,491.68
2026-9-23,新零售,新零售,三元轻酸奶芭乐桃桃(200g*10),1,0
2026-9-23,新零售,新零售,三元有机3.4g全脂苗条砖纯牛奶（200mL*10）,7496,0
2026-9-24,抖音,抖音,250ml方巧(1*24),15,480.94
2026-9-24,抖音,抖音,250ml三元纯牛奶节庆礼盒-2026中秋（1*18）,96,0
2026-9-24,抖音,抖音,250S极致娟姗纯牛奶250mL*12,187,4076.24
2026-9-24,抖音,抖音,常温版极致三代全脂纯牛奶,3,65.11
2026-9-24,抖音,抖音,极小智有机A2纯牛奶200mL*10,2,36.96
2026-9-24,抖音,抖音,极致 3.8g 有机全脂梦幻盖（250ml*12）,34,0
2026-9-24,抖音,抖音,极致 3.8gA2β-酪蛋白全脂梦幻盖（250ml*12）,4,0
2026-9-24,抖音,抖音,极致高品质全脂纯牛奶（250ml*16）,956,25917.92
2026-9-24,抖音,抖音,极致三代低脂纯牛奶（250ml*12）,6,130.45
2026-9-24,抖音,抖音,极致A2精巧装200ml*10,126,1965.44
2026-9-24,抖音,抖音,简卡原味钻酸奶200g*10,15,330.06
2026-9-24,抖音,抖音,三元3.3g方白纯牛奶（250mL*24）,989,30392.07
2026-9-24,抖音,抖音,三元3.3g方白脱脂无菌砖(250ml*24),36,983.36
2026-9-24,抖音,抖音,三元3.3g全脂纯牛奶无菌砖（200ml*24）卡皮巴拉,2,57.27
2026-9-24,抖音,抖音,三元北京纯牛奶全脂（250mL*10）,58,1072.87
2026-9-24,抖音,抖音,三元纯牛奶足球礼盒（250ml*12）,30,636.3
2026-9-24,抖音,抖音,体验装 极致娟姗拆单盒,847,1538.58
2026-9-24,抖音,抖音,听装三元畅倍益益生菌奶粉700g*6,10,0
2026-9-24,抖音,抖音,小方白卡皮巴拉脱脂纯牛奶（200mL*24）,16,381.76
2026-9-24,抖音,抖音,足球礼盒拆单盒,859,0
2026-9-24,抖音,抖音,钻石装极致有机纯牛奶（200ml*10）,6,122.65
2026-9-24,京东,京东自营,极致3.8gA2β酪蛋白全脂纯牛奶梦幻盖（250ml*12）,1012,0
2026-9-24,京东,京东自营,极致4.0高蛋白纯牛奶250mL*24,407,21190.58
2026-9-24,京东,京东自营,极致高品质全脂纯牛奶（250ml*16）,8924,241936.78
2026-9-24,京东,京东自营,极致三代低脂无菌砖(250ml*12),1783,0
2026-9-24,京东,京东自营,极致三代全脂无菌砖（250ml*12）,1082,0
2026-9-24,京东,京东自营,极致A2精巧装16入,4733,112976.71
2026-9-24,京东,京东自营,梦幻盖极致娟姗纯牛奶（250ml*10）,368,9830.79
2026-9-24,京东,京东自营,三元3.2g小方枕全脂利乐枕-电商(227ml*16),3000,60882
2026-9-24,京东,京东自营,三元3.3g方白纯牛奶（250mL*24）日常版,13579,0
2026-9-24,京东,京东自营,三元3.3g方白脱脂无菌砖(250ml*24),5638,154005.35
2026-9-24,京东,京东自营,三元3.3g全脂纯牛奶无菌砖（200ml*24）卡皮巴拉,53550,1533339.99
2026-9-24,京东,京东自营,三元高钙全脂无菌砖(250ml*20),5458,0
2026-9-24,京东,京东自营,三元简卡全脂砖石包(200g*10),319,0
2026-9-24,京东,京东自营,小方白卡皮巴拉低脂高钙牛奶（200mL*24）,2192,57692.56
2026-9-24,京东,京东自营,小方白卡皮巴拉脱脂纯牛奶（200mL*24）,934,22284.96
2026-9-24,京东,京东自营,钻石包极致有机纯牛奶（200ml*21）,7682,278533.19
2026-9-24,京东,京东POP,250ml方巧(1*24),46,1474.88
2026-9-24,京东,京东POP,250ml三元纯牛奶节庆礼盒-2026中秋（1*18）,5,0
2026-9-24,京东,京东POP,250ml舒释奶（全脂)(1*12),34,676.22
2026-9-24,京东,京东POP,250S极致娟姗纯牛奶250mL*12,9,196.18
2026-9-24,京东,京东POP,250S极致有机纯牛奶250mL*12,1,24.13
2026-9-24,京东,京东POP,常温版极致三代全脂纯牛奶,5,108.52
2026-9-24,京东,京东POP,极小智有机A2纯牛奶200mL*10,17,314.18
2026-9-24,京东,京东POP,极致 3.8g 有机全脂梦幻盖（250ml*12）,19,0
2026-9-24,京东,京东POP,极致 3.8gA2β-酪蛋白全脂梦幻盖（250ml*12）,11,0
2026-9-24,京东,京东POP,极致高品质全脂纯牛奶（250ml*16）,200,5422.16
2026-9-24,京东,京东POP,极致三代低脂纯牛奶（250ml*12）,2,43.49
2026-9-24,京东,京东POP,极致A2精巧装200ml*10,101,1575.47
2026-9-24,京东,京东POP,简卡原味钻酸奶200g*10,4,88.01
2026-9-24,京东,京东POP,三元 芭缔欧冰岛式酸奶巴沙杀菌200g*24盒/箱,475,0
2026-9-24,京东,京东POP,三元3.3g方白纯牛奶（250mL*24）,458,14074.39
2026-9-24,京东,京东POP,三元3.3g方白脱脂无菌砖(250ml*24),36,983.36
2026-9-24,京东,京东POP,三元3.3g全脂纯牛奶无菌砖（200ml*24）卡皮巴拉,100,2863.38
2026-9-24,京东,京东POP,三元3.4g方白纯牛奶(250ml*16),11,0
2026-9-24,京东,京东POP,三元北京纯牛奶全脂（250mL*10）,8,147.98
2026-9-24,京东,京东POP,钻石装极致有机纯牛奶（200ml*10）,202,4129.14
2026-9-24,拼多多,多多买菜,三元3.3g方白脱脂无菌砖(250ml*24),1000,27315.6
2026-9-24,拼多多,拼多多,250ml方巧(1*24),1,32.06
2026-9-24,拼多多,拼多多,250ml舒释奶（全脂)(1*12),20,397.77
2026-9-24,拼多多,拼多多,250S极致娟姗纯牛奶250mL*12,1,21.8
2026-9-24,拼多多,拼多多,极小智有机A2纯牛奶200mL*10,6,110.89
2026-9-24,拼多多,拼多多,极致高品质全脂纯牛奶（250ml*16）,74,2006.2
2026-9-24,拼多多,拼多多,极致A2精巧装200ml*10,7,109.19
2026-9-24,拼多多,拼多多,简卡原味钻酸奶200g*10,3,66.01
2026-9-24,拼多多,拼多多,三元3.3g方白纯牛奶（250mL*24）,94,2888.63
2026-9-24,拼多多,拼多多,三元3.3g方白脱脂无菌砖(250ml*24),1040,28408.22
2026-9-24,拼多多,拼多多,三元3.3g全脂纯牛奶无菌砖（200ml*24）卡皮巴拉,20,572.68
2026-9-24,拼多多,拼多多,三元纯牛奶足球礼盒（250ml*12）,1,21.21
2026-9-24,拼多多,拼多多,三元晚安牛奶（250ml*10）,1,25.98
2026-9-24,拼多多,拼多多,体验装单盒方巧,136,181.69
2026-9-24,拼多多,拼多多,小方白卡皮巴拉脱脂纯牛奶（200mL*24）,8,190.88
2026-9-24,拼多多,拼多多,钻石装极致有机纯牛奶（200ml*10）,9,183.97
2026-9-24,天猫,猫旗,250ml方巧(1*24),13,416.81
2026-9-24,天猫,猫旗,250ml三元纯牛奶节庆礼盒-2026中秋（1*18）,4,0
2026-9-24,天猫,猫旗,250ml舒释奶（全脂)(1*12),4,79.55
2026-9-24,天猫,猫旗,250S极致娟姗纯牛奶250mL*12,20,435.96
2026-9-24,天猫,猫旗,250S极致有机纯牛奶250mL*12,4,96.5
2026-9-24,天猫,猫旗,芭芭农场纸箱,4,0
2026-9-24,天猫,猫旗,芭芭农场DM单,4,0
2026-9-24,天猫,猫旗,北京纯全脂拆单盒,48,88.79
2026-9-24,天猫,猫旗,常温版极致三代全脂纯牛奶,3,65.11
2026-9-24,天猫,猫旗,极小智有机A2纯牛奶200mL*10,18,332.66
2026-9-24,天猫,猫旗,极致 3.8g 有机全脂梦幻盖（250ml*12）,1,0
2026-9-24,天猫,猫旗,极致 3.8gA2β-酪蛋白全脂梦幻盖（250ml*12）,6,0
2026-9-24,天猫,猫旗,极致高品质全脂纯牛奶（250ml*16）,13,352.44
2026-9-24,天猫,猫旗,极致三代低脂纯牛奶（250ml*12）,12,260.91
2026-9-24,天猫,猫旗,极致A2精巧装200ml*10,3,46.8
2026-9-24,天猫,猫旗,简卡原味钻酸奶200g*10,7,154.03
2026-9-24,天猫,猫旗,三元3.3g方白纯牛奶（250mL*24）,268,8235.67
2026-9-24,天猫,猫旗,三元3.3g方白脱脂无菌砖(250ml*24),33,901.41
2026-9-24,天猫,猫旗,三元3.3g全脂纯牛奶无菌砖（200ml*24）卡皮巴拉,8,229.07
2026-9-24,天猫,猫旗,三元北京纯牛奶全脂（250mL*10）,6,110.99
2026-9-24,天猫,猫旗,三元纯牛奶足球礼盒（250ml*12）,1,21.21
2026-9-24,天猫,猫旗,三元晚安牛奶（250ml*10）,3,77.95
2026-9-24,天猫,猫旗,体验装 极致娟姗拆单盒,54,98.09
2026-9-24,天猫,猫旗,体验装 极致A2精巧单盒,42,110.7
2026-9-24,天猫,猫旗,体验装单盒方巧,18,24.05
2026-9-24,天猫,猫旗,体验装单盒特品,102,123.95
2026-9-24,天猫,猫旗,小方白卡皮巴拉脱脂纯牛奶（200mL*24）,8,190.88
2026-9-24,天猫,猫旗,钻石装极致有机纯牛奶（200ml*10）,3,61.32
2026-9-24,小程序及其他,小程序及其他,250ml方巧(1*24),306,9811.13
2026-9-24,小程序及其他,小程序及其他,250ml三元纯牛奶节庆礼盒-2026中秋（1*18）,13,0
2026-9-24,小程序及其他,小程序及其他,250ml舒释奶（全脂)(1*12),5,99.44
2026-9-24,小程序及其他,小程序及其他,250S极致娟姗纯牛奶250mL*12,3,65.39
2026-9-24,小程序及其他,小程序及其他,250S极致有机纯牛奶250mL*12,17,410.14
2026-9-24,小程序及其他,小程序及其他,常温版极致三代全脂纯牛奶,120,2604.47
2026-9-24,小程序及其他,小程序及其他,极小智有机A2纯牛奶200mL*10,10,184.81
2026-9-24,小程序及其他,小程序及其他,极致 3.8g 有机全脂梦幻盖（250ml*12）,7,0
2026-9-24,小程序及其他,小程序及其他,极致 3.8gA2β-酪蛋白全脂梦幻盖（250ml*12）,44,0
2026-9-24,小程序及其他,小程序及其他,极致三代低脂纯牛奶（250ml*12）,179,3891.91
2026-9-24,小程序及其他,小程序及其他,极致A2精巧装200ml*10,965,15052.75
2026-9-24,小程序及其他,小程序及其他,简卡原味钻酸奶200g*10,52,1144.19
2026-9-24,小程序及其他,小程序及其他,三元3.3g方白纯牛奶（250mL*24）,432,13275.4
2026-9-24,小程序及其他,小程序及其他,三元3.3g方白脱脂无菌砖(250ml*24),12,327.79
2026-9-24,小程序及其他,小程序及其他,三元3.3g全脂纯牛奶无菌砖（200ml*24）卡皮巴拉,61,1746.66
2026-9-24,小程序及其他,小程序及其他,三元北京纯牛奶全脂（250mL*10）,6,110.99
2026-9-24,小程序及其他,小程序及其他,三元晚安牛奶（250ml*10）,24,623.62
2026-9-24,小程序及其他,小程序及其他,小方白卡皮巴拉脱脂纯牛奶（200mL*24）,21,501.05
2026-9-24,小程序及其他,小程序及其他,钻石装极致有机纯牛奶（200ml*10）,64,1308.24
2026-9-24,新零售,新零售,250ml三元纯牛奶节庆礼盒-2026中秋（1*18）,1,0
2026-9-24,新零售,新零售,250S极致娟姗纯牛奶250mL*12,11,239.78
2026-9-24,新零售,新零售,极小智有机A2纯牛奶200mL*10,3,55.44
2026-9-24,新零售,新零售,极致 3.8g 有机全脂梦幻盖（250ml*12）,4,0
2026-9-24,新零售,新零售,极致高品质全脂纯牛奶（250ml*16）,6,162.66
2026-9-24,新零售,新零售,极致娟姗全脂苗条砖(250ml*12),89,0
2026-9-24,新零售,新零售,极致三代低脂纯牛奶（250ml*12）,7,152.2
2026-9-24,新零售,新零售,极致三代全脂无菌砖（250ml*12）,768,0
2026-9-24,新零售,新零售,三元3.3g方白纯牛奶（250mL*24）,34,1044.82
2026-9-24,新零售,新零售,三元3.3g方白脱脂无菌砖(250ml*24),9,245.84
2026-9-25,抖音,抖音,250ml方巧(1*24),19,609.19
2026-9-25,抖音,抖音,250ml三元纯牛奶节庆礼盒-2026中秋（1*18）,76,0
2026-9-25,抖音,抖音,250S极致娟姗纯牛奶250mL*12,323,7040.79
2026-9-25,抖音,抖音,常温版极致三代全脂纯牛奶,1,21.7
2026-9-25,抖音,抖音,极小智有机A2纯牛奶200mL*10,4,73.93
2026-9-25,抖音,抖音,极致 3.8g 有机全脂梦幻盖（250ml*12）,10,0
2026-9-25,抖音,抖音,极致高品质全脂纯牛奶（250ml*16）,702,19031.78
2026-9-25,抖音,抖音,极致三代低脂纯牛奶（250ml*12）,19,413.11
2026-9-25,抖音,抖音,极致A2精巧装200ml*10,130,2027.83
2026-9-25,抖音,抖音,简卡原味钻酸奶200g*10,5,110.02
2026-9-25,抖音,抖音,三元3.3g方白纯牛奶（250mL*24）,856,26304.97
2026-9-25,抖音,抖音,三元3.3g方白脱脂无菌砖(250ml*24),29,792.15
2026-9-25,抖音,抖音,三元3.3g全脂纯牛奶无菌砖（200ml*24）卡皮巴拉,20,572.68
2026-9-25,抖音,抖音,三元北京纯牛奶全脂（250mL*10）,9,166.48
2026-9-25,抖音,抖音,三元纯牛奶足球礼盒（250ml*12）,11,233.31
2026-9-25,抖音,抖音,体验装 极致娟姗拆单盒,627,1138.95
2026-9-25,抖音,抖音,听装三元畅倍益益生菌奶粉700g*6,3,0
2026-9-25,抖音,抖音,小方白卡皮巴拉脱脂纯牛奶（200mL*24）,6,143.16
2026-9-25,抖音,抖音,足球礼盒拆单盒,631,0
2026-9-25,京东,京东自营,极致高品质全脂纯牛奶（250ml*16）,718,19465.55
2026-9-25,京东,京东自营,极致三代全脂无菌砖（250ml*12）,200,0
2026-9-25,京东,京东自营,极致有机低脂纯牛奶（200ml*21）,5607,216764.94
2026-9-25,京东,京东自营,极致A2β-酪蛋白全脂无菌砖(200ml*10),3000,0
2026-9-25,京东,京东自营,三元3.3g方白纯牛奶（250mL*24）日常版,21148,0
2026-9-25,京东,京东自营,三元巧克力全脂无菌砖（250ml*24）,1348,0
2026-9-25,京东,京东POP,250ml方巧(1*24),36,1154.25
2026-9-25,京东,京东POP,250ml舒释奶（全脂)(1*12),20,397.77
2026-9-25,京东,京东POP,250S极致娟姗纯牛奶250mL*12,3,65.39
2026-9-25,京东,京东POP,常温版极致三代全脂纯牛奶,4,86.82
2026-9-25,京东,京东POP,极小智有机A2纯牛奶200mL*10,38,702.29
2026-9-25,京东,京东POP,极致 3.8g 有机全脂梦幻盖（250ml*12）,8,0
2026-9-25,京东,京东POP,极致 3.8gA2β-酪蛋白全脂梦幻盖（250ml*12）,3,0
2026-9-25,京东,京东POP,极致高品质全脂纯牛奶（250ml*16）,120,3253.3
2026-9-25,京东,京东POP,极致三代低脂纯牛奶（250ml*12）,5,108.71
2026-9-25,京东,京东POP,极致A2精巧装200ml*10,89,1388.28
2026-9-25,京东,京东POP,简卡原味钻酸奶200g*10,4,88.01
2026-9-25,京东,京东POP,三元 芭缔欧冰岛式酸奶巴沙杀菌200g*24盒/箱,133,0
2026-9-25,京东,京东POP,三元 白盒纯牛奶250ml*12礼盒装,1,0
2026-9-25,京东,京东POP,三元3.3g方白纯牛奶（250mL*24）,177,5439.23
2026-9-25,京东,京东POP,三元3.3g方白脱脂无菌砖(250ml*24),36,983.36
2026-9-25,京东,京东POP,三元3.3g全脂纯牛奶无菌砖（200ml*24）卡皮巴拉,56,1603.49
2026-9-25,京东,京东POP,三元3.4g方白纯牛奶(250ml*16),3,0
2026-9-25,京东,京东POP,三元北京纯牛奶全脂（250mL*10）,8,147.98
2026-9-25,京东,京东POP,钻石装极致有机纯牛奶（200ml*10）,175,3577.23
2026-9-25,拼多多,拼多多,250ml方巧(1*24),1,32.06
2026-9-25,拼多多,拼多多,250ml舒释奶（全脂)(1*12),34,676.22
2026-9-25,拼多多,拼多多,极小智有机A2纯牛奶200mL*10,4,73.93
2026-9-25,拼多多,拼多多,极致高品质全脂纯牛奶（250ml*16）,70,1897.76
2026-9-25,拼多多,拼多多,极致A2精巧装200ml*10,5,77.99
2026-9-25,拼多多,拼多多,简卡原味钻酸奶200g*10,4,88.01
2026-9-25,拼多多,拼多多,三元3.3g方白纯牛奶（250mL*24）,75,2304.76
2026-9-25,拼多多,拼多多,三元3.3g方白脱脂无菌砖(250ml*24),965,26359.55
2026-9-25,拼多多,拼多多,三元3.3g全脂纯牛奶无菌砖（200ml*24）卡皮巴拉,6,171.8
2026-9-25,拼多多,拼多多,三元北京纯牛奶全脂（250mL*10）,6,110.99
2026-9-25,拼多多,拼多多,体验装单盒方巧,88,117.56
2026-9-25,拼多多,拼多多,小方白卡皮巴拉脱脂纯牛奶（200mL*24）,16,381.76
2026-9-25,拼多多,拼多多,钻石装极致有机纯牛奶（200ml*10）,6,122.65
2026-9-25,天猫,猫超,三元3.2g小方枕全脂利乐枕-电商(227ml*16),431,8746.71
2026-9-25,天猫,猫旗,250ml方巧(1*24),8,256.5
2026-9-25,天猫,猫旗,250ml三元纯牛奶节庆礼盒-2026中秋（1*18）,4,0
2026-9-25,天猫,猫旗,250ml舒释奶（全脂)(1*12),6,119.33
2026-9-25,天猫,猫旗,250S极致娟姗纯牛奶250mL*12,18,392.37
2026-9-25,天猫,猫旗,250S极致有机纯牛奶250mL*12,10,241.26
2026-9-25,天猫,猫旗,芭芭农场纸箱,2,0
2026-9-25,天猫,猫旗,芭芭农场DM单,2,0
2026-9-25,天猫,猫旗,常温版极致三代全脂纯牛奶,2,43.41
2026-9-25,天猫,猫旗,极小智有机A2纯牛奶200mL*10,9,166.33
2026-9-25,天猫,猫旗,极致 3.8g 有机全脂梦幻盖（250ml*12）,1,0
2026-9-25,天猫,猫旗,极致 3.8gA2β-酪蛋白全脂梦幻盖（250ml*12）,6,0
2026-9-25,天猫,猫旗,极致高品质全脂纯牛奶（250ml*16）,12,325.33
2026-9-25,天猫,猫旗,极致三代低脂纯牛奶（250ml*12）,5,108.71
2026-9-25,天猫,猫旗,极致A2精巧装200ml*10,11,171.59
2026-9-25,天猫,猫旗,简卡原味钻酸奶200g*10,3,66.01
2026-9-25,天猫,猫旗,三元3.3g方白纯牛奶（250mL*24）,301,9249.76
2026-9-25,天猫,猫旗,三元3.3g方白脱脂无菌砖(250ml*24),37,1010.68
2026-9-25,天猫,猫旗,三元3.3g全脂纯牛奶无菌砖（200ml*24）卡皮巴拉,7,200.44
2026-9-25,天猫,猫旗,三元北京纯牛奶全脂（250mL*10）,8,147.98
2026-9-25,天猫,猫旗,三元纯牛奶足球礼盒（250ml*12）,5,106.05
2026-9-25,天猫,猫旗,三元晚安牛奶（250ml*10）,2,51.97
2026-9-25,天猫,猫旗,体验装 极全单盒,6,10.17
2026-9-25,天猫,猫旗,体验装 极致娟姗拆单盒,24,43.6
2026-9-25,天猫,猫旗,体验装 极致A2精巧单盒,24,63.26
2026-9-25,天猫,猫旗,体验装单盒方巧,60,80.16
2026-9-25,天猫,猫旗,体验装单盒特品,108,131.24
2026-9-25,天猫,猫旗,小方白卡皮巴拉脱脂纯牛奶（200mL*24）,5,119.3
2026-9-25,小程序及其他,小程序及其他,250ml方巧(1*24),353,11318.06
2026-9-25,小程序及其他,小程序及其他,250ml三元纯牛奶节庆礼盒-2026中秋（1*18）,17,0
2026-9-25,小程序及其他,小程序及其他,250ml舒释奶（全脂)(1*12),2,39.78
2026-9-25,小程序及其他,小程序及其他,250S极致娟姗纯牛奶250mL*12,1,21.8
2026-9-25,小程序及其他,小程序及其他,250S极致有机纯牛奶250mL*12,9,217.13
2026-9-25,小程序及其他,小程序及其他,常温版极致三代全脂纯牛奶,73,1584.38
2026-9-25,小程序及其他,小程序及其他,极小智有机A2纯牛奶200mL*10,10,184.81
2026-9-25,小程序及其他,小程序及其他,极致 3.8g 有机全脂梦幻盖（250ml*12）,11,0
2026-9-25,小程序及其他,小程序及其他,极致 3.8gA2β-酪蛋白全脂梦幻盖（250ml*12）,57,0
2026-9-25,小程序及其他,小程序及其他,极致三代低脂纯牛奶（250ml*12）,141,3065.69
2026-9-25,小程序及其他,小程序及其他,极致A2精巧装200ml*10,218,3400.52
2026-9-25,小程序及其他,小程序及其他,简卡原味钻酸奶200g*10,23,506.09
2026-9-25,小程序及其他,小程序及其他,三元3.3g方白纯牛奶（250mL*24）,242,7436.68
2026-9-25,小程序及其他,小程序及其他,三元3.3g方白脱脂无菌砖(250ml*24),5,136.58
2026-9-25,小程序及其他,小程序及其他,三元3.3g全脂纯牛奶无菌砖（200ml*24）卡皮巴拉,41,1173.99
2026-9-25,小程序及其他,小程序及其他,三元北京纯牛奶全脂（250mL*10）,2,37
2026-9-25,小程序及其他,小程序及其他,三元晚安牛奶（250ml*10）,16,415.75
2026-9-25,小程序及其他,小程序及其他,小方白卡皮巴拉脱脂纯牛奶（200mL*24）,11,262.46
2026-9-25,小程序及其他,小程序及其他,钻石装极致有机纯牛奶（200ml*10）,19,388.38
2026-9-25,新零售,新零售,极小智有机A2纯牛奶200mL*10,2,36.96
2026-9-25,新零售,新零售,极致高品质全脂纯牛奶（250ml*16）,4,108.44
2026-9-25,新零售,新零售,极致三代低脂纯牛奶（250ml*12）,8,173.94
2026-9-25,新零售,新零售,极致三代全脂无菌砖（250ml*12）,800,0
2026-9-25,新零售,新零售,极致A2β-酪蛋白全脂无菌砖(200ml*10),3000,0
2026-9-25,新零售,新零售,三元3.2g小方枕全脂利乐枕-电商(227ml*16),2569,52135.29
2026-9-25,新零售,新零售,三元3.3g方白纯牛奶（250mL*24）,20,614.6
2026-9-25,新零售,新零售,三元3.3g方白纯牛奶（250mL*24）日常版,3808,0
2026-9-25,新零售,新零售,三元3.3g方白全脂无菌砖(200ml*24),2549,0
2026-9-25,新零售,新零售,三元3.3g方白脱脂无菌砖(250ml*24),4,109.26
2026-9-25,新零售,新零售,三元3.3g全脂纯牛奶无菌砖（200ml*24）卡皮巴拉,423,12112.1
2026-9-25,新零售,新零售,三元巧克力全脂无菌砖（250ml*24）,1652,0
2026-9-25,新零售,新零售,三元有机3.4g全脂苗条砖纯牛奶（200mL*10）,690,0
2026-9-26,抖音,抖音,250ml方巧(1*24),8,256.5
2026-9-26,抖音,抖音,250ml三元纯牛奶节庆礼盒-2026中秋（1*18）,58,0
2026-9-26,抖音,抖音,250S极致娟姗纯牛奶250mL*12,207,4512.21
2026-9-26,抖音,抖音,极小智有机A2纯牛奶200mL*10,2,36.96
2026-9-26,抖音,抖音,极致 3.8g 有机全脂梦幻盖（250ml*12）,14,0
2026-9-26,抖音,抖音,极致高品质全脂纯牛奶（250ml*16）,753,20414.43
2026-9-26,抖音,抖音,极致三代低脂纯牛奶（250ml*12）,23,500.08
2026-9-26,抖音,抖音,极致A2精巧装200ml*10,135,2105.82
2026-9-26,抖音,抖音,简卡原味钻酸奶200g*10,6,132.02
2026-9-26,抖音,抖音,三元3.3g方白纯牛奶（250mL*24）,890,27349.79
2026-9-26,抖音,抖音,三元3.3g方白脱脂无菌砖(250ml*24),38,1037.99
2026-9-26,抖音,抖音,三元3.3g全脂纯牛奶无菌砖（200ml*24）卡皮巴拉,4,114.54
2026-9-26,抖音,抖音,三元北京纯牛奶全脂（250mL*10）,11,203.48
2026-9-26,抖音,抖音,三元纯牛奶足球礼盒（250ml*12）,11,233.31
2026-9-26,抖音,抖音,体验装 极致娟姗拆单盒,591,1073.56
2026-9-26,抖音,抖音,听装三元畅倍益益生菌奶粉700g*6,22,0
2026-9-26,抖音,抖音,小方白卡皮巴拉脱脂纯牛奶（200mL*24）,2,47.72
2026-9-26,抖音,抖音,足球礼盒拆单盒,651,0
2026-9-26,京东,京东自营,三元3.2g小方枕全脂利乐枕-电商(227ml*16),2000,40588
2026-9-26,京东,京东自营,三元轻酸奶芭乐桃桃(200g*10),500,0
2026-9-26,京东,京东自营,三元轻酸奶经典原味(200g*12),1000,0
2026-9-26,京东,京东自营,三元轻酸奶咸酪椰椰(200g*10),500,0
2026-9-26,京东,京东自营,钻石包极致有机纯牛奶（200ml*21）,5004,181434.53
2026-9-26,京东,京东POP,250ml方巧(1*24),47,1506.94
2026-9-26,京东,京东POP,250ml三元纯牛奶节庆礼盒-2026中秋（1*18）,4,0
2026-9-26,京东,京东POP,250ml舒释奶（全脂)(1*12),28,556.88
2026-9-26,京东,京东POP,250S极致娟姗纯牛奶250mL*12,1,21.8
2026-9-26,京东,京东POP,250S极致有机纯牛奶250mL*12,3,72.38
2026-9-26,京东,京东POP,常温版极致三代全脂纯牛奶,5,108.52
2026-9-26,京东,京东POP,极小智有机A2纯牛奶200mL*10,12,221.78
2026-9-26,京东,京东POP,极致 3.8g 有机全脂梦幻盖（250ml*12）,11,0
2026-9-26,京东,京东POP,极致高品质全脂纯牛奶（250ml*16）,213,5774.6
2026-9-26,京东,京东POP,极致三代低脂纯牛奶（250ml*12）,5,108.71
2026-9-26,京东,京东POP,极致A2精巧装200ml*10,73,1138.71
2026-9-26,京东,京东POP,简卡原味钻酸奶200g*10,3,66.01
2026-9-26,京东,京东POP,三元 芭缔欧冰岛式酸奶巴沙杀菌200g*24盒/箱,6,0
2026-9-26,京东,京东POP,三元3.3g方白纯牛奶（250mL*24）,199,6115.29
2026-9-26,京东,京东POP,三元3.3g方白脱脂无菌砖(250ml*24),38,1037.99
2026-9-26,京东,京东POP,三元3.3g全脂纯牛奶无菌砖（200ml*24）卡皮巴拉,81,2319.34
2026-9-26,京东,京东POP,三元3.4g方白纯牛奶(250ml*16),7,0
2026-9-26,京东,京东POP,三元北京纯牛奶全脂（250mL*10）,4,73.99
2026-9-26,京东,京东POP,钻石装极致有机纯牛奶（200ml*10）,229,4681.06
2026-9-26,拼多多,拼多多,250ml方巧(1*24),1,32.06
2026-9-26,拼多多,拼多多,250ml舒释奶（全脂)(1*12),26,517.11
2026-9-26,拼多多,拼多多,极小智有机A2纯牛奶200mL*10,2,36.96
2026-9-26,拼多多,拼多多,极致高品质全脂纯牛奶（250ml*16）,44,1192.88
2026-9-26,拼多多,拼多多,简卡原味钻酸奶200g*10,2,44.01
2026-9-26,拼多多,拼多多,三元3.3g方白纯牛奶（250mL*24）,79,2427.68
2026-9-26,拼多多,拼多多,三元3.3g方白脱脂无菌砖(250ml*24),904,24693.3
2026-9-26,拼多多,拼多多,三元3.3g全脂纯牛奶无菌砖（200ml*24）卡皮巴拉,6,171.8
2026-9-26,拼多多,拼多多,三元北京纯牛奶全脂（250mL*10）,7,129.48
2026-9-26,拼多多,拼多多,三元晚安牛奶（250ml*10）,5,129.92
2026-9-26,拼多多,拼多多,体验装单盒方巧,88,117.56
2026-9-26,拼多多,拼多多,小方白卡皮巴拉脱脂纯牛奶（200mL*24）,29,691.93
2026-9-26,拼多多,拼多多,钻石装极致有机纯牛奶（200ml*10）,6,122.65
2026-9-26,天猫,猫超,三元3.2g小方枕全脂利乐枕-电商(227ml*16),1136,23053.98
2026-9-26,天猫,猫旗,250ml方巧(1*24),10,320.63
2026-9-26,天猫,猫旗,250ml三元纯牛奶节庆礼盒-2026中秋（1*18）,15,0
2026-9-26,天猫,猫旗,250ml舒释奶（全脂)(1*12),8,159.11
2026-9-26,天猫,猫旗,250S极致娟姗纯牛奶250mL*12,10,217.98
2026-9-26,天猫,猫旗,250S极致有机纯牛奶250mL*12,4,96.5
2026-9-26,天猫,猫旗,芭芭农场纸箱,2,0
2026-9-26,天猫,猫旗,芭芭农场DM单,2,0
2026-9-26,天猫,猫旗,常温版极致三代全脂纯牛奶,3,65.11
2026-9-26,天猫,猫旗,极小智有机A2纯牛奶200mL*10,14,258.74
2026-9-26,天猫,猫旗,极致 3.8g 有机全脂梦幻盖（250ml*12）,5,0
2026-9-26,天猫,猫旗,极致高品质全脂纯牛奶（250ml*16）,12,325.33
2026-9-26,天猫,猫旗,极致三代低脂纯牛奶（250ml*12）,15,326.14
2026-9-26,天猫,猫旗,极致A2精巧装200ml*10,9,140.39
2026-9-26,天猫,猫旗,简卡原味钻酸奶200g*10,7,154.03
2026-9-26,天猫,猫旗,三元3.3g方白纯牛奶（250mL*24）,203,6238.21
2026-9-26,天猫,猫旗,三元3.3g方白脱脂无菌砖(250ml*24),51,1393.1
2026-9-26,天猫,猫旗,三元3.3g全脂纯牛奶无菌砖（200ml*24）卡皮巴拉,4,114.54
2026-9-26,天猫,猫旗,三元北京纯牛奶全脂（250mL*10）,8,147.98
2026-9-26,天猫,猫旗,三元纯牛奶足球礼盒（250ml*12）,1,21.21
2026-9-26,天猫,猫旗,三元晚安牛奶（250ml*10）,1,25.98
2026-9-26,天猫,猫旗,体验装 极致娟姗拆单盒,42,76.29
2026-9-26,天猫,猫旗,体验装 极致A2精巧单盒,60,158.15
2026-9-26,天猫,猫旗,体验装单盒方巧,54,72.14
2026-9-26,天猫,猫旗,体验装单盒特品,126,153.11
2026-9-26,天猫,猫旗,小方白卡皮巴拉脱脂纯牛奶（200mL*24）,4,95.44
2026-9-26,小程序及其他,小程序及其他,250ml方巧(1*24),247,7919.44
2026-9-26,小程序及其他,小程序及其他,250ml三元纯牛奶节庆礼盒-2026中秋（1*18）,13,0
2026-9-26,小程序及其他,小程序及其他,250ml舒释奶（全脂)(1*12),3,59.67
2026-9-26,小程序及其他,小程序及其他,250S极致娟姗纯牛奶250mL*12,2,43.6
2026-9-26,小程序及其他,小程序及其他,250S极致有机纯牛奶250mL*12,12,289.51
2026-9-26,小程序及其他,小程序及其他,常温版极致三代全脂纯牛奶,341,7401.03
2026-9-26,小程序及其他,小程序及其他,极小智有机A2纯牛奶200mL*10,10,184.81
2026-9-26,小程序及其他,小程序及其他,极致 3.8g 有机全脂梦幻盖（250ml*12）,9,0
2026-9-26,小程序及其他,小程序及其他,极致 3.8gA2β-酪蛋白全脂梦幻盖（250ml*12）,46,0
2026-9-26,小程序及其他,小程序及其他,极致三代低脂纯牛奶（250ml*12）,169,3674.48
2026-9-26,小程序及其他,小程序及其他,极致A2精巧装200ml*10,192,2994.95
2026-9-26,小程序及其他,小程序及其他,简卡原味钻酸奶200g*10,48,1056.18
2026-9-26,小程序及其他,小程序及其他,三元3.3g方白纯牛奶（250mL*24）,328,10079.47
2026-9-26,小程序及其他,小程序及其他,三元3.3g方白脱脂无菌砖(250ml*24),9,245.84
2026-9-26,小程序及其他,小程序及其他,三元3.3g全脂纯牛奶无菌砖（200ml*24）卡皮巴拉,79,2262.07
2026-9-26,小程序及其他,小程序及其他,三元晚安牛奶（250ml*10）,20,519.69
2026-9-26,小程序及其他,小程序及其他,小方白卡皮巴拉脱脂纯牛奶（200mL*24）,8,190.88
2026-9-26,小程序及其他,小程序及其他,钻石装极致有机纯牛奶（200ml*10）,50,1022.07
2026-9-26,新零售,新零售,极致 3.8g 有机全脂梦幻盖（250ml*12）,2,0
2026-9-26,新零售,新零售,极致高品质全脂纯牛奶（250ml*16）,6,162.66
2026-9-26,新零售,新零售,极致三代低脂纯牛奶（250ml*12）,2,43.49
2026-9-26,新零售,新零售,三元3.2g小方枕全脂利乐枕-电商(227ml*16),864,17534.02
2026-9-26,新零售,新零售,三元3.3g方白纯牛奶（250mL*24）,11,338.03
2026-9-26,新零售,新零售,三元3.3g方白脱脂无菌砖(250ml*24),7,191.21
2026-9-26,新零售,新零售,三元3.3g全脂纯牛奶无菌砖（200ml*24）卡皮巴拉,2900,83038.02
2026-9-26,新零售,新零售,钻石包极致有机纯牛奶（200ml*21）,500,18128.95
2026-9-27,抖音,抖音,250ml方巧(1*24),6,192.38
2026-9-27,抖音,抖音,250ml三元纯牛奶节庆礼盒-2026中秋（1*18）,68,0
2026-9-27,抖音,抖音,250S极致娟姗纯牛奶250mL*12,624,13602.01
2026-9-27,抖音,抖音,常温版极致三代全脂纯牛奶,7,151.93
2026-9-27,抖音,抖音,极小智有机A2纯牛奶200mL*10,3,55.44
2026-9-27,抖音,抖音,极致 3.8g 有机全脂梦幻盖（250ml*12）,10,0
2026-9-27,抖音,抖音,极致高品质全脂纯牛奶（250ml*16）,813,22041.08
2026-9-27,抖音,抖音,极致三代低脂纯牛奶（250ml*12）,5,108.71
2026-9-27,抖音,抖音,极致A2精巧装200ml*10,89,1388.28
2026-9-27,抖音,抖音,简卡原味钻酸奶200g*10,6,132.02
2026-9-27,抖音,抖音,三元3.3g方白纯牛奶（250mL*24）,862,26489.35
2026-9-27,抖音,抖音,三元3.3g方白脱脂无菌砖(250ml*24),18,491.68
2026-9-27,抖音,抖音,三元3.3g全脂纯牛奶无菌砖（200ml*24）卡皮巴拉,17,486.77
2026-9-27,抖音,抖音,三元北京纯牛奶全脂（250mL*10）,13,240.47
2026-9-27,抖音,抖音,三元纯牛奶足球礼盒（250ml*12）,12,254.52
2026-9-27,抖音,抖音,体验装 极致娟姗拆单盒,506,919.15
2026-9-27,抖音,抖音,听装三元畅倍益益生菌奶粉700g*6,35,0
2026-9-27,抖音,抖音,足球礼盒拆单盒,628,0
2026-9-27,京东,京东自营,极致4.0高蛋白纯牛奶250mL*24,3595,187174.75
2026-9-27,京东,京东自营,三元3.3g方白纯牛奶（250mL*24）日常版,1616,0
2026-9-27,京东,京东自营,三元高钙全脂无菌砖(250ml*20),4000,0
2026-9-27,京东,京东自营,钻石包极致有机纯牛奶（200ml*21）,3457,125343.56
2026-9-27,京东,京东POP,250ml方巧(1*24),75,2404.69
2026-9-27,京东,京东POP,250ml舒释奶（全脂)(1*12),29,576.77
2026-9-27,京东,京东POP,250S极致娟姗纯牛奶250mL*12,2,43.6
2026-9-27,京东,京东POP,250S极致有机纯牛奶250mL*12,2,48.25
2026-9-27,京东,京东POP,常温版极致三代全脂纯牛奶,1,21.7
2026-9-27,京东,京东POP,极小智有机A2纯牛奶200mL*10,21,388.11
2026-9-27,京东,京东POP,极致 3.8g 有机全脂梦幻盖（250ml*12）,18,0
2026-9-27,京东,京东POP,极致高品质全脂纯牛奶（250ml*16）,486,13175.85
2026-9-27,京东,京东POP,极致三代低脂纯牛奶（250ml*12）,8,173.94
2026-9-27,京东,京东POP,极致A2精巧装200ml*10,65,1013.92
2026-9-27,京东,京东POP,简卡原味钻酸奶200g*10,3,66.01
2026-9-27,京东,京东POP,三元 白盒纯牛奶250ml*12礼盒装,1,0
2026-9-27,京东,京东POP,三元3.3g方白纯牛奶（250mL*24）,143,4394.4
2026-9-27,京东,京东POP,三元3.3g方白脱脂无菌砖(250ml*24),31,846.78
2026-9-27,京东,京东POP,三元3.3g全脂纯牛奶无菌砖（200ml*24）卡皮巴拉,87,2491.14
2026-9-27,京东,京东POP,三元3.4g方白纯牛奶(250ml*16),15,0
2026-9-27,京东,京东POP,三元北京纯牛奶全脂（250mL*10）,7,129.48
2026-9-27,京东,京东POP,三元纯牛奶足球礼盒（250ml*12）,2,42.42
2026-9-27,京东,京东POP,体验装单盒方巧,4,5.34
2026-9-27,京东,京东POP,钻石装极致有机纯牛奶（200ml*10）,185,3781.64
2026-9-27,拼多多,多多买菜,三元3.2g小方枕全脂利乐枕-电商(227ml*16),1000,20294
2026-9-27,拼多多,多多买菜,三元3.3g方白脱脂无菌砖(250ml*24),1000,27315.6
2026-9-27,拼多多,多多买菜,三元高钙全脂无菌砖(250ml*20),1000,0
2026-9-27,拼多多,拼多多,250ml方巧(1*24),4,128.25
2026-9-27,拼多多,拼多多,250ml舒释奶（全脂)(1*12),20,397.77
2026-9-27,拼多多,拼多多,常温版极致三代全脂纯牛奶,1,21.7
2026-9-27,拼多多,拼多多,极小智有机A2纯牛奶200mL*10,4,73.93
2026-9-27,拼多多,拼多多,极致 3.8g 有机全脂梦幻盖（250ml*12）,2,0
2026-9-27,拼多多,拼多多,极致高品质全脂纯牛奶（250ml*16）,63,1707.98
2026-9-27,拼多多,拼多多,极致A2精巧装200ml*10,5,77.99
2026-9-27,拼多多,拼多多,简卡原味钻酸奶200g*10,2,44.01
2026-9-27,拼多多,拼多多,三元3.3g方白纯牛奶（250mL*24）,94,2888.63
2026-9-27,拼多多,拼多多,三元3.3g方白脱脂无菌砖(250ml*24),1106,30211.05
2026-9-27,拼多多,拼多多,三元晚安牛奶（250ml*10）,2,51.97
2026-9-27,拼多多,拼多多,体验装单盒方巧,96,128.25
2026-9-27,拼多多,拼多多,小方白卡皮巴拉脱脂纯牛奶（200mL*24）,8,190.88
2026-9-27,拼多多,拼多多,钻石装极致有机纯牛奶（200ml*10）,6,122.65
2026-9-27,天猫,猫超,三元3.3g方白脱脂无菌砖(250ml*24),2720,74298.43
2026-9-27,天猫,猫旗,250ml方巧(1*24),10,320.63
2026-9-27,天猫,猫旗,250ml三元纯牛奶节庆礼盒-2026中秋（1*18）,11,0
2026-9-27,天猫,猫旗,250ml舒释奶（全脂)(1*12),6,119.33
2026-9-27,天猫,猫旗,250S极致娟姗纯牛奶250mL*12,18,392.37
2026-9-27,天猫,猫旗,250S极致有机纯牛奶250mL*12,5,120.63
2026-9-27,天猫,猫旗,芭芭农场纸箱,2,0
2026-9-27,天猫,猫旗,芭芭农场DM单,2,0
2026-9-27,天猫,猫旗,常温版极致三代全脂纯牛奶,3,65.11
2026-9-27,天猫,猫旗,极小智有机A2纯牛奶200mL*10,17,314.18
2026-9-27,天猫,猫旗,极致 3.8g 有机全脂梦幻盖（250ml*12）,4,0
2026-9-27,天猫,猫旗,极致高品质全脂纯牛奶（250ml*16）,14,379.55
2026-9-27,天猫,猫旗,极致三代低脂纯牛奶（250ml*12）,2,43.49
2026-9-27,天猫,猫旗,极致A2精巧装200ml*10,12,187.18
2026-9-27,天猫,猫旗,简卡原味钻酸奶200g*10,5,110.02
2026-9-27,天猫,猫旗,三元3.3g方白纯牛奶（250mL*24）,223,6852.81
2026-9-27,天猫,猫旗,三元3.3g方白脱脂无菌砖(250ml*24),45,1229.2
2026-9-27,天猫,猫旗,三元3.3g全脂纯牛奶无菌砖（200ml*24）卡皮巴拉,6,171.8
2026-9-27,天猫,猫旗,三元北京纯牛奶全脂（250mL*10）,11,203.48
2026-9-27,天猫,猫旗,三元晚安牛奶（250ml*10）,6,155.91
2026-9-27,天猫,猫旗,体验装 极全单盒,6,10.17
2026-9-27,天猫,猫旗,体验装 极致娟姗拆单盒,54,98.09
2026-9-27,天猫,猫旗,体验装 极致A2精巧单盒,36,94.89
2026-9-27,天猫,猫旗,体验装 特品脱脂拆单盒,6,5.96
2026-9-27,天猫,猫旗,体验装单盒方巧,24,32.06
2026-9-27,天猫,猫旗,体验装单盒特品,84,102.07
2026-9-27,天猫,猫旗,小方白卡皮巴拉脱脂纯牛奶（200mL*24）,7,167.02
2026-9-27,天猫,猫旗,钻石装极致有机纯牛奶（200ml*10）,3,61.32
2026-9-27,小程序及其他,小程序及其他,250ml方巧(1*24),150,4809.38
2026-9-27,小程序及其他,小程序及其他,250ml三元纯牛奶节庆礼盒-2026中秋（1*18）,13,0
2026-9-27,小程序及其他,小程序及其他,250ml舒释奶（全脂)(1*12),2,39.78
2026-9-27,小程序及其他,小程序及其他,250S极致娟姗纯牛奶250mL*12,4,87.19
2026-9-27,小程序及其他,小程序及其他,250S极致有机纯牛奶250mL*12,13,313.64
2026-9-27,小程序及其他,小程序及其他,常温版极致三代全脂纯牛奶,258,5599.61
2026-9-27,小程序及其他,小程序及其他,极小智有机A2纯牛奶200mL*10,3,55.44
2026-9-27,小程序及其他,小程序及其他,极致高品质全脂纯牛奶（250ml*16）,2,54.22
2026-9-27,小程序及其他,小程序及其他,极致三代低脂纯牛奶（250ml*12）,118,2565.61
2026-9-27,小程序及其他,小程序及其他,极致A2精巧装200ml*10,168,2620.58
2026-9-27,小程序及其他,小程序及其他,简卡原味钻酸奶200g*10,39,858.14
2026-9-27,小程序及其他,小程序及其他,三元3.3g方白纯牛奶（250mL*24）,408,12537.88
2026-9-27,小程序及其他,小程序及其他,三元3.3g方白脱脂无菌砖(250ml*24),2,54.63
2026-9-27,小程序及其他,小程序及其他,三元3.3g全脂纯牛奶无菌砖（200ml*24）卡皮巴拉,95,2720.21
2026-9-27,小程序及其他,小程序及其他,三元北京纯牛奶全脂（250mL*10）,2,37
2026-9-27,小程序及其他,小程序及其他,三元晚安牛奶（250ml*10）,20,519.69
2026-9-27,小程序及其他,小程序及其他,小方白卡皮巴拉脱脂纯牛奶（200mL*24）,18,429.47
2026-9-27,小程序及其他,小程序及其他,钻石装极致有机纯牛奶（200ml*10）,30,613.24
2026-9-27,新零售,新零售,250S极致娟姗纯牛奶250mL*12,4,87.19
2026-9-27,新零售,新零售,极小智有机A2纯牛奶200mL*10,5,92.41
2026-9-27,新零售,新零售,极致 3.8g 有机全脂梦幻盖（250ml*12）,2,0
2026-9-27,新零售,新零售,极致4.0高蛋白纯牛奶250mL*24,156,8122.19
2026-9-27,新零售,新零售,极致高品质全脂纯牛奶（250ml*16）,4,108.44
2026-9-27,新零售,新零售,极致三代低脂纯牛奶（250ml*12）,2,43.49
2026-9-27,新零售,新零售,极致三代低脂无菌砖(250ml*12),460,0
2026-9-27,新零售,新零售,三元3.2g小方枕全脂利乐枕-电商(227ml*16),2569,52135.29
2026-9-27,新零售,新零售,三元3.3g方白纯牛奶（250mL*24）,11,338.03
2026-9-27,新零售,新零售,三元3.3g方白纯牛奶（250mL*24）日常版,8324,0
2026-9-27,新零售,新零售,三元3.3g方白脱脂无菌砖(250ml*24),1283,35045.91
2026-9-27,新零售,新零售,三元3.3g全脂纯牛奶无菌砖（200ml*24）卡皮巴拉,76,2176.17
2026-9-27,新零售,新零售,三元有机3.4g全脂苗条砖纯牛奶（200mL*10）,7156,0
2026-9-28,抖音,抖音,250ml方巧(1*24),13,416.81
2026-9-28,抖音,抖音,250ml三元纯牛奶节庆礼盒-2026中秋（1*18）,34,0
2026-9-28,抖音,抖音,250S极致娟姗纯牛奶250mL*12,261,5689.3
2026-9-28,抖音,抖音,常温版极致三代全脂纯牛奶,3,65.11
2026-9-28,抖音,抖音,极小智有机A2纯牛奶200mL*10,9,166.33
2026-9-28,抖音,抖音,极致 3.8g 有机全脂梦幻盖（250ml*12）,12,0
2026-9-28,抖音,抖音,极致高品质全脂纯牛奶（250ml*16）,996,27002.36
2026-9-28,抖音,抖音,极致三代低脂纯牛奶（250ml*12）,19,413.11
2026-9-28,抖音,抖音,极致A2精巧装200ml*10,97,1513.07
2026-9-28,抖音,抖音,简卡原味钻酸奶200g*10,3,66.01
2026-9-28,抖音,抖音,三元3.3g方白纯牛奶（250mL*24）,974,29931.12
2026-9-28,抖音,抖音,三元3.3g方白脱脂无菌砖(250ml*24),17,464.37
2026-9-28,抖音,抖音,三元3.3g全脂纯牛奶无菌砖（200ml*24）卡皮巴拉,20,572.68
2026-9-28,抖音,抖音,三元北京纯牛奶全脂（250mL*10）,21,388.45
2026-9-28,抖音,抖音,三元纯牛奶足球礼盒（250ml*12）,9,190.89
2026-9-28,抖音,抖音,体验装 极致娟姗拆单盒,804,1460.47
2026-9-28,抖音,抖音,听装三元畅倍益益生菌奶粉700g*6,9,0
2026-9-28,抖音,抖音,小方白卡皮巴拉脱脂纯牛奶（200mL*24）,4,95.44
2026-9-28,抖音,抖音,足球礼盒拆单盒,904,0
2026-9-28,抖音,抖音,钻石装极致有机纯牛奶（200ml*10）,3,61.32
2026-9-28,京东,京东自营,冰岛式酸奶（200g*24）,5613,251667.84
2026-9-28,京东,京东自营,极致高品质全脂纯牛奶（250ml*16）,7564,205066.09
2026-9-28,京东,京东自营,极致三代全脂无菌砖（250ml*12）,2400,0
2026-9-28,京东,京东自营,三元3.3g方白纯牛奶（250mL*24）日常版,11052,0
2026-9-28,京东,京东自营,三元3.3g方白脱脂无菌砖(250ml*24),4633,126553.17
2026-9-28,京东,京东POP,250ml方巧(1*24),68,2180.25
2026-9-28,京东,京东POP,250ml三元纯牛奶节庆礼盒-2026中秋（1*18）,3,0
2026-9-28,京东,京东POP,250ml舒释奶（全脂)(1*12),23,457.44
2026-9-28,京东,京东POP,250S极致娟姗纯牛奶250mL*12,5,108.99
2026-9-28,京东,京东POP,250S极致有机纯牛奶250mL*12,1,24.13
2026-9-28,京东,京东POP,常温版极致三代全脂纯牛奶,2,43.41
2026-9-28,京东,京东POP,极小智有机A2纯牛奶200mL*10,43,794.7
2026-9-28,京东,京东POP,极致 3.8g 有机全脂梦幻盖（250ml*12）,7,0
2026-9-28,京东,京东POP,极致高品质全脂纯牛奶（250ml*16）,244,6615.04
2026-9-28,京东,京东POP,极致三代低脂纯牛奶（250ml*12）,4,86.97
2026-9-28,京东,京东POP,极致A2精巧装200ml*10,180,2807.77
2026-9-28,京东,京东POP,简卡原味钻酸奶200g*10,1,22
2026-9-28,京东,京东POP,三元 白盒纯牛奶250ml*12礼盒装,1,0
2026-9-28,京东,京东POP,三元3.3g方白纯牛奶（250mL*24）,160,4916.82
2026-9-28,京东,京东POP,三元3.3g方白脱脂无菌砖(250ml*24),22,600.94
2026-9-28,京东,京东POP,三元3.3g全脂纯牛奶无菌砖（200ml*24）卡皮巴拉,78,2233.44
2026-9-28,京东,京东POP,三元3.4g方白纯牛奶(250ml*16),7,0
2026-9-28,京东,京东POP,三元北京纯牛奶全脂（250mL*10）,15,277.47
2026-9-28,京东,京东POP,钻石装极致有机纯牛奶（200ml*10）,206,4210.91
2026-9-28,拼多多,多多买菜,三元白奶全脂百利包(200ml*16),800,0
2026-9-28,拼多多,拼多多,250ml方巧(1*24),3,96.19
2026-9-28,拼多多,拼多多,250ml舒释奶（全脂)(1*12),22,437.55
2026-9-28,拼多多,拼多多,常温版极致三代全脂纯牛奶,1,21.7
2026-9-28,拼多多,拼多多,极小智有机A2纯牛奶200mL*10,5,92.41
2026-9-28,拼多多,拼多多,极致高品质全脂纯牛奶（250ml*16）,55,1491.09
2026-9-28,拼多多,拼多多,极致A2精巧装200ml*10,3,46.8
2026-9-28,拼多多,拼多多,三元3.3g方白纯牛奶（250mL*24）,106,3257.39
2026-9-28,拼多多,拼多多,三元3.3g方白脱脂无菌砖(250ml*24),1071,29255.01
2026-9-28,拼多多,拼多多,三元北京纯牛奶全脂（250mL*10）,3,55.49
2026-9-28,拼多多,拼多多,三元晚安牛奶（250ml*10）,1,25.98
2026-9-28,拼多多,拼多多,体验装单盒方巧,152,203.06
2026-9-28,拼多多,拼多多,小方白卡皮巴拉脱脂纯牛奶（200mL*24）,13,310.18
2026-9-28,拼多多,拼多多,钻石装极致有机纯牛奶（200ml*10）,15,306.62
2026-9-28,天猫,猫超,冰岛式酸奶（200g*24）,320,14347.71
2026-9-28,天猫,猫超,极致A2β-酪蛋白全脂无菌砖(200ml*10),454,0
2026-9-28,天猫,猫超,三元3.2g小方枕全脂利乐枕-电商(227ml*16),50,1014.7
2026-9-28,天猫,猫超,三元3.3g方白纯牛奶（250mL*24）日常版,118,0
2026-9-28,天猫,猫超,三元3.3g方白脱脂无菌砖(250ml*24),467,12756.39
2026-9-28,天猫,猫超,三元高钙全脂无菌砖(250ml*20),277,0
2026-9-28,天猫,猫旗,250ml方巧(1*24),14,448.88
2026-9-28,天猫,猫旗,250ml三元纯牛奶节庆礼盒-2026中秋（1*18）,5,0
2026-9-28,天猫,猫旗,250S极致娟姗纯牛奶250mL*12,16,348.77
2026-9-28,天猫,猫旗,250S极致有机纯牛奶250mL*12,17,410.14
2026-9-28,天猫,猫旗,芭芭农场纸箱,1,0
2026-9-28,天猫,猫旗,芭芭农场DM单,1,0
2026-9-28,天猫,猫旗,常温版极致三代全脂纯牛奶,5,108.52
2026-9-28,天猫,猫旗,极小智有机A2纯牛奶200mL*10,29,535.96
2026-9-28,天猫,猫旗,极致 3.8g 有机全脂梦幻盖（250ml*12）,2,0
2026-9-28,天猫,猫旗,极致高品质全脂纯牛奶（250ml*16）,18,487.99
2026-9-28,天猫,猫旗,极致三代低脂纯牛奶（250ml*12）,7,152.2
2026-9-28,天猫,猫旗,极致A2精巧装200ml*10,23,358.77
2026-9-28,天猫,猫旗,简卡原味钻酸奶200g*10,4,88.01
2026-9-28,天猫,猫旗,三元3.3g方白纯牛奶（250mL*24）,256,7866.91
2026-9-28,天猫,猫旗,三元3.3g方白脱脂无菌砖(250ml*24),40,1092.62
2026-9-28,天猫,猫旗,三元3.3g全脂纯牛奶无菌砖（200ml*24）卡皮巴拉,8,229.07
2026-9-28,天猫,猫旗,三元北京纯牛奶全脂（250mL*10）,6,110.99
2026-9-28,天猫,猫旗,三元晚安牛奶（250ml*10）,2,51.97
2026-9-28,天猫,猫旗,体验装 极致娟姗拆单盒,42,76.29
2026-9-28,天猫,猫旗,体验装 极致A2精巧单盒,36,94.89
2026-9-28,天猫,猫旗,体验装 特品脱脂拆单盒,6,5.96
2026-9-28,天猫,猫旗,体验装单盒方巧,48,64.13
2026-9-28,天猫,猫旗,体验装单盒特品,84,102.07
2026-9-28,天猫,猫旗,小方白卡皮巴拉脱脂纯牛奶（200mL*24）,11,262.46
2026-9-28,天猫,猫旗,钻石装极致有机纯牛奶（200ml*10）,1,20.44
2026-9-28,小程序及其他,小程序及其他,250ml方巧(1*24),239,7662.94
2026-9-28,小程序及其他,小程序及其他,250ml三元纯牛奶节庆礼盒-2026中秋（1*18）,15,0
2026-9-28,小程序及其他,小程序及其他,250ml舒释奶（全脂)(1*12),7,139.22
2026-9-28,小程序及其他,小程序及其他,250S极致娟姗纯牛奶250mL*12,8,174.38
2026-9-28,小程序及其他,小程序及其他,250S极致有机纯牛奶250mL*12,12,289.51
2026-9-28,小程序及其他,小程序及其他,常温版极致三代全脂纯牛奶,502,10895.36
2026-9-28,小程序及其他,小程序及其他,极小智有机A2纯牛奶200mL*10,9,166.33
2026-9-28,小程序及其他,小程序及其他,极致 3.8g 有机全脂梦幻盖（250ml*12）,45,0
2026-9-28,小程序及其他,小程序及其他,极致三代低脂纯牛奶（250ml*12）,143,3109.18
2026-9-28,小程序及其他,小程序及其他,极致A2精巧装200ml*10,493,7690.16
2026-9-28,小程序及其他,小程序及其他,简卡原味钻酸奶200g*10,47,1034.17
2026-9-28,小程序及其他,小程序及其他,三元3.3g方白纯牛奶（250mL*24）,513,15764.54
2026-9-28,小程序及其他,小程序及其他,三元3.3g方白脱脂无菌砖(250ml*24),12,327.79
2026-9-28,小程序及其他,小程序及其他,三元3.3g全脂纯牛奶无菌砖（200ml*24）卡皮巴拉,152,4352.34
2026-9-28,小程序及其他,小程序及其他,三元北京纯牛奶全脂（250mL*10）,4,73.99
2026-9-28,小程序及其他,小程序及其他,三元晚安牛奶（250ml*10）,4,103.94
2026-9-28,小程序及其他,小程序及其他,小方白卡皮巴拉脱脂纯牛奶（200mL*24）,17,405.61
2026-9-28,小程序及其他,小程序及其他,钻石装极致有机纯牛奶（200ml*10）,95,1941.92
2026-9-28,新零售,新零售,250ml三元纯牛奶节庆礼盒-2026中秋（1*18）,1,0
2026-9-28,新零售,新零售,250S极致娟姗纯牛奶250mL*12,3,65.39
2026-9-28,新零售,新零售,极小智有机A2纯牛奶200mL*10,1,18.48
2026-9-28,新零售,新零售,极致 3.8g 有机全脂梦幻盖（250ml*12）,7,0
2026-9-28,新零售,新零售,极致三代低脂纯牛奶（250ml*12）,1,21.74
2026-9-28,新零售,新零售,三元3.3g方白纯牛奶（250mL*24）,14,430.22
2026-9-28,新零售,新零售,三元3.3g方白纯牛奶（250mL*24）日常版,300,0
2026-9-28,新零售,新零售,三元3.3g方白脱脂无菌砖(250ml*24),305,8331.26
2026-9-28,抖音,抖音,250ml方巧(1*24),13,416.81
2026-9-28,抖音,抖音,250ml三元纯牛奶节庆礼盒-2026中秋（1*18）,34,0
2026-9-28,抖音,抖音,250S极致娟姗纯牛奶250mL*12,261,5689.3
2026-9-28,抖音,抖音,常温版极致三代全脂纯牛奶,3,65.11
2026-9-28,抖音,抖音,极小智有机A2纯牛奶200mL*10,9,166.33
2026-9-28,抖音,抖音,极致 3.8g 有机全脂梦幻盖（250ml*12）,12,0
2026-9-28,抖音,抖音,极致高品质全脂纯牛奶（250ml*16）,996,27002.36
2026-9-28,抖音,抖音,极致三代低脂纯牛奶（250ml*12）,19,413.11
2026-9-28,抖音,抖音,极致A2精巧装200ml*10,97,1513.07
2026-9-28,抖音,抖音,简卡原味钻酸奶200g*10,3,66.01
2026-9-28,抖音,抖音,三元3.3g方白纯牛奶（250mL*24）,974,29931.12
2026-9-28,抖音,抖音,三元3.3g方白脱脂无菌砖(250ml*24),17,464.37
2026-9-28,抖音,抖音,三元3.3g全脂纯牛奶无菌砖（200ml*24）卡皮巴拉,20,572.68
2026-9-28,抖音,抖音,三元北京纯牛奶全脂（250mL*10）,21,388.45
2026-9-28,抖音,抖音,三元纯牛奶足球礼盒（250ml*12）,9,190.89
2026-9-28,抖音,抖音,体验装 极致娟姗拆单盒,804,1460.47
2026-9-28,抖音,抖音,听装三元畅倍益益生菌奶粉700g*6,9,0
2026-9-28,抖音,抖音,小方白卡皮巴拉脱脂纯牛奶（200mL*24）,4,95.44
2026-9-28,抖音,抖音,足球礼盒拆单盒,904,0
2026-9-28,抖音,抖音,钻石装极致有机纯牛奶（200ml*10）,3,61.32
2026-9-28,京东,京东自营,冰岛式酸奶（200g*24）,5613,251667.84
2026-9-28,京东,京东自营,极致高品质全脂纯牛奶（250ml*16）,7564,205066.09
2026-9-28,京东,京东自营,极致三代全脂无菌砖（250ml*12）,2400,0
2026-9-28,京东,京东自营,三元3.3g方白纯牛奶（250mL*24）日常版,11052,0
2026-9-28,京东,京东自营,三元3.3g方白脱脂无菌砖(250ml*24),4633,126553.17
2026-9-28,京东,京东POP,250ml方巧(1*24),68,2180.25
2026-9-28,京东,京东POP,250ml三元纯牛奶节庆礼盒-2026中秋（1*18）,3,0
2026-9-28,京东,京东POP,250ml舒释奶（全脂)(1*12),23,457.44
2026-9-28,京东,京东POP,250S极致娟姗纯牛奶250mL*12,5,108.99
2026-9-28,京东,京东POP,250S极致有机纯牛奶250mL*12,1,24.13
2026-9-28,京东,京东POP,常温版极致三代全脂纯牛奶,2,43.41
2026-9-28,京东,京东POP,极小智有机A2纯牛奶200mL*10,43,794.7
2026-9-28,京东,京东POP,极致 3.8g 有机全脂梦幻盖（250ml*12）,7,0
2026-9-28,京东,京东POP,极致高品质全脂纯牛奶（250ml*16）,244,6615.04
2026-9-28,京东,京东POP,极致三代低脂纯牛奶（250ml*12）,4,86.97
2026-9-28,京东,京东POP,极致A2精巧装200ml*10,180,2807.77
2026-9-28,京东,京东POP,简卡原味钻酸奶200g*10,1,22
2026-9-28,京东,京东POP,三元 白盒纯牛奶250ml*12礼盒装,1,0
2026-9-28,京东,京东POP,三元3.3g方白纯牛奶（250mL*24）,160,4916.82
2026-9-28,京东,京东POP,三元3.3g方白脱脂无菌砖(250ml*24),22,600.94
2026-9-28,京东,京东POP,三元3.3g全脂纯牛奶无菌砖（200ml*24）卡皮巴拉,78,2233.44
2026-9-28,京东,京东POP,三元3.4g方白纯牛奶(250ml*16),7,0
2026-9-28,京东,京东POP,三元北京纯牛奶全脂（250mL*10）,15,277.47
2026-9-28,京东,京东POP,钻石装极致有机纯牛奶（200ml*10）,206,4210.91
2026-9-28,拼多多,多多买菜,三元白奶全脂百利包(200ml*16),800,0
2026-9-28,拼多多,拼多多,250ml方巧(1*24),3,96.19
2026-9-28,拼多多,拼多多,250ml舒释奶（全脂)(1*12),22,437.55
2026-9-28,拼多多,拼多多,常温版极致三代全脂纯牛奶,1,21.7
2026-9-28,拼多多,拼多多,极小智有机A2纯牛奶200mL*10,5,92.41
2026-9-28,拼多多,拼多多,极致高品质全脂纯牛奶（250ml*16）,55,1491.09
2026-9-28,拼多多,拼多多,极致A2精巧装200ml*10,3,46.8
2026-9-28,拼多多,拼多多,三元3.3g方白纯牛奶（250mL*24）,106,3257.39
2026-9-28,拼多多,拼多多,三元3.3g方白脱脂无菌砖(250ml*24),1071,29255.01
2026-9-28,拼多多,拼多多,三元北京纯牛奶全脂（250mL*10）,3,55.49
2026-9-28,拼多多,拼多多,三元晚安牛奶（250ml*10）,1,25.98
2026-9-28,拼多多,拼多多,体验装单盒方巧,152,203.06
2026-9-28,拼多多,拼多多,小方白卡皮巴拉脱脂纯牛奶（200mL*24）,13,310.18
2026-9-28,拼多多,拼多多,钻石装极致有机纯牛奶（200ml*10）,15,306.62
2026-9-28,天猫,猫超,冰岛式酸奶（200g*24）,320,14347.71
2026-9-28,天猫,猫超,极致A2β-酪蛋白全脂无菌砖(200ml*10),454,0
2026-9-28,天猫,猫超,三元3.2g小方枕全脂利乐枕-电商(227ml*16),50,1014.7
2026-9-28,天猫,猫超,三元3.3g方白纯牛奶（250mL*24）日常版,118,0
2026-9-28,天猫,猫超,三元3.3g方白脱脂无菌砖(250ml*24),467,12756.39
2026-9-28,天猫,猫超,三元高钙全脂无菌砖(250ml*20),277,0
2026-9-28,天猫,猫旗,250ml方巧(1*24),14,448.88
2026-9-28,天猫,猫旗,250ml三元纯牛奶节庆礼盒-2026中秋（1*18）,5,0
2026-9-28,天猫,猫旗,250S极致娟姗纯牛奶250mL*12,16,348.77
2026-9-28,天猫,猫旗,250S极致有机纯牛奶250mL*12,17,410.14
2026-9-28,天猫,猫旗,芭芭农场纸箱,1,0
2026-9-28,天猫,猫旗,芭芭农场DM单,1,0
2026-9-28,天猫,猫旗,常温版极致三代全脂纯牛奶,5,108.52
2026-9-28,天猫,猫旗,极小智有机A2纯牛奶200mL*10,29,535.96
2026-9-28,天猫,猫旗,极致 3.8g 有机全脂梦幻盖（250ml*12）,2,0
2026-9-28,天猫,猫旗,极致高品质全脂纯牛奶（250ml*16）,18,487.99
2026-9-28,天猫,猫旗,极致三代低脂纯牛奶（250ml*12）,7,152.2
2026-9-28,天猫,猫旗,极致A2精巧装200ml*10,23,358.77
2026-9-28,天猫,猫旗,简卡原味钻酸奶200g*10,4,88.01
2026-9-28,天猫,猫旗,三元3.3g方白纯牛奶（250mL*24）,256,7866.91
2026-9-28,天猫,猫旗,三元3.3g方白脱脂无菌砖(250ml*24),40,1092.62
2026-9-28,天猫,猫旗,三元3.3g全脂纯牛奶无菌砖（200ml*24）卡皮巴拉,8,229.07
2026-9-28,天猫,猫旗,三元北京纯牛奶全脂（250mL*10）,6,110.99
2026-9-28,天猫,猫旗,三元晚安牛奶（250ml*10）,2,51.97
2026-9-28,天猫,猫旗,体验装 极致娟姗拆单盒,42,76.29
2026-9-28,天猫,猫旗,体验装 极致A2精巧单盒,36,94.89
2026-9-28,天猫,猫旗,体验装 特品脱脂拆单盒,6,5.96
2026-9-28,天猫,猫旗,体验装单盒方巧,48,64.13
2026-9-28,天猫,猫旗,体验装单盒特品,84,102.07
2026-9-28,天猫,猫旗,小方白卡皮巴拉脱脂纯牛奶（200mL*24）,11,262.46
2026-9-28,天猫,猫旗,钻石装极致有机纯牛奶（200ml*10）,1,20.44
2026-9-28,小程序及其他,小程序及其他,250ml方巧(1*24),239,7662.94
2026-9-28,小程序及其他,小程序及其他,250ml三元纯牛奶节庆礼盒-2026中秋（1*18）,15,0
2026-9-28,小程序及其他,小程序及其他,250ml舒释奶（全脂)(1*12),7,139.22
2026-9-28,小程序及其他,小程序及其他,250S极致娟姗纯牛奶250mL*12,8,174.38
2026-9-28,小程序及其他,小程序及其他,250S极致有机纯牛奶250mL*12,12,289.51
2026-9-28,小程序及其他,小程序及其他,常温版极致三代全脂纯牛奶,502,10895.36
2026-9-28,小程序及其他,小程序及其他,极小智有机A2纯牛奶200mL*10,9,166.33
2026-9-28,小程序及其他,小程序及其他,极致 3.8g 有机全脂梦幻盖（250ml*12）,45,0
2026-9-28,小程序及其他,小程序及其他,极致三代低脂纯牛奶（250ml*12）,143,3109.18
2026-9-28,小程序及其他,小程序及其他,极致A2精巧装200ml*10,493,7690.16
2026-9-28,小程序及其他,小程序及其他,简卡原味钻酸奶200g*10,47,1034.17
2026-9-28,小程序及其他,小程序及其他,三元3.3g方白纯牛奶（250mL*24）,513,15764.54
2026-9-28,小程序及其他,小程序及其他,三元3.3g方白脱脂无菌砖(250ml*24),12,327.79
2026-9-28,小程序及其他,小程序及其他,三元3.3g全脂纯牛奶无菌砖（200ml*24）卡皮巴拉,152,4352.34
2026-9-28,小程序及其他,小程序及其他,三元北京纯牛奶全脂（250mL*10）,4,73.99
2026-9-28,小程序及其他,小程序及其他,三元晚安牛奶（250ml*10）,4,103.94
2026-9-28,小程序及其他,小程序及其他,小方白卡皮巴拉脱脂纯牛奶（200mL*24）,17,405.61
2026-9-28,小程序及其他,小程序及其他,钻石装极致有机纯牛奶（200ml*10）,95,1941.92
2026-9-28,新零售,新零售,250ml三元纯牛奶节庆礼盒-2026中秋（1*18）,1,0
2026-9-28,新零售,新零售,250S极致娟姗纯牛奶250mL*12,3,65.39
2026-9-28,新零售,新零售,极小智有机A2纯牛奶200mL*10,1,18.48
2026-9-28,新零售,新零售,极致 3.8g 有机全脂梦幻盖（250ml*12）,7,0
2026-9-28,新零售,新零售,极致三代低脂纯牛奶（250ml*12）,1,21.74
2026-9-28,新零售,新零售,三元3.3g方白纯牛奶（250mL*24）,14,430.22
2026-9-28,新零售,新零售,三元3.3g方白纯牛奶（250mL*24）日常版,300,0
2026-9-28,新零售,新零售,三元3.3g方白脱脂无菌砖(250ml*24),305,8331.26
2026-9-29,抖音,抖音,250ml方巧(1*24),9,288.56
2026-9-29,抖音,抖音,250ml三元纯牛奶节庆礼盒-2026中秋（1*18）,110,0
2026-9-29,抖音,抖音,250S极致娟姗纯牛奶250mL*12,247,5384.13
2026-9-29,抖音,抖音,常温版极致三代全脂纯牛奶,3,65.11
2026-9-29,抖音,抖音,极致 3.8g 有机全脂梦幻盖（250ml*12）,10,0
2026-9-29,抖音,抖音,极致 3.8gA2β-酪蛋白全脂梦幻盖（250ml*12）,12,0
2026-9-29,抖音,抖音,极致高品质全脂纯牛奶（250ml*16）,756,20495.76
2026-9-29,抖音,抖音,极致三代低脂纯牛奶（250ml*12）,7,152.2
2026-9-29,抖音,抖音,极致A2精巧装200ml*10,126,1965.44
2026-9-29,抖音,抖音,简卡原味钻酸奶200g*10,3,66.01
2026-9-29,抖音,抖音,三元3.3g方白纯牛奶（250mL*24）,836,25690.36
2026-9-29,抖音,抖音,三元3.3g方白脱脂无菌砖(250ml*24),23,628.26
2026-9-29,抖音,抖音,三元3.3g全脂纯牛奶无菌砖（200ml*24）卡皮巴拉,16,458.14
2026-9-29,抖音,抖音,三元北京纯牛奶全脂（250mL*10）,17,314.46
2026-9-29,抖音,抖音,三元纯牛奶足球礼盒（250ml*12）,36,763.56
2026-9-29,抖音,抖音,体验装 极致娟姗拆单盒,504,915.52
2026-9-29,抖音,抖音,听装三元畅倍益益生菌奶粉700g*6,24,0
2026-9-29,抖音,抖音,足球礼盒拆单盒,604,0
2026-9-29,抖音,抖音,钻石装极致有机纯牛奶（200ml*10）,3,61.32
2026-9-29,京东,京东自营,极致三代低脂无菌砖(250ml*12),1612,0
2026-9-29,京东,京东自营,极致有机低脂纯牛奶（200ml*21）,1385,53543.68
2026-9-29,京东,京东自营,极致A2β-酪蛋白全脂无菌砖(200ml*10),4266,0
2026-9-29,京东,京东自营,三元3.2g小方枕全脂利乐枕-电商(227ml*16),2605,52865.87
2026-9-29,京东,京东自营,三元3.3g方白纯牛奶（250mL*24）日常版,14100,0
2026-9-29,京东,京东自营,三元高钙全脂无菌砖(250ml*20),2196,0
2026-9-29,京东,京东自营,钻石包极致有机纯牛奶（200ml*21）,2000,72515.8
2026-9-29,京东,京东POP,250ml方巧(1*24),70,2244.38
2026-9-29,京东,京东POP,250ml舒释奶（全脂)(1*12),13,258.55
2026-9-29,京东,京东POP,250S极致娟姗纯牛奶250mL*12,1,21.8
2026-9-29,京东,京东POP,常温版极致三代全脂纯牛奶,1,21.7
2026-9-29,京东,京东POP,极小智有机A2纯牛奶200mL*10,25,462.03
2026-9-29,京东,京东POP,极致 3.8g 有机全脂梦幻盖（250ml*12）,11,0
2026-9-29,京东,京东POP,极致高品质全脂纯牛奶（250ml*16）,216,5855.93
2026-9-29,京东,京东POP,极致三代低脂纯牛奶（250ml*12）,5,108.71
2026-9-29,京东,京东POP,极致A2精巧装200ml*10,89,1388.28
2026-9-29,京东,京东POP,简卡原味钻酸奶200g*10,3,66.01
2026-9-29,京东,京东POP,三元3.3g方白纯牛奶（250mL*24）,164,5039.74
2026-9-29,京东,京东POP,三元3.3g方白脱脂无菌砖(250ml*24),34,928.73
2026-9-29,京东,京东POP,三元3.3g全脂纯牛奶无菌砖（200ml*24）卡皮巴拉,98,2806.11
2026-9-29,京东,京东POP,三元3.4g方白纯牛奶(250ml*16),6,0
2026-9-29,京东,京东POP,三元北京纯牛奶全脂（250mL*10）,13,240.47
2026-9-29,京东,京东POP,体验装单盒方巧,12,16.03
2026-9-29,京东,京东POP,钻石装极致有机纯牛奶（200ml*10）,197,4026.94
2026-9-29,拼多多,拼多多,250ml方巧(1*24),2,64.13
2026-9-29,拼多多,拼多多,250ml舒释奶（全脂)(1*12),20,397.77
2026-9-29,拼多多,拼多多,常温版极致三代全脂纯牛奶,3,65.11
2026-9-29,拼多多,拼多多,极小智有机A2纯牛奶200mL*10,16,295.7
2026-9-29,拼多多,拼多多,极致高品质全脂纯牛奶（250ml*16）,58,1572.43
2026-9-29,拼多多,拼多多,极致A2精巧装200ml*10,1,15.6
2026-9-29,拼多多,拼多多,三元3.3g方白纯牛奶（250mL*24）,65,1997.46
2026-9-29,拼多多,拼多多,三元3.3g方白脱脂无菌砖(250ml*24),952,26004.45
2026-9-29,拼多多,拼多多,三元3.3g全脂纯牛奶无菌砖（200ml*24）卡皮巴拉,2,57.27
2026-9-29,拼多多,拼多多,三元北京纯牛奶全脂（250mL*10）,9,166.48
2026-9-29,拼多多,拼多多,三元晚安牛奶（250ml*10）,2,51.97
2026-9-29,拼多多,拼多多,体验装单盒方巧,144,192.38
2026-9-29,拼多多,拼多多,小方白卡皮巴拉脱脂纯牛奶（200mL*24）,17,405.61
2026-9-29,拼多多,拼多多,钻石装极致有机纯牛奶（200ml*10）,21,429.27
2026-9-29,天猫,猫旗,250ml方巧(1*24),7,224.44
2026-9-29,天猫,猫旗,250ml三元纯牛奶节庆礼盒-2026中秋（1*18）,3,0
2026-9-29,天猫,猫旗,250ml舒释奶（全脂)(1*12),3,59.67
2026-9-29,天猫,猫旗,250S极致娟姗纯牛奶250mL*12,20,435.96
2026-9-29,天猫,猫旗,250S极致有机纯牛奶250mL*12,8,193.01
2026-9-29,天猫,猫旗,常温版极致三代全脂纯牛奶,4,86.82
2026-9-29,天猫,猫旗,极小智有机A2纯牛奶200mL*10,9,166.33
2026-9-29,天猫,猫旗,极致 3.8g 有机全脂梦幻盖（250ml*12）,2,0
2026-9-29,天猫,猫旗,极致 3.8gA2β-酪蛋白全脂梦幻盖（250ml*12）,9,0
2026-9-29,天猫,猫旗,极致高品质全脂纯牛奶（250ml*16）,10,271.11
2026-9-29,天猫,猫旗,极致三代低脂纯牛奶（250ml*12）,1,21.74
2026-9-29,天猫,猫旗,极致A2精巧装200ml*10,15,233.98
2026-9-29,天猫,猫旗,简卡原味钻酸奶200g*10,6,132.02
2026-9-29,天猫,猫旗,三元3.3g方白纯牛奶（250mL*24）,252,7743.99
2026-9-29,天猫,猫旗,三元3.3g方白脱脂无菌砖(250ml*24),21,573.63
2026-9-29,天猫,猫旗,三元3.3g全脂纯牛奶无菌砖（200ml*24）卡皮巴拉,10,286.34
2026-9-29,天猫,猫旗,三元北京纯牛奶全脂（250mL*10）,13,240.47
2026-9-29,天猫,猫旗,三元晚安牛奶（250ml*10）,1,25.98
2026-9-29,天猫,猫旗,体验装 极全单盒,18,30.5
2026-9-29,天猫,猫旗,体验装 极致娟姗拆单盒,42,76.29
2026-9-29,天猫,猫旗,体验装 极致A2精巧单盒,36,94.89
2026-9-29,天猫,猫旗,体验装单盒方巧,60,80.16
2026-9-29,天猫,猫旗,体验装单盒特品,78,94.78
2026-9-29,天猫,猫旗,小方白卡皮巴拉脱脂纯牛奶（200mL*24）,4,95.44
2026-9-29,小程序及其他,小程序及其他,250ml方巧(1*24),191,6123.94
2026-9-29,小程序及其他,小程序及其他,250ml三元纯牛奶节庆礼盒-2026中秋（1*18）,9,0
2026-9-29,小程序及其他,小程序及其他,250ml舒释奶（全脂)(1*12),4,79.55
2026-9-29,小程序及其他,小程序及其他,250S极致娟姗纯牛奶250mL*12,2,43.6
2026-9-29,小程序及其他,小程序及其他,250S极致有机纯牛奶250mL*12,14,337.76
2026-9-29,小程序及其他,小程序及其他,常温版极致三代全脂纯牛奶,707,15344.66
2026-9-29,小程序及其他,小程序及其他,极小智有机A2纯牛奶200mL*10,5,92.41
2026-9-29,小程序及其他,小程序及其他,极致 3.8g 有机全脂梦幻盖（250ml*12）,8,0
2026-9-29,小程序及其他,小程序及其他,极致 3.8gA2β-酪蛋白全脂梦幻盖（250ml*12）,281,0
2026-9-29,小程序及其他,小程序及其他,极致三代低脂纯牛奶（250ml*12）,193,4196.3
2026-9-29,小程序及其他,小程序及其他,极致A2精巧装200ml*10,251,3915.27
2026-9-29,小程序及其他,小程序及其他,简卡原味钻酸奶200g*10,34,748.13
2026-9-29,小程序及其他,小程序及其他,三元3.3g方白纯牛奶（250mL*24）,263,8082.02
2026-9-29,小程序及其他,小程序及其他,三元3.3g方白脱脂无菌砖(250ml*24),8,218.52
2026-9-29,小程序及其他,小程序及其他,三元3.3g全脂纯牛奶无菌砖（200ml*24）卡皮巴拉,48,1374.42
2026-9-29,小程序及其他,小程序及其他,三元晚安牛奶（250ml*10）,6,155.91
2026-9-29,小程序及其他,小程序及其他,小方白卡皮巴拉脱脂纯牛奶（200mL*24）,13,310.18
2026-9-29,小程序及其他,小程序及其他,钻石装极致有机纯牛奶（200ml*10）,53,1083.39
2026-9-29,新零售,新零售,极小智有机A2纯牛奶200mL*10,13,240.26
2026-9-29,新零售,新零售,极致 3.8g 有机全脂梦幻盖（250ml*12）,11,0
2026-9-29,新零售,新零售,极致高品质全脂纯牛奶（250ml*16）,14,379.55
2026-9-29,新零售,新零售,极致娟姗全脂苗条砖(250ml*12),1409,0
2026-9-29,新零售,新零售,极致三代低脂纯牛奶（250ml*12）,10,217.43
2026-9-29,新零售,新零售,极致三代低脂无菌砖(250ml*12),272,0
2026-9-29,新零售,新零售,极致三代全脂无菌砖（250ml*12）,1340,0
2026-9-29,新零售,新零售,三元3.2g小方枕全脂利乐枕-电商(227ml*16),2236,45377.38
2026-9-29,新零售,新零售,三元3.3g方白纯牛奶（250mL*24）,27,829.71
2026-9-29,新零售,新零售,三元3.3g方白纯牛奶（250mL*24）日常版,2600,0
2026-9-29,新零售,新零售,三元3.3g方白脱脂无菌砖(250ml*24),8,218.52
2026-9-29,新零售,新零售,三元3.3g全脂纯牛奶无菌砖（200ml*24）卡皮巴拉,10,286.34
2026-9-30,抖音,抖音,250ml方巧(1*24),5,160.31
2026-9-30,抖音,抖音,250ml三元纯牛奶节庆礼盒-2026中秋（1*18）,5,0
2026-9-30,抖音,抖音,250S极致娟姗纯牛奶250mL*12,366,7978.1
2026-9-30,抖音,抖音,常温版极致三代全脂纯牛奶,2,43.41
2026-9-30,抖音,抖音,极小智有机A2纯牛奶200mL*10,2,36.96
2026-9-30,抖音,抖音,极致 3.8g 有机全脂梦幻盖（250ml*12）,5,0
2026-9-30,抖音,抖音,极致 3.8gA2β-酪蛋白全脂梦幻盖（250ml*12）,4,0
2026-9-30,抖音,抖音,极致高品质全脂纯牛奶（250ml*16）,849,23017.07
2026-9-30,抖音,抖音,极致三代低脂纯牛奶（250ml*12）,3,65.23
2026-9-30,抖音,抖音,极致A2精巧装200ml*10,1,15.6
2026-9-30,抖音,抖音,简卡原味钻酸奶200g*10,3,66.01
2026-9-30,抖音,抖音,三元3.3g方白纯牛奶（250mL*24）,671,20619.9
2026-9-30,抖音,抖音,三元3.3g方白脱脂无菌砖(250ml*24),32,874.1
2026-9-30,抖音,抖音,三元3.3g全脂纯牛奶无菌砖（200ml*24）卡皮巴拉,19,544.04
2026-9-30,抖音,抖音,三元北京纯牛奶全脂（250mL*10）,23,425.45
2026-9-30,抖音,抖音,三元纯牛奶足球礼盒（250ml*12）,11,233.31
2026-9-30,抖音,抖音,体验装 极致娟姗拆单盒,785,1425.96
2026-9-30,抖音,抖音,足球礼盒拆单盒,801,0
2026-9-30,抖音,抖音,钻石装极致有机纯牛奶（200ml*10）,3,61.32
2026-9-30,京东,京东自营,极致三代全脂无菌砖（250ml*12）,1620,0
2026-9-30,京东,京东自营,极致有机低脂纯牛奶（200ml*21）,2147,83002.38
2026-9-30,京东,京东自营,极致A2β-酪蛋白全脂无菌砖(200ml*10),1674,0
2026-9-30,京东,京东自营,三元3.2g小方枕全脂利乐枕-电商(227ml*16),3000,60882
2026-9-30,京东,京东自营,三元3.3g方白脱脂无菌砖(250ml*24),3609,98582
2026-9-30,京东,京东自营,三元北京纯牛奶全脂（250mL*10）,1080,19977.62
2026-9-30,京东,京东自营,钻石包极致有机纯牛奶（200ml*21）,1429,51812.54
2026-9-30,京东,京东POP,250ml方巧(1*24),34,1090.13
2026-9-30,京东,京东POP,250ml三元纯牛奶节庆礼盒-2026中秋（1*18）,5,0
2026-9-30,京东,京东POP,250ml舒释奶（全脂)(1*12),22,437.55
2026-9-30,京东,京东POP,250S极致娟姗纯牛奶250mL*12,1,21.8
2026-9-30,京东,京东POP,极小智有机A2纯牛奶200mL*10,20,369.63
2026-9-30,京东,京东POP,极致 3.8g 有机全脂梦幻盖（250ml*12）,12,0
2026-9-30,京东,京东POP,极致高品质全脂纯牛奶（250ml*16）,178,4825.72
2026-9-30,京东,京东POP,极致三代低脂纯牛奶（250ml*12）,1,21.74
2026-9-30,京东,京东POP,极致A2精巧装200ml*10,91,1419.48
2026-9-30,京东,京东POP,简卡原味钻酸奶200g*10,2,44.01
2026-9-30,京东,京东POP,三元3.3g方白纯牛奶（250mL*24）,296,9096.11
2026-9-30,京东,京东POP,三元3.3g方白脱脂无菌砖(250ml*24),31,846.78
2026-9-30,京东,京东POP,三元3.3g全脂纯牛奶无菌砖（200ml*24）卡皮巴拉,69,1975.73
2026-9-30,京东,京东POP,三元3.4g方白纯牛奶(250ml*16),9,0
2026-9-30,京东,京东POP,三元北京纯牛奶全脂（250mL*10）,8,147.98
2026-9-30,京东,京东POP,体验装单盒方巧,16,21.38
2026-9-30,京东,京东POP,钻石装极致有机纯牛奶（200ml*10）,183,3740.76
2026-9-30,拼多多,多多买菜,极致A2β-酪蛋白全脂无菌砖(200ml*10),300,0
2026-9-30,拼多多,拼多多,250ml方巧(1*24),2,64.13
2026-9-30,拼多多,拼多多,250ml舒释奶（全脂)(1*12),39,775.66
2026-9-30,拼多多,拼多多,250S极致娟姗纯牛奶250mL*12,2,43.6
2026-9-30,拼多多,拼多多,常温版极致三代全脂纯牛奶,1,21.7
2026-9-30,拼多多,拼多多,极小智有机A2纯牛奶200mL*10,6,110.89
2026-9-30,拼多多,拼多多,极致 3.8gA2β-酪蛋白全脂梦幻盖（250ml*12）,1,0
2026-9-30,拼多多,拼多多,极致高品质全脂纯牛奶（250ml*16）,81,2195.97
2026-9-30,拼多多,拼多多,简卡原味钻酸奶200g*10,3,66.01
2026-9-30,拼多多,拼多多,三元3.3g方白纯牛奶（250mL*24）,98,3011.55
2026-9-30,拼多多,拼多多,三元3.3g方白脱脂无菌砖(250ml*24),397,10844.29
2026-9-30,拼多多,拼多多,三元3.3g全脂纯牛奶无菌砖（200ml*24）卡皮巴拉,4,114.54
2026-9-30,拼多多,拼多多,三元北京纯牛奶全脂（250mL*10）,5,92.49
2026-9-30,拼多多,拼多多,三元纯牛奶足球礼盒（250ml*12）,1,21.21
2026-9-30,拼多多,拼多多,三元晚安牛奶（250ml*10）,4,103.94
2026-9-30,拼多多,拼多多,体验装单盒方巧,80,106.88
2026-9-30,拼多多,拼多多,小方白卡皮巴拉脱脂纯牛奶（200mL*24）,4,95.44
2026-9-30,拼多多,拼多多,钻石装极致有机纯牛奶（200ml*10）,9,183.97
2026-9-30,天猫,猫旗,250ml方巧(1*24),7,224.44
2026-9-30,天猫,猫旗,250ml三元纯牛奶节庆礼盒-2026中秋（1*18）,9,0
2026-9-30,天猫,猫旗,250ml舒释奶（全脂)(1*12),3,59.67
2026-9-30,天猫,猫旗,250S极致娟姗纯牛奶250mL*12,22,479.56
2026-9-30,天猫,猫旗,250S极致有机纯牛奶250mL*12,14,337.76
2026-9-30,天猫,猫旗,芭芭农场纸箱,2,0
2026-9-30,天猫,猫旗,芭芭农场DM单,2,0
2026-9-30,天猫,猫旗,极小智有机A2纯牛奶200mL*10,21,388.11
2026-9-30,天猫,猫旗,极致 3.8g 有机全脂梦幻盖（250ml*12）,1,0
2026-9-30,天猫,猫旗,极致 3.8gA2β-酪蛋白全脂梦幻盖（250ml*12）,7,0
2026-9-30,天猫,猫旗,极致高品质全脂纯牛奶（250ml*16）,19,515.11
2026-9-30,天猫,猫旗,极致三代低脂纯牛奶（250ml*12）,11,239.17
2026-9-30,天猫,猫旗,极致A2精巧装200ml*10,12,187.18
2026-9-30,天猫,猫旗,简卡原味钻酸奶200g*10,4,88.01
2026-9-30,天猫,猫旗,三元3.3g方白纯牛奶（250mL*24）,180,5531.42
2026-9-30,天猫,猫旗,三元3.3g方白脱脂无菌砖(250ml*24),28,764.84
2026-9-30,天猫,猫旗,三元3.3g全脂纯牛奶无菌砖（200ml*24）卡皮巴拉,4,114.54
2026-9-30,天猫,猫旗,三元北京纯牛奶全脂（250mL*10）,4,73.99
2026-9-30,天猫,猫旗,三元晚安牛奶（250ml*10）,8,207.87
2026-9-30,天猫,猫旗,体验装 极致娟姗拆单盒,48,87.19
2026-9-30,天猫,猫旗,体验装 极致A2精巧单盒,30,79.07
2026-9-30,天猫,猫旗,体验装单盒方巧,24,32.06
2026-9-30,天猫,猫旗,体验装单盒特品,18,21.87
2026-9-30,天猫,猫旗,小方白卡皮巴拉脱脂纯牛奶（200mL*24）,2,47.72
2026-9-30,小程序及其他,小程序及其他,250ml方巧(1*24),123,3943.69
2026-9-30,小程序及其他,小程序及其他,250ml三元纯牛奶节庆礼盒-2026中秋（1*18）,3,0
2026-9-30,小程序及其他,小程序及其他,250ml舒释奶（全脂)(1*12),7,139.22
2026-9-30,小程序及其他,小程序及其他,250S极致娟姗纯牛奶250mL*12,3,65.39
2026-9-30,小程序及其他,小程序及其他,250S极致有机纯牛奶250mL*12,6,144.75
2026-9-30,小程序及其他,小程序及其他,常温版极致三代全脂纯牛奶,176,3819.89
2026-9-30,小程序及其他,小程序及其他,极小智有机A2纯牛奶200mL*10,4,73.93
2026-9-30,小程序及其他,小程序及其他,极致 3.8g 有机全脂梦幻盖（250ml*12）,14,0
2026-9-30,小程序及其他,小程序及其他,极致 3.8gA2β-酪蛋白全脂梦幻盖（250ml*12）,51,0
2026-9-30,小程序及其他,小程序及其他,极致高品质全脂纯牛奶（250ml*16）,4,108.44
2026-9-30,小程序及其他,小程序及其他,极致三代低脂纯牛奶（250ml*12）,97,2109.02
2026-9-30,小程序及其他,小程序及其他,极致A2精巧装200ml*10,210,3275.73
2026-9-30,小程序及其他,小程序及其他,简卡原味钻酸奶200g*10,31,682.11
2026-9-30,小程序及其他,小程序及其他,三元3.3g方白纯牛奶（250mL*24）,192,5900.18
2026-9-30,小程序及其他,小程序及其他,三元3.3g方白脱脂无菌砖(250ml*24),9,245.84
2026-9-30,小程序及其他,小程序及其他,三元3.3g全脂纯牛奶无菌砖（200ml*24）卡皮巴拉,9,257.7
2026-9-30,小程序及其他,小程序及其他,三元晚安牛奶（250ml*10）,10,259.84
2026-9-30,小程序及其他,小程序及其他,小方白卡皮巴拉脱脂纯牛奶（200mL*24）,3,71.58
2026-9-30,小程序及其他,小程序及其他,钻石装极致有机纯牛奶（200ml*10）,52,1062.95
2026-9-30,新零售,新零售,250ml三元纯牛奶节庆礼盒-2026中秋（1*18）,1,0
2026-9-30,新零售,新零售,250S极致娟姗纯牛奶250mL*12,3,65.39
2026-9-30,新零售,新零售,极小智有机A2纯牛奶200mL*10,8,147.85
2026-9-30,新零售,新零售,极致 3.8g 有机全脂梦幻盖（250ml*12）,12,0
2026-9-30,新零售,新零售,极致高品质全脂纯牛奶（250ml*16）,2,54.22
2026-9-30,新零售,新零售,极致三代低脂纯牛奶（250ml*12）,2,43.49
2026-9-30,新零售,新零售,极致三代低脂无菌砖(250ml*12),252,0
2026-9-30,新零售,新零售,极致三代全脂无菌砖（250ml*12）,240,0
2026-9-30,新零售,新零售,极致A2β-酪蛋白全脂无菌砖(200ml*10),6,0
2026-9-30,新零售,新零售,三元3.2g小方枕全脂利乐枕-电商(227ml*16),533,10816.7
2026-9-30,新零售,新零售,三元3.3g方白纯牛奶（250mL*24）,14,430.22
2026-9-30,新零售,新零售,三元3.3g方白全脂无菌砖(200ml*24),3451,0
2026-9-30,新零售,新零售,三元3.3g方白脱脂无菌砖(250ml*24),6,163.89
2026-9-30,新零售,新零售,三元3.3g全脂纯牛奶无菌砖（200ml*24）卡皮巴拉,1238,35448.64
2026-9-30,新零售,新零售,三元有机3.4g全脂苗条砖纯牛奶（200mL*10）,3354,0
2026-9-30,新零售,新零售,三元A2β-酪蛋白3.4g苗条砖纯牛奶(200mL*20),300,0
2026-10-1,抖音,抖音,250ml方巧(1*24),10,320.63
2026-10-1,抖音,抖音,250ml三元纯牛奶节庆礼盒-2026中秋（1*18）,7,0
2026-10-1,抖音,抖音,250S极致娟姗纯牛奶250mL*12,316,6888.2
2026-10-1,抖音,抖音,常温版极致三代全脂纯牛奶,2,43.41
2026-10-1,抖音,抖音,极致 3.8g 有机全脂梦幻盖（250ml*12）,6,0
2026-10-1,抖音,抖音,极致 3.8gA2β-酪蛋白全脂梦幻盖（250ml*12）,4,0
2026-10-1,抖音,抖音,极致高品质全脂纯牛奶（250ml*16）,1008,27327.69
2026-10-1,抖音,抖音,极致A2精巧装200ml*10,4,62.39
2026-10-1,抖音,抖音,简卡原味钻酸奶200g*10,6,132.02
2026-10-1,抖音,抖音,三元3.3g方白纯牛奶（250mL*24）,1005,30883.75
2026-10-1,抖音,抖音,三元3.3g方白脱脂无菌砖(250ml*24),19,519
2026-10-1,抖音,抖音,三元3.3g全脂纯牛奶无菌砖（200ml*24）卡皮巴拉,14,400.87
2026-10-1,抖音,抖音,三元北京纯牛奶全脂（250mL*10）,24,443.95
2026-10-1,抖音,抖音,三元纯牛奶足球礼盒（250ml*12）,15,318.15
2026-10-1,抖音,抖音,体验装 极致娟姗拆单盒,628,1140.77
2026-10-1,抖音,抖音,足球礼盒拆单盒,856,0
2026-10-1,京东,京东自营,极致3.8g有机全脂纯牛奶梦幻盖（250ml*12）,3976,0
2026-10-1,京东,京东自营,极致4.0高蛋白纯牛奶250mL*24,5742,298958.95
2026-10-1,京东,京东自营,极致高品质全脂纯牛奶（250ml*16）,3432,93044.27
2026-10-1,京东,京东自营,极致有机低脂纯牛奶（200ml*21）,1416,54742.14
2026-10-1,京东,京东自营,三元3.3g方白纯牛奶（250mL*24）日常版,14315,0
2026-10-1,京东,京东POP,250ml方巧(1*24),75,2404.69
2026-10-1,京东,京东POP,250ml三元纯牛奶节庆礼盒-2026中秋（1*18）,3,0
2026-10-1,京东,京东POP,250ml舒释奶（全脂)(1*12),17,338.11
2026-10-1,京东,京东POP,250S极致娟姗纯牛奶250mL*12,3,65.39
2026-10-1,京东,京东POP,250S极致有机纯牛奶250mL*12,1,24.13
2026-10-1,京东,京东POP,极小智有机A2纯牛奶200mL*10,6,110.89
2026-10-1,京东,京东POP,极致 3.8g 有机全脂梦幻盖（250ml*12）,11,0
2026-10-1,京东,京东POP,极致高品质全脂纯牛奶（250ml*16）,155,4202.17
2026-10-1,京东,京东POP,极致三代低脂纯牛奶（250ml*12）,2,43.49
2026-10-1,京东,京东POP,极致A2精巧装200ml*10,61,951.52
2026-10-1,京东,京东POP,简卡原味钻酸奶200g*10,2,44.01
2026-10-1,京东,京东POP,三元3.3g方白纯牛奶（250mL*24）,112,3441.77
2026-10-1,京东,京东POP,三元3.3g方白脱脂无菌砖(250ml*24),13,355.1
2026-10-1,京东,京东POP,三元3.3g全脂纯牛奶无菌砖（200ml*24）卡皮巴拉,22,629.94
2026-10-1,京东,京东POP,三元3.4g方白纯牛奶(250ml*16),9,0
2026-10-1,京东,京东POP,体验装 极致娟姗拆单盒,6,10.9
2026-10-1,京东,京东POP,体验装单盒方巧,4,5.34
2026-10-1,京东,京东POP,钻石装极致有机纯牛奶（200ml*10）,193,3945.17
2026-10-1,拼多多,多多买菜,三元3.2g小方枕全脂利乐枕-电商(227ml*16),1500,30441
2026-10-1,拼多多,多多买菜,三元高钙全脂无菌砖(250ml*20),2469,0
2026-10-1,拼多多,拼多多,250ml方巧(1*24),8,256.5
2026-10-1,拼多多,拼多多,250ml舒释奶（全脂)(1*12),30,596.66
2026-10-1,拼多多,拼多多,常温版极致三代全脂纯牛奶,1,21.7
2026-10-1,拼多多,拼多多,极小智有机A2纯牛奶200mL*10,3,55.44
2026-10-1,拼多多,拼多多,极致 3.8gA2β-酪蛋白全脂梦幻盖（250ml*12）,8,0
2026-10-1,拼多多,拼多多,极致高品质全脂纯牛奶（250ml*16）,113,3063.52
2026-10-1,拼多多,拼多多,极致三代低脂纯牛奶（250ml*12）,2,43.49
2026-10-1,拼多多,拼多多,极致A2精巧装200ml*10,4,62.39
2026-10-1,拼多多,拼多多,简卡原味钻酸奶200g*10,5,110.02
2026-10-1,拼多多,拼多多,三元3.3g方白纯牛奶（250mL*24）,76,2335.49
2026-10-1,拼多多,拼多多,三元3.3g方白脱脂无菌砖(250ml*24),65,1775.51
2026-10-1,拼多多,拼多多,三元3.3g全脂纯牛奶无菌砖（200ml*24）卡皮巴拉,4,114.54
2026-10-1,拼多多,拼多多,三元晚安牛奶（250ml*10）,1,25.98
2026-10-1,拼多多,拼多多,体验装单盒方巧,120,160.31
2026-10-1,拼多多,拼多多,小方白卡皮巴拉脱脂纯牛奶（200mL*24）,2,47.72
2026-10-1,拼多多,拼多多,钻石装极致有机纯牛奶（200ml*10）,9,183.97
2026-10-1,天猫,猫超,极致高品质全脂纯牛奶（250ml*16）,311,8431.46
2026-10-1,天猫,猫超,极致三代低脂无菌砖(250ml*12),100,0
2026-10-1,天猫,猫超,极致A2β-酪蛋白全脂无菌砖(200ml*10),488,0
2026-10-1,天猫,猫超,三元3.2g小方枕全脂利乐枕-电商(227ml*16),647,13130.22
2026-10-1,天猫,猫超,三元3.3g方白纯牛奶（250mL*24）日常版,2558,0
2026-10-1,天猫,猫超,三元3.3g全脂纯牛奶无菌砖（200ml*24）卡皮巴拉,491,14059.2
2026-10-1,天猫,猫超,三元3.4g方白纯牛奶（250ml*16）,3297,0
2026-10-1,天猫,猫超,三元高钙全脂无菌砖(250ml*20),531,0
2026-10-1,天猫,猫超,三元巧克力全脂无菌砖（250ml*24）,1365,0
2026-10-1,天猫,猫超,钻石包极致有机纯牛奶（200ml*21）,1040,37708.22
2026-10-1,天猫,猫旗,250ml方巧(1*24),10,320.63
2026-10-1,天猫,猫旗,250ml三元纯牛奶节庆礼盒-2026中秋（1*18）,1,0
2026-10-1,天猫,猫旗,250ml舒释奶（全脂)(1*12),8,159.11
2026-10-1,天猫,猫旗,250S极致娟姗纯牛奶250mL*12,8,174.38
2026-10-1,天猫,猫旗,250S极致有机纯牛奶250mL*12,15,361.89
2026-10-1,天猫,猫旗,常温版极致三代全脂纯牛奶,1,21.7
2026-10-1,天猫,猫旗,极小智有机A2纯牛奶200mL*10,13,240.26
2026-10-1,天猫,猫旗,极致 3.8gA2β-酪蛋白全脂梦幻盖（250ml*12）,6,0
2026-10-1,天猫,猫旗,极致高品质全脂纯牛奶（250ml*16）,11,298.22
2026-10-1,天猫,猫旗,极致三代低脂纯牛奶（250ml*12）,7,152.2
2026-10-1,天猫,猫旗,极致A2精巧装200ml*10,6,93.59
2026-10-1,天猫,猫旗,简卡原味钻酸奶200g*10,9,198.03
2026-10-1,天猫,猫旗,三元3.3g方白纯牛奶（250mL*24）,156,4793.9
2026-10-1,天猫,猫旗,三元3.3g方白脱脂无菌砖(250ml*24),20,546.31
2026-10-1,天猫,猫旗,三元北京纯牛奶全脂（250mL*10）,1,18.5
2026-10-1,天猫,猫旗,三元晚安牛奶（250ml*10）,3,77.95
2026-10-1,天猫,猫旗,体验装 极致娟姗拆单盒,12,21.8
2026-10-1,天猫,猫旗,体验装 极致A2精巧单盒,24,63.26
2026-10-1,天猫,猫旗,体验装单盒方巧,30,40.08
2026-10-1,天猫,猫旗,体验装单盒特品,84,102.07
2026-10-1,天猫,猫旗,小方白卡皮巴拉脱脂纯牛奶（200mL*24）,3,71.58
2026-10-1,小程序及其他,小程序及其他,250ml方巧(1*24),120,3847.5
2026-10-1,小程序及其他,小程序及其他,250ml三元纯牛奶节庆礼盒-2026中秋（1*18）,14,0
2026-10-1,小程序及其他,小程序及其他,250ml舒释奶（全脂)(1*12),3,59.67
2026-10-1,小程序及其他,小程序及其他,250S极致娟姗纯牛奶250mL*12,1,21.8
2026-10-1,小程序及其他,小程序及其他,250S极致有机纯牛奶250mL*12,4,96.5
2026-10-1,小程序及其他,小程序及其他,常温版极致三代全脂纯牛奶,27,586.01
2026-10-1,小程序及其他,小程序及其他,极致 3.8g 有机全脂梦幻盖（250ml*12）,14,0
2026-10-1,小程序及其他,小程序及其他,极致 3.8gA2β-酪蛋白全脂梦幻盖（250ml*12）,4,0
2026-10-1,小程序及其他,小程序及其他,极致三代低脂纯牛奶（250ml*12）,76,1652.43
2026-10-1,小程序及其他,小程序及其他,极致A2精巧装200ml*10,50,779.94
2026-10-1,小程序及其他,小程序及其他,简卡原味钻酸奶200g*10,20,440.07
2026-10-1,小程序及其他,小程序及其他,三元3.3g方白纯牛奶（250mL*24）,165,5070.47
2026-10-1,小程序及其他,小程序及其他,三元3.3g方白脱脂无菌砖(250ml*24),3,81.95
2026-10-1,小程序及其他,小程序及其他,三元3.3g全脂纯牛奶无菌砖（200ml*24）卡皮巴拉,2,57.27
2026-10-1,小程序及其他,小程序及其他,三元晚安牛奶（250ml*10）,10,259.84
2026-10-1,小程序及其他,小程序及其他,小方白卡皮巴拉脱脂纯牛奶（200mL*24）,4,95.44
2026-10-1,小程序及其他,小程序及其他,钻石装极致有机纯牛奶（200ml*10）,4,81.77
2026-10-1,新零售,新零售,250S极致娟姗纯牛奶250mL*12,2,43.6
2026-10-1,新零售,新零售,极小智有机A2纯牛奶200mL*10,3,55.44
2026-10-1,新零售,新零售,极致 3.8g 有机全脂梦幻盖（250ml*12）,5,0
2026-10-1,新零售,新零售,极致3.8g有机全脂纯牛奶梦幻盖（250ml*12）,5465,0
2026-10-1,新零售,新零售,极致高品质全脂纯牛奶（250ml*16）,2,54.22
2026-10-1,新零售,新零售,极致三代低脂纯牛奶（250ml*12）,6,130.45
2026-10-1,新零售,新零售,极致三代低脂无菌砖(250ml*12),1800,0
2026-10-1,新零售,新零售,三元3.2g小方枕全脂利乐枕-电商(227ml*16),1349,27376.61
2026-10-1,新零售,新零售,三元3.3g方白纯牛奶（250mL*24）,18,553.14
2026-10-1,新零售,新零售,三元3.3g方白纯牛奶（250mL*24）日常版,8284,0
2026-10-1,新零售,新零售,三元3.3g方白全脂无菌砖(200ml*24),549,0
2026-10-1,新零售,新零售,三元3.3g方白脱脂无菌砖(250ml*24),7,191.21
2026-10-1,新零售,新零售,三元高钙全脂无菌砖(250ml*20),527,0
2026-10-1,新零售,新零售,三元巧克力全脂无菌砖（250ml*24）,3513,0
2026-10-2,抖音,抖音,250ml三元纯牛奶节庆礼盒-2026中秋（1*18）,18,0
2026-10-2,抖音,抖音,250S极致娟姗纯牛奶250mL*12,262,5711.1
2026-10-2,抖音,抖音,极小智有机A2纯牛奶200mL*10,2,36.96
2026-10-2,抖音,抖音,极致 3.8g 有机全脂梦幻盖（250ml*12）,10,0
2026-10-2,抖音,抖音,极致高品质全脂纯牛奶（250ml*16）,756,20495.76
2026-10-2,抖音,抖音,极致A2精巧装200ml*10,6,93.59
2026-10-2,抖音,抖音,简卡原味钻酸奶200g*10,2,44.01
2026-10-2,抖音,抖音,三元3.3g方白纯牛奶（250mL*24）,877,26950.3
2026-10-2,抖音,抖音,三元3.3g方白脱脂无菌砖(250ml*24),33,901.41
2026-10-2,抖音,抖音,三元3.3g全脂纯牛奶无菌砖（200ml*24）卡皮巴拉,4,114.54
2026-10-2,抖音,抖音,三元北京纯牛奶全脂（250mL*10）,25,462.45
2026-10-2,抖音,抖音,三元纯牛奶足球礼盒（250ml*12）,3,63.63
2026-10-2,抖音,抖音,体验装 极致娟姗拆单盒,561,1019.06
2026-10-2,抖音,抖音,足球礼盒拆单盒,673,0
2026-10-2,抖音,抖音,钻石装极致有机纯牛奶（200ml*10）,9,183.97
2026-10-2,京东,京东自营,极致3.8g有机全脂纯牛奶梦幻盖（250ml*12）,1477,0
2026-10-2,京东,京东自营,极致4.0高蛋白纯牛奶250mL*24,2214,115272.57
2026-10-2,京东,京东自营,极致高品质全脂纯牛奶（250ml*16）,4994,135391.34
2026-10-2,京东,京东自营,极致三代低脂无菌砖(250ml*12),1,0
2026-10-2,京东,京东自营,三元3.3g方白纯牛奶（250mL*24）日常版,22670,0
2026-10-2,京东,京东自营,三元巧克力全脂无菌砖（250ml*24）,11072,0
2026-10-2,京东,京东POP,250ml方巧(1*24),32,1026
2026-10-2,京东,京东POP,250ml三元纯牛奶节庆礼盒-2026中秋（1*18）,3,0
2026-10-2,京东,京东POP,250ml舒释奶（全脂)(1*12),30,596.66
2026-10-2,京东,京东POP,250S极致娟姗纯牛奶250mL*12,1,21.8
2026-10-2,京东,京东POP,极小智有机A2纯牛奶200mL*10,6,110.89
2026-10-2,京东,京东POP,极致 3.8g 有机全脂梦幻盖（250ml*12）,4,0
2026-10-2,京东,京东POP,极致高品质全脂纯牛奶（250ml*16）,19,515.11
2026-10-2,京东,京东POP,极致A2精巧装200ml*10,79,1232.3
2026-10-2,京东,京东POP,简卡原味钻酸奶200g*10,4,88.01
2026-10-2,京东,京东POP,三元3.3g方白纯牛奶（250mL*24）,67,2058.92
2026-10-2,京东,京东POP,三元3.3g方白脱脂无菌砖(250ml*24),18,491.68
2026-10-2,京东,京东POP,三元3.3g全脂纯牛奶无菌砖（200ml*24）卡皮巴拉,15,429.51
2026-10-2,京东,京东POP,三元3.4g方白纯牛奶(250ml*16),2,0
2026-10-2,京东,京东POP,三元北京纯牛奶全脂（250mL*10）,3,55.49
2026-10-2,京东,京东POP,体验装 极致娟姗拆单盒,52,94.46
2026-10-2,京东,京东POP,钻石装极致有机纯牛奶（200ml*10）,175,3577.23
2026-10-2,拼多多,拼多多,250ml方巧(1*24),9,288.56
2026-10-2,拼多多,拼多多,250ml三元纯牛奶节庆礼盒-2026中秋（1*18）,1,0
2026-10-2,拼多多,拼多多,250ml舒释奶（全脂)(1*12),25,497.22
2026-10-2,拼多多,拼多多,常温版极致三代全脂纯牛奶,1,21.7
2026-10-2,拼多多,拼多多,极小智有机A2纯牛奶200mL*10,4,73.93
2026-10-2,拼多多,拼多多,极致 3.8g 有机全脂梦幻盖（250ml*12）,2,0
2026-10-2,拼多多,拼多多,极致 3.8gA2β-酪蛋白全脂梦幻盖（250ml*12）,1,0
2026-10-2,拼多多,拼多多,极致高品质全脂纯牛奶（250ml*16）,186,5042.61
2026-10-2,拼多多,拼多多,极致三代低脂纯牛奶（250ml*12）,4,86.97
2026-10-2,拼多多,拼多多,极致A2精巧装200ml*10,5,77.99
2026-10-2,拼多多,拼多多,简卡原味钻酸奶200g*10,4,88.01
2026-10-2,拼多多,拼多多,三元3.3g方白纯牛奶（250mL*24）,81,2489.14
2026-10-2,拼多多,拼多多,三元3.3g方白脱脂无菌砖(250ml*24),27,737.52
2026-10-2,拼多多,拼多多,三元3.3g全脂纯牛奶无菌砖（200ml*24）卡皮巴拉,4,114.54
2026-10-2,拼多多,拼多多,三元北京纯牛奶全脂（250mL*10）,1,18.5
2026-10-2,拼多多,拼多多,体验装单盒方巧,104,138.94
2026-10-2,拼多多,拼多多,小方白卡皮巴拉脱脂纯牛奶（200mL*24）,4,95.44
2026-10-2,拼多多,拼多多,钻石装极致有机纯牛奶（200ml*10）,21,429.27
2026-10-2,天猫,猫旗,250ml方巧(1*24),12,384.75
2026-10-2,天猫,猫旗,250ml舒释奶（全脂)(1*12),3,59.67
2026-10-2,天猫,猫旗,250S极致娟姗纯牛奶250mL*12,1,21.8
2026-10-2,天猫,猫旗,250S极致有机纯牛奶250mL*12,12,289.51
2026-10-2,天猫,猫旗,常温版极致三代全脂纯牛奶,1,21.7
2026-10-2,天猫,猫旗,极小智有机A2纯牛奶200mL*10,6,110.89
2026-10-2,天猫,猫旗,极致 3.8g 有机全脂梦幻盖（250ml*12）,1,0
2026-10-2,天猫,猫旗,极致 3.8gA2β-酪蛋白全脂梦幻盖（250ml*12）,11,0
2026-10-2,天猫,猫旗,极致高品质全脂纯牛奶（250ml*16）,5,135.55
2026-10-2,天猫,猫旗,极致三代低脂纯牛奶（250ml*12）,6,130.45
2026-10-2,天猫,猫旗,极致A2精巧装200ml*10,9,140.39
2026-10-2,天猫,猫旗,简卡原味钻酸奶200g*10,8,176.03
2026-10-2,天猫,猫旗,三元3.3g方白纯牛奶（250mL*24）,178,5469.96
2026-10-2,天猫,猫旗,三元3.3g方白脱脂无菌砖(250ml*24),29,792.15
2026-10-2,天猫,猫旗,三元3.3g全脂纯牛奶无菌砖（200ml*24）卡皮巴拉,4,114.54
2026-10-2,天猫,猫旗,三元北京纯牛奶全脂（250mL*10）,4,73.99
2026-10-2,天猫,猫旗,三元纯牛奶足球礼盒（250ml*12）,2,42.42
2026-10-2,天猫,猫旗,三元晚安牛奶（250ml*10）,3,77.95
2026-10-2,天猫,猫旗,体验装 极致娟姗拆单盒,6,10.9
2026-10-2,天猫,猫旗,体验装 极致A2精巧单盒,6,15.81
2026-10-2,天猫,猫旗,体验装单盒方巧,54,72.14
2026-10-2,天猫,猫旗,体验装单盒特品,84,102.07
2026-10-2,天猫,猫旗,小方白卡皮巴拉脱脂纯牛奶（200mL*24）,5,119.3
2026-10-2,小程序及其他,小程序及其他,250ml方巧(1*24),51,1635.19
2026-10-2,小程序及其他,小程序及其他,250ml三元纯牛奶节庆礼盒-2026中秋（1*18）,2,0
2026-10-2,小程序及其他,小程序及其他,250ml舒释奶（全脂)(1*12),4,79.55
2026-10-2,小程序及其他,小程序及其他,250S极致有机纯牛奶250mL*12,6,144.75
2026-10-2,小程序及其他,小程序及其他,常温版极致三代全脂纯牛奶,12,260.45
2026-10-2,小程序及其他,小程序及其他,极小智有机A2纯牛奶200mL*10,1,18.48
2026-10-2,小程序及其他,小程序及其他,极致 3.8g 有机全脂梦幻盖（250ml*12）,9,0
2026-10-2,小程序及其他,小程序及其他,极致 3.8gA2β-酪蛋白全脂梦幻盖（250ml*12）,15,0
2026-10-2,小程序及其他,小程序及其他,极致三代低脂纯牛奶（250ml*12）,73,1587.2
2026-10-2,小程序及其他,小程序及其他,极致A2精巧装200ml*10,90,1403.88
2026-10-2,小程序及其他,小程序及其他,简卡原味钻酸奶200g*10,2,44.01
2026-10-2,小程序及其他,小程序及其他,三元3.3g方白纯牛奶（250mL*24）,76,2335.49
2026-10-2,小程序及其他,小程序及其他,三元3.3g方白脱脂无菌砖(250ml*24),6,163.89
2026-10-2,小程序及其他,小程序及其他,三元3.3g全脂纯牛奶无菌砖（200ml*24）卡皮巴拉,14,400.87
2026-10-2,小程序及其他,小程序及其他,三元晚安牛奶（250ml*10）,8,207.87
2026-10-2,小程序及其他,小程序及其他,小方白卡皮巴拉脱脂纯牛奶（200mL*24）,1,23.86
2026-10-2,小程序及其他,小程序及其他,钻石装极致有机纯牛奶（200ml*10）,5,102.21
2026-10-2,新零售,新零售,250ml三元纯牛奶节庆礼盒-2026中秋（1*18）,1,0
2026-10-2,新零售,新零售,250S极致娟姗纯牛奶250mL*12,1,21.8
2026-10-2,新零售,新零售,极小智有机A2纯牛奶200mL*10,1,18.48
2026-10-2,新零售,新零售,极致 3.8g 有机全脂梦幻盖（250ml*12）,4,0
2026-10-2,新零售,新零售,极致3.8g有机全脂纯牛奶梦幻盖（250ml*12）,2559,0
2026-10-2,新零售,新零售,极致三代低脂纯牛奶（250ml*12）,4,86.97
2026-10-2,新零售,新零售,三元3.2g小方枕全脂利乐枕-电商(227ml*16),35,710.29
2026-10-2,新零售,新零售,三元3.3g方白纯牛奶（250mL*24）,6,184.38
2026-10-2,新零售,新零售,三元3.3g方白纯牛奶（250mL*24）日常版,4000,0
2026-10-2,新零售,新零售,三元3.3g方白脱脂无菌砖(250ml*24),3,81.95
2026-10-2,新零售,新零售,三元巧克力全脂无菌砖（250ml*24）,220,0
2026-10-3,抖音,抖音,250ml三元纯牛奶节庆礼盒-2026中秋（1*18）,6,0
2026-10-3,抖音,抖音,250S极致娟姗纯牛奶250mL*12,175,3814.67
2026-10-3,抖音,抖音,极致 3.8g 有机全脂梦幻盖（250ml*12）,6,0
2026-10-3,抖音,抖音,极致 3.8gA2β-酪蛋白全脂梦幻盖（250ml*12）,2,0
2026-10-3,抖音,抖音,极致高品质全脂纯牛奶（250ml*16）,678,18381.12
2026-10-3,抖音,抖音,极致三代低脂纯牛奶（250ml*12）,6,130.45
2026-10-3,抖音,抖音,简卡原味钻酸奶200g*10,1,22
2026-10-3,抖音,抖音,三元3.3g方白纯牛奶（250mL*24）,804,24707
2026-10-3,抖音,抖音,三元3.3g方白脱脂无菌砖(250ml*24),23,628.26
2026-10-3,抖音,抖音,三元3.3g全脂纯牛奶无菌砖（200ml*24）卡皮巴拉,9,257.7
2026-10-3,抖音,抖音,三元北京纯牛奶全脂（250mL*10）,12,221.97
2026-10-3,抖音,抖音,三元纯牛奶足球礼盒（250ml*12）,2,42.42
2026-10-3,抖音,抖音,体验装 极致娟姗拆单盒,556,1009.98
2026-10-3,抖音,抖音,足球礼盒拆单盒,612,0
2026-10-3,京东,京东自营,极致3.8g有机全脂纯牛奶梦幻盖（250ml*12）,4732,0
2026-10-3,京东,京东自营,极致三代全脂无菌砖（250ml*12）,2400,0
2026-10-3,京东,京东自营,极致有机全脂苗条砖(250ml*12),1956,0
2026-10-3,京东,京东自营,三元3.3g方白纯牛奶（250mL*24）日常版,17604,0
2026-10-3,京东,京东自营,小方白卡皮巴拉低脂高钙牛奶（200mL*24）,4047,106515.42
2026-10-3,京东,京东POP,250ml方巧(1*24),77,2468.81
2026-10-3,京东,京东POP,250ml三元纯牛奶节庆礼盒-2026中秋（1*18）,1,0
2026-10-3,京东,京东POP,250ml舒释奶（全脂)(1*12),21,417.66
2026-10-3,京东,京东POP,常温版极致三代全脂纯牛奶,3,65.11
2026-10-3,京东,京东POP,极小智有机A2纯牛奶200mL*10,2,36.96
2026-10-3,京东,京东POP,极致 3.8g 有机全脂梦幻盖（250ml*12）,2,0
2026-10-3,京东,京东POP,极致高品质全脂纯牛奶（250ml*16）,26,704.88
2026-10-3,京东,京东POP,极致A2精巧装200ml*10,43,670.74
2026-10-3,京东,京东POP,三元3.3g方白纯牛奶（250mL*24）,42,1290.66
2026-10-3,京东,京东POP,三元3.3g方白脱脂无菌砖(250ml*24),19,519
2026-10-3,京东,京东POP,三元3.3g全脂纯牛奶无菌砖（200ml*24）卡皮巴拉,12,343.61
2026-10-3,京东,京东POP,三元3.4g方白纯牛奶(250ml*16),2,0
2026-10-3,京东,京东POP,三元北京纯牛奶全脂（250mL*10）,2,37
2026-10-3,京东,京东POP,钻石装极致有机纯牛奶（200ml*10）,161,3291.05
2026-10-3,拼多多,拼多多,250ml方巧(1*24),12,384.75
2026-10-3,拼多多,拼多多,250ml舒释奶（全脂)(1*12),28,556.88
2026-10-3,拼多多,拼多多,250S极致娟姗纯牛奶250mL*12,2,43.6
2026-10-3,拼多多,拼多多,极小智有机A2纯牛奶200mL*10,3,55.44
2026-10-3,拼多多,拼多多,极致 3.8gA2β-酪蛋白全脂梦幻盖（250ml*12）,4,0
2026-10-3,拼多多,拼多多,极致高品质全脂纯牛奶（250ml*16）,190,5151.05
2026-10-3,拼多多,拼多多,极致三代低脂纯牛奶（250ml*12）,2,43.49
2026-10-3,拼多多,拼多多,极致A2精巧装200ml*10,2,31.2
2026-10-3,拼多多,拼多多,简卡原味钻酸奶200g*10,1,22
2026-10-3,拼多多,拼多多,三元3.3g方白纯牛奶（250mL*24）,107,3288.12
2026-10-3,拼多多,拼多多,三元3.3g方白脱脂无菌砖(250ml*24),41,1119.94
2026-10-3,拼多多,拼多多,三元3.3g全脂纯牛奶无菌砖（200ml*24）卡皮巴拉,22,629.94
2026-10-3,拼多多,拼多多,三元晚安牛奶（250ml*10）,1,25.98
2026-10-3,拼多多,拼多多,体验装单盒方巧,96,128.25
2026-10-3,拼多多,拼多多,小方白卡皮巴拉脱脂纯牛奶（200mL*24）,14,334.04
2026-10-3,拼多多,拼多多,钻石装极致有机纯牛奶（200ml*10）,9,183.97
2026-10-3,天猫,猫超,极致娟姗全脂苗条砖(250ml*12),115,0
2026-10-3,天猫,猫超,小方白卡皮巴拉低脂高钙牛奶（200mL*24）,2015,53033.99
2026-10-3,天猫,猫旗,250ml方巧(1*24),34,1090.13
2026-10-3,天猫,猫旗,250ml舒释奶（全脂)(1*12),1,19.89
2026-10-3,天猫,猫旗,250S极致有机纯牛奶250mL*12,6,144.75
2026-10-3,天猫,猫旗,芭芭农场纸箱,1,0
2026-10-3,天猫,猫旗,芭芭农场DM单,1,0
2026-10-3,天猫,猫旗,常温版极致三代全脂纯牛奶,1,21.7
2026-10-3,天猫,猫旗,极小智有机A2纯牛奶200mL*10,2,36.96
2026-10-3,天猫,猫旗,极致 3.8g 有机全脂梦幻盖（250ml*12）,1,0
2026-10-3,天猫,猫旗,极致 3.8gA2β-酪蛋白全脂梦幻盖（250ml*12）,16,0
2026-10-3,天猫,猫旗,极致高品质全脂纯牛奶（250ml*16）,8,216.89
2026-10-3,天猫,猫旗,极致三代低脂纯牛奶（250ml*12）,10,217.43
2026-10-3,天猫,猫旗,极致A2精巧装200ml*10,4,62.39
2026-10-3,天猫,猫旗,简卡原味钻酸奶200g*10,5,110.02
2026-10-3,天猫,猫旗,三元3.3g方白纯牛奶（250mL*24）,189,5807.99
2026-10-3,天猫,猫旗,三元3.3g方白脱脂无菌砖(250ml*24),33,901.41
2026-10-3,天猫,猫旗,三元3.3g全脂纯牛奶无菌砖（200ml*24）卡皮巴拉,4,114.54
2026-10-3,天猫,猫旗,三元北京纯牛奶全脂（250mL*10）,7,129.48
2026-10-3,天猫,猫旗,三元晚安牛奶（250ml*10）,5,129.92
2026-10-3,天猫,猫旗,体验装 极致娟姗拆单盒,24,43.6
2026-10-3,天猫,猫旗,体验装 极致A2精巧单盒,12,31.63
2026-10-3,天猫,猫旗,体验装 特品脱脂拆单盒,6,5.96
2026-10-3,天猫,猫旗,体验装单盒方巧,30,40.08
2026-10-3,天猫,猫旗,体验装单盒特品,36,43.75
2026-10-3,天猫,猫旗,小方白卡皮巴拉脱脂纯牛奶（200mL*24）,10,238.6
2026-10-3,小程序及其他,小程序及其他,250ml方巧(1*24),99,3174.19
2026-10-3,小程序及其他,小程序及其他,250ml三元纯牛奶节庆礼盒-2026中秋（1*18）,4,0
2026-10-3,小程序及其他,小程序及其他,250ml舒释奶（全脂)(1*12),3,59.67
2026-10-3,小程序及其他,小程序及其他,250S极致有机纯牛奶250mL*12,2,48.25
2026-10-3,小程序及其他,小程序及其他,常温版极致三代全脂纯牛奶,19,412.37
2026-10-3,小程序及其他,小程序及其他,极小智有机A2纯牛奶200mL*10,3,55.44
2026-10-3,小程序及其他,小程序及其他,极致 3.8g 有机全脂梦幻盖（250ml*12）,9,0
2026-10-3,小程序及其他,小程序及其他,极致 3.8gA2β-酪蛋白全脂梦幻盖（250ml*12）,17,0
2026-10-3,小程序及其他,小程序及其他,极致三代低脂纯牛奶（250ml*12）,26,565.3
2026-10-3,小程序及其他,小程序及其他,极致A2精巧装200ml*10,82,1279.09
2026-10-3,小程序及其他,小程序及其他,简卡原味钻酸奶200g*10,11,242.04
2026-10-3,小程序及其他,小程序及其他,三元3.3g方白纯牛奶（250mL*24）,125,3841.26
2026-10-3,小程序及其他,小程序及其他,三元3.3g方白脱脂无菌砖(250ml*24),2,54.63
2026-10-3,小程序及其他,小程序及其他,三元3.3g全脂纯牛奶无菌砖（200ml*24）卡皮巴拉,18,515.41
2026-10-3,小程序及其他,小程序及其他,三元北京纯牛奶全脂（250mL*10）,2,37
2026-10-3,小程序及其他,小程序及其他,三元晚安牛奶（250ml*10）,4,103.94
2026-10-3,小程序及其他,小程序及其他,小方白卡皮巴拉脱脂纯牛奶（200mL*24）,4,95.44
2026-10-3,小程序及其他,小程序及其他,钻石装极致有机纯牛奶（200ml*10）,5,102.21
2026-10-3,新零售,新零售,极小智有机A2纯牛奶200mL*10,1,18.48
2026-10-3,新零售,新零售,极致 3.8g 有机全脂梦幻盖（250ml*12）,2,0
2026-10-3,新零售,新零售,极致3.8g有机全脂纯牛奶梦幻盖（250ml*12）,2232,0
2026-10-3,新零售,新零售,极致高品质全脂纯牛奶（250ml*16）,2,54.22
2026-10-3,新零售,新零售,极致娟姗全脂苗条砖(250ml*12),1885,0
2026-10-3,新零售,新零售,极致三代低脂纯牛奶（250ml*12）,3,65.23
2026-10-3,新零售,新零售,极致三代全脂无菌砖（250ml*12）,600,0
2026-10-3,新零售,新零售,三元3.2g小方枕全脂利乐枕-电商(227ml*16),1952,39613.89
2026-10-3,新零售,新零售,三元3.3g方白纯牛奶（250mL*24）,3,92.19
2026-10-3,新零售,新零售,三元3.3g方白脱脂无菌砖(250ml*24),2,54.63
2026-10-3,新零售,新零售,三元高钙全脂无菌砖(250ml*20),2000,0
2026-10-4,抖音,抖音,250ml三元纯牛奶节庆礼盒-2026中秋（1*18）,2,0
2026-10-4,抖音,抖音,250S极致娟姗纯牛奶250mL*12,484,10550.28
2026-10-4,抖音,抖音,极小智有机A2纯牛奶200mL*10,11,203.29
2026-10-4,抖音,抖音,极致 3.8g 有机全脂梦幻盖（250ml*12）,2,0
2026-10-4,抖音,抖音,极致 3.8gA2β-酪蛋白全脂梦幻盖（250ml*12）,6,0
2026-10-4,抖音,抖音,极致高品质全脂纯牛奶（250ml*16）,1086,29442.33
2026-10-4,抖音,抖音,极致三代低脂纯牛奶（250ml*12）,6,130.45
2026-10-4,抖音,抖音,极致A2精巧装200ml*10,7,109.19
2026-10-4,抖音,抖音,简卡原味钻酸奶200g*10,1,22
2026-10-4,抖音,抖音,三元3.3g方白纯牛奶（250mL*24）,992,30484.26
2026-10-4,抖音,抖音,三元3.3g方白脱脂无菌砖(250ml*24),28,764.84
2026-10-4,抖音,抖音,三元3.3g全脂纯牛奶无菌砖（200ml*24）卡皮巴拉,8,229.07
2026-10-4,抖音,抖音,三元北京纯牛奶全脂（250mL*10）,22,406.95
2026-10-4,抖音,抖音,三元纯牛奶足球礼盒（250ml*12）,4,84.84
2026-10-4,抖音,抖音,体验装 极致娟姗拆单盒,929,1687.54
2026-10-4,抖音,抖音,小方白卡皮巴拉脱脂纯牛奶（200mL*24）,2,47.72
2026-10-4,抖音,抖音,足球礼盒拆单盒,1003,0
2026-10-4,抖音,抖音,钻石装极致有机纯牛奶（200ml*10）,3,61.32
2026-10-4,京东,京东自营,极致3.8g有机全脂纯牛奶梦幻盖（250ml*12）,1327,0
2026-10-4,京东,京东自营,三元3.3g方白纯牛奶（250mL*24）日常版,23339,0
2026-10-4,京东,京东自营,三元高钙全脂无菌砖(250ml*20),1000,0
2026-10-4,京东,京东自营,钻石包极致有机纯牛奶（200ml*21）,5320,192892.03
2026-10-4,京东,京东POP,250ml方巧(1*24),72,2308.5
2026-10-4,京东,京东POP,250ml舒释奶（全脂)(1*12),21,417.66
2026-10-4,京东,京东POP,250S极致娟姗纯牛奶250mL*12,5,108.99
2026-10-4,京东,京东POP,常温版极致三代全脂纯牛奶,1,21.7
2026-10-4,京东,京东POP,极小智有机A2纯牛奶200mL*10,15,277.22
2026-10-4,京东,京东POP,极致高品质全脂纯牛奶（250ml*16）,23,623.55
2026-10-4,京东,京东POP,极致A2精巧装200ml*10,51,795.53
2026-10-4,京东,京东POP,三元 白盒纯牛奶250ml*12礼盒装,1,0
2026-10-4,京东,京东POP,三元3.3g方白纯牛奶（250mL*24）,35,1075.55
2026-10-4,京东,京东POP,三元3.3g方白脱脂无菌砖(250ml*24),20,546.31
2026-10-4,京东,京东POP,三元3.3g全脂纯牛奶无菌砖（200ml*24）卡皮巴拉,25,715.85
2026-10-4,京东,京东POP,三元3.4g方白纯牛奶(250ml*16),2,0
2026-10-4,京东,京东POP,三元北京纯牛奶全脂（250mL*10）,5,92.49
2026-10-4,京东,京东POP,钻石装极致有机纯牛奶（200ml*10）,124,2534.72
2026-10-4,拼多多,拼多多,250ml方巧(1*24),16,513
2026-10-4,拼多多,拼多多,250ml舒释奶（全脂)(1*12),26,517.11
2026-10-4,拼多多,拼多多,常温版极致三代全脂纯牛奶,1,21.7
2026-10-4,拼多多,拼多多,极小智有机A2纯牛奶200mL*10,3,55.44
2026-10-4,拼多多,拼多多,极致 3.8gA2β-酪蛋白全脂梦幻盖（250ml*12）,2,0
2026-10-4,拼多多,拼多多,极致高品质全脂纯牛奶（250ml*16）,165,4473.28
2026-10-4,拼多多,拼多多,极致三代低脂纯牛奶（250ml*12）,2,43.49
2026-10-4,拼多多,拼多多,极致A2精巧装200ml*10,1,15.6
2026-10-4,拼多多,拼多多,简卡原味钻酸奶200g*10,6,132.02
2026-10-4,拼多多,拼多多,三元3.3g方白纯牛奶（250mL*24）,115,3533.96
2026-10-4,拼多多,拼多多,三元3.3g方白脱脂无菌砖(250ml*24),56,1529.67
2026-10-4,拼多多,拼多多,三元3.3g全脂纯牛奶无菌砖（200ml*24）卡皮巴拉,6,171.8
2026-10-4,拼多多,拼多多,三元北京纯牛奶全脂（250mL*10）,1,18.5
2026-10-4,拼多多,拼多多,体验装单盒方巧,120,160.31
2026-10-4,拼多多,拼多多,小方白卡皮巴拉脱脂纯牛奶（200mL*24）,9,214.74
2026-10-4,拼多多,拼多多,钻石装极致有机纯牛奶（200ml*10）,9,183.97
2026-10-4,天猫,猫超,钻石包极致有机纯牛奶（200ml*21）,508,18419.01
2026-10-4,天猫,猫旗,250ml方巧(1*24),28,897.75
2026-10-4,天猫,猫旗,250ml三元纯牛奶节庆礼盒-2026中秋（1*18）,1,0
2026-10-4,天猫,猫旗,250ml舒释奶（全脂)(1*12),5,99.44
2026-10-4,天猫,猫旗,250S极致娟姗纯牛奶250mL*12,2,43.6
2026-10-4,天猫,猫旗,250S极致有机纯牛奶250mL*12,5,120.63
2026-10-4,天猫,猫旗,芭芭农场纸箱,1,0
2026-10-4,天猫,猫旗,芭芭农场DM单,1,0
2026-10-4,天猫,猫旗,常温版极致三代全脂纯牛奶,8,173.63
2026-10-4,天猫,猫旗,极小智有机A2纯牛奶200mL*10,11,203.29
2026-10-4,天猫,猫旗,极致 3.8g 有机全脂梦幻盖（250ml*12）,4,0
2026-10-4,天猫,猫旗,极致 3.8gA2β-酪蛋白全脂梦幻盖（250ml*12）,16,0
2026-10-4,天猫,猫旗,极致高品质全脂纯牛奶（250ml*16）,5,135.55
2026-10-4,天猫,猫旗,极致三代低脂纯牛奶（250ml*12）,7,152.2
2026-10-4,天猫,猫旗,极致A2精巧装200ml*10,9,140.39
2026-10-4,天猫,猫旗,简卡原味钻酸奶200g*10,7,154.03
2026-10-4,天猫,猫旗,三元3.3g方白纯牛奶（250mL*24）,177,5439.23
2026-10-4,天猫,猫旗,三元3.3g方白脱脂无菌砖(250ml*24),46,1256.52
2026-10-4,天猫,猫旗,三元3.3g全脂纯牛奶无菌砖（200ml*24）卡皮巴拉,3,85.9
2026-10-4,天猫,猫旗,三元北京纯牛奶全脂（250mL*10）,3,55.49
2026-10-4,天猫,猫旗,体验装 极全单盒,6,10.17
2026-10-4,天猫,猫旗,体验装 极致娟姗拆单盒,18,32.7
2026-10-4,天猫,猫旗,体验装 极致A2精巧单盒,42,110.7
2026-10-4,天猫,猫旗,体验装单盒方巧,42,56.11
2026-10-4,天猫,猫旗,体验装单盒特品,60,72.91
2026-10-4,天猫,猫旗,小方白卡皮巴拉脱脂纯牛奶（200mL*24）,3,71.58
2026-10-4,小程序及其他,小程序及其他,250ml方巧(1*24),108,3462.75
2026-10-4,小程序及其他,小程序及其他,250ml舒释奶（全脂)(1*12),9,179
2026-10-4,小程序及其他,小程序及其他,常温版极致三代全脂纯牛奶,135,2930.03
2026-10-4,小程序及其他,小程序及其他,极小智有机A2纯牛奶200mL*10,5,92.41
2026-10-4,小程序及其他,小程序及其他,极致 3.8g 有机全脂梦幻盖（250ml*12）,9,0
2026-10-4,小程序及其他,小程序及其他,极致 3.8gA2β-酪蛋白全脂梦幻盖（250ml*12）,44,0
2026-10-4,小程序及其他,小程序及其他,极致三代低脂纯牛奶（250ml*12）,89,1935.08
2026-10-4,小程序及其他,小程序及其他,极致A2精巧装200ml*10,120,1871.84
2026-10-4,小程序及其他,小程序及其他,简卡原味钻酸奶200g*10,17,374.06
2026-10-4,小程序及其他,小程序及其他,三元3.3g方白纯牛奶（250mL*24）,86,2642.79
2026-10-4,小程序及其他,小程序及其他,三元3.3g方白脱脂无菌砖(250ml*24),3,81.95
2026-10-4,小程序及其他,小程序及其他,三元3.3g全脂纯牛奶无菌砖（200ml*24）卡皮巴拉,19,544.04
2026-10-4,小程序及其他,小程序及其他,三元晚安牛奶（250ml*10）,6,155.91
2026-10-4,小程序及其他,小程序及其他,小方白卡皮巴拉脱脂纯牛奶（200mL*24）,4,95.44
2026-10-4,小程序及其他,小程序及其他,钻石装极致有机纯牛奶（200ml*10）,52,1062.95
2026-10-4,新零售,新零售,250S极致娟姗纯牛奶250mL*12,1,21.8
2026-10-4,新零售,新零售,极致 3.8g 有机全脂梦幻盖（250ml*12）,1,0
2026-10-4,新零售,新零售,极致三代低脂纯牛奶（250ml*12）,1,21.74
2026-10-4,新零售,新零售,极致三代低脂无菌砖(250ml*12),2012,0
2026-10-4,新零售,新零售,极致A2β-酪蛋白全脂无菌砖(200ml*10),902,0
2026-10-4,新零售,新零售,三元3.2g小方枕全脂利乐枕-电商(227ml*16),15,304.41
2026-10-4,新零售,新零售,三元3.3g方白纯牛奶（250mL*24）,6,184.38
2026-10-4,新零售,新零售,三元3.3g方白纯牛奶（250mL*24）日常版,4130,0
2026-10-4,新零售,新零售,三元3.3g方白脱脂无菌砖(250ml*24),3,81.95
2026-10-4,新零售,新零售,三元3.3g全脂纯牛奶无菌砖（200ml*24）卡皮巴拉,1123,32155.76
2026-10-4,新零售,新零售,三元有机3.4g全脂苗条砖纯牛奶（200mL*10）,5118,0
2026-10-4,新零售,新零售,钻石包极致有机纯牛奶（200ml*21）,356,12907.81
2026-10-5,抖音,抖音,250ml方巧(1*24),2,64.13
2026-10-5,抖音,抖音,250ml三元纯牛奶节庆礼盒-2026中秋（1*18）,8,0
2026-10-5,抖音,抖音,250S极致娟姗纯牛奶250mL*12,264,5754.7
2026-10-5,抖音,抖音,常温版极致三代全脂纯牛奶,2,43.41
2026-10-5,抖音,抖音,极小智有机A2纯牛奶200mL*10,1,18.48
2026-10-5,抖音,抖音,极致 3.8g 有机全脂梦幻盖（250ml*12）,6,0
2026-10-5,抖音,抖音,极致 3.8gA2β-酪蛋白全脂梦幻盖（250ml*12）,2,0
2026-10-5,抖音,抖音,极致高品质全脂纯牛奶（250ml*16）,1463,39663.1
2026-10-5,抖音,抖音,极致三代低脂纯牛奶（250ml*12）,6,130.45
2026-10-5,抖音,抖音,极致A2精巧装200ml*10,11,171.59
2026-10-5,抖音,抖音,三元3.3g方白纯牛奶（250mL*24）,818,25137.22
2026-10-5,抖音,抖音,三元3.3g方白脱脂无菌砖(250ml*24),40,1092.62
2026-10-5,抖音,抖音,三元3.3g全脂纯牛奶无菌砖（200ml*24）卡皮巴拉,5,143.17
2026-10-5,抖音,抖音,三元北京纯牛奶全脂（250mL*10）,32,591.93
2026-10-5,抖音,抖音,三元纯牛奶足球礼盒（250ml*12）,3,63.63
2026-10-5,抖音,抖音,体验装 极致娟姗拆单盒,1399,2541.3
2026-10-5,抖音,抖音,足球礼盒拆单盒,1409,0
2026-10-5,抖音,抖音,钻石装极致有机纯牛奶（200ml*10）,3,61.32
2026-10-5,京东,京东自营,极致高品质全脂纯牛奶（250ml*16）,8944,242479
2026-10-5,京东,京东自营,极致A2精巧装16入,2912,69509.44
2026-10-5,京东,京东自营,钻石包极致有机纯牛奶（200ml*21）,2957,107214.61
2026-10-5,京东,京东POP,250ml方巧(1*24),62,1987.88
2026-10-5,京东,京东POP,250ml舒释奶（全脂)(1*12),20,397.77
2026-10-5,京东,京东POP,250S极致娟姗纯牛奶250mL*12,2,43.6
2026-10-5,京东,京东POP,常温版极致三代全脂纯牛奶,3,65.11
2026-10-5,京东,京东POP,极小智有机A2纯牛奶200mL*10,19,351.14
2026-10-5,京东,京东POP,极致 3.8g 有机全脂梦幻盖（250ml*12）,4,0
2026-10-5,京东,京东POP,极致高品质全脂纯牛奶（250ml*16）,27,731.99
2026-10-5,京东,京东POP,极致三代低脂纯牛奶（250ml*12）,2,43.49
2026-10-5,京东,京东POP,极致A2精巧装200ml*10,50,779.94
2026-10-5,京东,京东POP,三元3.3g方白纯牛奶（250mL*24）,52,1597.97
2026-10-5,京东,京东POP,三元3.3g方白脱脂无菌砖(250ml*24),12,327.79
2026-10-5,京东,京东POP,三元3.3g全脂纯牛奶无菌砖（200ml*24）卡皮巴拉,9,257.7
2026-10-5,京东,京东POP,三元3.4g方白纯牛奶(250ml*16),8,0
2026-10-5,京东,京东POP,三元北京纯牛奶全脂（250mL*10）,5,92.49
2026-10-5,京东,京东POP,三元纯牛奶足球礼盒（250ml*12）,1,21.21
2026-10-5,京东,京东POP,体验装单盒方巧,4,5.34
2026-10-5,京东,京东POP,钻石装极致有机纯牛奶（200ml*10）,99,2023.69
2026-10-5,拼多多,拼多多,250ml方巧(1*24),18,577.13
2026-10-5,拼多多,拼多多,250ml三元纯牛奶节庆礼盒-2026中秋（1*18）,2,0
2026-10-5,拼多多,拼多多,250ml舒释奶（全脂)(1*12),34,676.22
2026-10-5,拼多多,拼多多,常温版极致三代全脂纯牛奶,3,65.11
2026-10-5,拼多多,拼多多,极小智有机A2纯牛奶200mL*10,3,55.44
2026-10-5,拼多多,拼多多,极致 3.8g 有机全脂梦幻盖（250ml*12）,2,0
2026-10-5,拼多多,拼多多,极致 3.8gA2β-酪蛋白全脂梦幻盖（250ml*12）,2,0
2026-10-5,拼多多,拼多多,极致高品质全脂纯牛奶（250ml*16）,144,3903.96
2026-10-5,拼多多,拼多多,极致三代低脂纯牛奶（250ml*12）,1,21.74
2026-10-5,拼多多,拼多多,极致A2精巧装200ml*10,2,31.2
2026-10-5,拼多多,拼多多,简卡原味钻酸奶200g*10,1,22
2026-10-5,拼多多,拼多多,三元3.3g方白纯牛奶（250mL*24）,98,3011.55
2026-10-5,拼多多,拼多多,三元3.3g方白脱脂无菌砖(250ml*24),41,1119.94
2026-10-5,拼多多,拼多多,三元北京纯牛奶全脂（250mL*10）,2,37
2026-10-5,拼多多,拼多多,三元晚安牛奶（250ml*10）,2,51.97
2026-10-5,拼多多,拼多多,体验装单盒方巧,72,96.19
2026-10-5,拼多多,拼多多,小方白卡皮巴拉脱脂纯牛奶（200mL*24）,8,190.88
2026-10-5,拼多多,拼多多,钻石装极致有机纯牛奶（200ml*10）,12,245.3
2026-10-5,天猫,猫超,极致高品质全脂纯牛奶（250ml*16）,132,3578.63
2026-10-5,天猫,猫超,极致三代低脂无菌砖(250ml*12),53,0
2026-10-5,天猫,猫超,极致A2β-酪蛋白全脂无菌砖(200ml*10),9,0
2026-10-5,天猫,猫超,三元3.2g小方枕全脂利乐枕-电商(227ml*16),151,3064.39
2026-10-5,天猫,猫超,三元高钙全脂无菌砖(250ml*20),547,0
2026-10-5,天猫,猫超,钻石包极致有机纯牛奶（200ml*21）,1123,40717.62
2026-10-5,天猫,猫旗,250ml方巧(1*24),29,929.81
2026-10-5,天猫,猫旗,250ml舒释奶（全脂)(1*12),7,139.22
2026-10-5,天猫,猫旗,250S极致娟姗纯牛奶250mL*12,10,217.98
2026-10-5,天猫,猫旗,250S极致有机纯牛奶250mL*12,10,241.26
2026-10-5,天猫,猫旗,常温版极致三代全脂纯牛奶,2,43.41
2026-10-5,天猫,猫旗,极小智有机A2纯牛奶200mL*10,16,295.7
2026-10-5,天猫,猫旗,极致 3.8g 有机全脂梦幻盖（250ml*12）,2,0
2026-10-5,天猫,猫旗,极致 3.8gA2β-酪蛋白全脂梦幻盖（250ml*12）,4,0
2026-10-5,天猫,猫旗,极致高品质全脂纯牛奶（250ml*16）,8,216.89
2026-10-5,天猫,猫旗,极致三代低脂纯牛奶（250ml*12）,2,43.49
2026-10-5,天猫,猫旗,极致A2精巧装200ml*10,10,155.99
2026-10-5,天猫,猫旗,简卡原味钻酸奶200g*10,10,220.04
2026-10-5,天猫,猫旗,三元3.3g方白纯牛奶（250mL*24）,181,5562.15
2026-10-5,天猫,猫旗,三元3.3g方白脱脂无菌砖(250ml*24),54,1475.04
2026-10-5,天猫,猫旗,三元3.3g全脂纯牛奶无菌砖（200ml*24）卡皮巴拉,3,85.9
2026-10-5,天猫,猫旗,三元北京纯牛奶全脂（250mL*10）,9,166.48
2026-10-5,天猫,猫旗,三元晚安牛奶（250ml*10）,3,77.95
2026-10-5,天猫,猫旗,体验装 极全单盒,6,10.17
2026-10-5,天猫,猫旗,体验装 极致娟姗拆单盒,24,43.6
2026-10-5,天猫,猫旗,体验装 极致A2精巧单盒,24,63.26
2026-10-5,天猫,猫旗,体验装单盒方巧,18,24.05
2026-10-5,天猫,猫旗,体验装单盒特品,42,51.04
2026-10-5,天猫,猫旗,小方白卡皮巴拉脱脂纯牛奶（200mL*24）,13,310.18
2026-10-5,天猫,猫旗,钻石装极致有机纯牛奶（200ml*10）,4,81.77
2026-10-5,小程序及其他,小程序及其他,250ml方巧(1*24),80,2565
2026-10-5,小程序及其他,小程序及其他,250ml三元纯牛奶节庆礼盒-2026中秋（1*18）,2,0
2026-10-5,小程序及其他,小程序及其他,250ml舒释奶（全脂)(1*12),3,59.67
2026-10-5,小程序及其他,小程序及其他,250S极致有机纯牛奶250mL*12,4,96.5
2026-10-5,小程序及其他,小程序及其他,常温版极致三代全脂纯牛奶,27,586.01
2026-10-5,小程序及其他,小程序及其他,极小智有机A2纯牛奶200mL*10,2,36.96
2026-10-5,小程序及其他,小程序及其他,极致 3.8g 有机全脂梦幻盖（250ml*12）,7,0
2026-10-5,小程序及其他,小程序及其他,极致 3.8gA2β-酪蛋白全脂梦幻盖（250ml*12）,11,0
2026-10-5,小程序及其他,小程序及其他,极致三代低脂纯牛奶（250ml*12）,68,1478.49
2026-10-5,小程序及其他,小程序及其他,极致A2精巧装200ml*10,101,1575.47
2026-10-5,小程序及其他,小程序及其他,简卡原味钻酸奶200g*10,23,506.09
2026-10-5,小程序及其他,小程序及其他,三元3.3g方白纯牛奶（250mL*24）,77,2366.22
2026-10-5,小程序及其他,小程序及其他,三元3.3g方白脱脂无菌砖(250ml*24),3,81.95
2026-10-5,小程序及其他,小程序及其他,三元3.3g全脂纯牛奶无菌砖（200ml*24）卡皮巴拉,43,1231.25
2026-10-5,小程序及其他,小程序及其他,三元晚安牛奶（250ml*10）,2,51.97
2026-10-5,小程序及其他,小程序及其他,小方白卡皮巴拉脱脂纯牛奶（200mL*24）,4,95.44
2026-10-5,小程序及其他,小程序及其他,钻石装极致有机纯牛奶（200ml*10）,8,163.53
2026-10-5,新零售,新零售,250S极致娟姗纯牛奶250mL*12,4,87.19
2026-10-5,新零售,新零售,极小智有机A2纯牛奶200mL*10,3,55.44
2026-10-5,新零售,新零售,极致 3.8g 有机全脂梦幻盖（250ml*12）,2,0
2026-10-5,新零售,新零售,极致三代低脂纯牛奶（250ml*12）,3,65.23
2026-10-5,新零售,新零售,三元3.3g方白纯牛奶（250mL*24）,9,276.57
2026-10-5,新零售,新零售,三元3.3g方白脱脂无菌砖(250ml*24),5,136.58
2026-10-6,抖音,抖音,250ml方巧(1*24),8,256.5
2026-10-6,抖音,抖音,250ml三元纯牛奶节庆礼盒-2026中秋（1*18）,4,0
2026-10-6,抖音,抖音,250S极致娟姗纯牛奶250mL*12,31,675.74
2026-10-6,抖音,抖音,常温版极致三代全脂纯牛奶,1,21.7
2026-10-6,抖音,抖音,极小智有机A2纯牛奶200mL*10,1,18.48
2026-10-6,抖音,抖音,极致 3.8g 有机全脂梦幻盖（250ml*12）,8,0
2026-10-6,抖音,抖音,极致 3.8gA2β-酪蛋白全脂梦幻盖（250ml*12）,6,0
2026-10-6,抖音,抖音,极致高品质全脂纯牛奶（250ml*16）,1571,42591.07
2026-10-6,抖音,抖音,极致三代低脂纯牛奶（250ml*12）,3,65.23
2026-10-6,抖音,抖音,极致A2精巧装200ml*10,9,140.39
2026-10-6,抖音,抖音,简卡原味钻酸奶200g*10,11,242.04
2026-10-6,抖音,抖音,三元3.3g方白纯牛奶（250mL*24）,1002,30791.56
2026-10-6,抖音,抖音,三元3.3g方白脱脂无菌砖(250ml*24),32,874.1
2026-10-6,抖音,抖音,三元3.3g全脂纯牛奶无菌砖（200ml*24）卡皮巴拉,8,229.07
2026-10-6,抖音,抖音,三元北京纯牛奶全脂（250mL*10）,8,147.98
2026-10-6,抖音,抖音,三元纯牛奶足球礼盒（250ml*12）,5,106.05
2026-10-6,抖音,抖音,体验装 极致娟姗拆单盒,1456,2644.84
2026-10-6,抖音,抖音,足球礼盒拆单盒,1496,0
2026-10-6,抖音,抖音,钻石装极致有机纯牛奶（200ml*10）,21,429.27
2026-10-6,京东,京东自营,极致三代全脂无菌砖（250ml*12）,3660,0
2026-10-6,京东,京东自营,三元3.2g小方枕全脂利乐枕-电商(227ml*16),3000,60882
2026-10-6,京东,京东自营,三元3.3g方白纯牛奶（250mL*24）日常版,28670,0
2026-10-6,京东,京东自营,三元简卡全脂砖石包(200g*10),1820,0
2026-10-6,京东,京东POP,250ml方巧(1*24),49,1571.06
2026-10-6,京东,京东POP,250ml舒释奶（全脂)(1*12),37,735.88
2026-10-6,京东,京东POP,250S极致娟姗纯牛奶250mL*12,3,65.39
2026-10-6,京东,京东POP,极小智有机A2纯牛奶200mL*10,3,55.44
2026-10-6,京东,京东POP,极致高品质全脂纯牛奶（250ml*16）,36,975.99
2026-10-6,京东,京东POP,极致A2精巧装200ml*10,60,935.92
2026-10-6,京东,京东POP,简卡原味钻酸奶200g*10,1,22
2026-10-6,京东,京东POP,三元3.3g方白纯牛奶（250mL*24）,37,1137.01
2026-10-6,京东,京东POP,三元3.3g方白脱脂无菌砖(250ml*24),18,491.68
2026-10-6,京东,京东POP,三元3.3g全脂纯牛奶无菌砖（200ml*24）卡皮巴拉,28,801.75
2026-10-6,京东,京东POP,三元3.4g方白纯牛奶(250ml*16),7,0
2026-10-6,京东,京东POP,三元北京纯牛奶全脂（250mL*10）,4,73.99
2026-10-6,京东,京东POP,钻石装极致有机纯牛奶（200ml*10）,131,2677.81
2026-10-6,拼多多,拼多多,250ml方巧(1*24),17,545.06
2026-10-6,拼多多,拼多多,250ml三元纯牛奶节庆礼盒-2026中秋（1*18）,1,0
2026-10-6,拼多多,拼多多,250ml舒释奶（全脂)(1*12),25,497.22
2026-10-6,拼多多,拼多多,250S极致娟姗纯牛奶250mL*12,5,108.99
2026-10-6,拼多多,拼多多,常温版极致三代全脂纯牛奶,3,65.11
2026-10-6,拼多多,拼多多,极小智有机A2纯牛奶200mL*10,2,36.96
2026-10-6,拼多多,拼多多,极致 3.8gA2β-酪蛋白全脂梦幻盖（250ml*12）,3,0
2026-10-6,拼多多,拼多多,极致高品质全脂纯牛奶（250ml*16）,213,5774.6
2026-10-6,拼多多,拼多多,极致A2精巧装200ml*10,2,31.2
2026-10-6,拼多多,拼多多,简卡原味钻酸奶200g*10,4,88.01
2026-10-6,拼多多,拼多多,三元3.3g方白纯牛奶（250mL*24）,95,2919.36
2026-10-6,拼多多,拼多多,三元3.3g方白脱脂无菌砖(250ml*24),42,1147.26
2026-10-6,拼多多,拼多多,三元3.3g全脂纯牛奶无菌砖（200ml*24）卡皮巴拉,4,114.54
2026-10-6,拼多多,拼多多,三元北京纯牛奶全脂（250mL*10）,3,55.49
2026-10-6,拼多多,拼多多,三元纯牛奶足球礼盒（250ml*12）,1,21.21
2026-10-6,拼多多,拼多多,三元晚安牛奶（250ml*10）,6,155.91
2026-10-6,拼多多,拼多多,体验装单盒方巧,96,128.25
2026-10-6,拼多多,拼多多,小方白卡皮巴拉脱脂纯牛奶（200mL*24）,8,190.88
2026-10-6,拼多多,拼多多,钻石装极致有机纯牛奶（200ml*10）,18,367.94
2026-10-6,天猫,猫超,冰岛式酸奶（200g*24）,396,17755.29
2026-10-6,天猫,猫超,极致娟姗全脂苗条砖(250ml*12),6,0
2026-10-6,天猫,猫超,三元3.3g方白纯牛奶（250mL*24）日常版,819,0
2026-10-6,天猫,猫超,三元简卡全脂砖石包(200g*10),104,0
2026-10-6,天猫,猫旗,250ml方巧(1*24),30,961.88
2026-10-6,天猫,猫旗,250ml舒释奶（全脂)(1*12),7,139.22
2026-10-6,天猫,猫旗,250S极致娟姗纯牛奶250mL*12,8,174.38
2026-10-6,天猫,猫旗,250S极致有机纯牛奶250mL*12,9,217.13
2026-10-6,天猫,猫旗,芭芭农场纸箱,1,0
2026-10-6,天猫,猫旗,芭芭农场DM单,1,0
2026-10-6,天猫,猫旗,极小智有机A2纯牛奶200mL*10,9,166.33
2026-10-6,天猫,猫旗,极致 3.8g 有机全脂梦幻盖（250ml*12）,1,0
2026-10-6,天猫,猫旗,极致 3.8gA2β-酪蛋白全脂梦幻盖（250ml*12）,8,0
2026-10-6,天猫,猫旗,极致高品质全脂纯牛奶（250ml*16）,15,406.66
2026-10-6,天猫,猫旗,极致三代低脂纯牛奶（250ml*12）,10,217.43
2026-10-6,天猫,猫旗,极致A2精巧装200ml*10,15,233.98
2026-10-6,天猫,猫旗,简卡原味钻酸奶200g*10,9,198.03
2026-10-6,天猫,猫旗,三元3.3g方白纯牛奶（250mL*24）,149,4578.78
2026-10-6,天猫,猫旗,三元3.3g方白脱脂无菌砖(250ml*24),57,1556.99
2026-10-6,天猫,猫旗,三元3.3g全脂纯牛奶无菌砖（200ml*24）卡皮巴拉,4,114.54
2026-10-6,天猫,猫旗,三元北京纯牛奶全脂（250mL*10）,6,110.99
2026-10-6,天猫,猫旗,三元晚安牛奶（250ml*10）,10,259.84
2026-10-6,天猫,猫旗,体验装 极致娟姗拆单盒,6,10.9
2026-10-6,天猫,猫旗,体验装 极致A2精巧单盒,12,31.63
2026-10-6,天猫,猫旗,体验装单盒方巧,30,40.08
2026-10-6,天猫,猫旗,体验装单盒特品,18,21.87
2026-10-6,天猫,猫旗,小方白卡皮巴拉脱脂纯牛奶（200mL*24）,12,286.32
2026-10-6,天猫,猫旗,钻石装极致有机纯牛奶（200ml*10）,1,20.44
2026-10-6,小程序及其他,小程序及其他,250ml方巧(1*24),113,3623.06
2026-10-6,小程序及其他,小程序及其他,250ml三元纯牛奶节庆礼盒-2026中秋（1*18）,2,0
2026-10-6,小程序及其他,小程序及其他,250ml舒释奶（全脂)(1*12),3,59.67
2026-10-6,小程序及其他,小程序及其他,常温版极致三代全脂纯牛奶,29,629.41
2026-10-6,小程序及其他,小程序及其他,极致 3.8g 有机全脂梦幻盖（250ml*12）,7,0
2026-10-6,小程序及其他,小程序及其他,极致 3.8gA2β-酪蛋白全脂梦幻盖（250ml*12）,10,0
2026-10-6,小程序及其他,小程序及其他,极致三代低脂纯牛奶（250ml*12）,45,978.41
2026-10-6,小程序及其他,小程序及其他,极致A2精巧装200ml*10,122,1903.04
2026-10-6,小程序及其他,小程序及其他,简卡原味钻酸奶200g*10,16,352.06
2026-10-6,小程序及其他,小程序及其他,三元3.3g方白纯牛奶（250mL*24）,150,4609.52
2026-10-6,小程序及其他,小程序及其他,三元3.3g方白脱脂无菌砖(250ml*24),11,300.47
2026-10-6,小程序及其他,小程序及其他,三元3.3g全脂纯牛奶无菌砖（200ml*24）卡皮巴拉,9,257.7
2026-10-6,小程序及其他,小程序及其他,三元北京纯牛奶全脂（250mL*10）,2,37
2026-10-6,小程序及其他,小程序及其他,三元晚安牛奶（250ml*10）,6,155.91
2026-10-6,小程序及其他,小程序及其他,小方白卡皮巴拉脱脂纯牛奶（200mL*24）,11,262.46
2026-10-6,小程序及其他,小程序及其他,钻石装极致有机纯牛奶（200ml*10）,3,61.32
2026-10-6,新零售,新零售,250S极致娟姗纯牛奶250mL*12,2,43.6
2026-10-6,新零售,新零售,极小智有机A2纯牛奶200mL*10,2,36.96
2026-10-6,新零售,新零售,极致 3.8g 有机全脂梦幻盖（250ml*12）,2,0
2026-10-6,新零售,新零售,极致3.8g有机全脂纯牛奶梦幻盖（250ml*12）,1000,0
2026-10-6,新零售,新零售,极致高品质全脂纯牛奶（250ml*16）,8,216.89
2026-10-6,新零售,新零售,极致娟姗全脂苗条砖(250ml*12),3500,0
2026-10-6,新零售,新零售,极致三代低脂纯牛奶（250ml*12）,2,43.49
2026-10-6,新零售,新零售,极致三代低脂无菌砖(250ml*12),40,0
2026-10-6,新零售,新零售,极致三代全脂无菌砖（250ml*12）,1044,0
2026-10-6,新零售,新零售,极致A2β-酪蛋白全脂无菌砖(200ml*10),54,0
2026-10-6,新零售,新零售,三元3.2g小方枕全脂利乐枕-电商(227ml*16),3581,72672.81
2026-10-6,新零售,新零售,三元3.3g方白纯牛奶（250mL*24）,25,768.25
2026-10-6,新零售,新零售,三元3.3g方白纯牛奶（250mL*24）日常版,50,0
2026-10-6,新零售,新零售,三元3.3g方白脱脂无菌砖(250ml*24),8,218.52
2026-10-6,新零售,新零售,三元3.3g全脂纯牛奶无菌砖（200ml*24）卡皮巴拉,50,1431.69
2026-10-6,新零售,新零售,三元简卡全脂砖石包(200g*10),76,0
2026-10-6,新零售,新零售,三元有机3.4g全脂苗条砖纯牛奶（200mL*10）,3410,0
2026-10-7,抖音,抖音,250ml方巧(1*24),10,320.63
2026-10-7,抖音,抖音,250ml三元纯牛奶节庆礼盒-2026中秋（1*18）,10,0
2026-10-7,抖音,抖音,250S极致娟姗纯牛奶250mL*12,74,1613.06
2026-10-7,抖音,抖音,常温版极致三代全脂纯牛奶,1,21.7
2026-10-7,抖音,抖音,极小智有机A2纯牛奶200mL*10,1,18.48
2026-10-7,抖音,抖音,极致 3.8gA2β-酪蛋白全脂梦幻盖（250ml*12）,12,0
2026-10-7,抖音,抖音,极致高品质全脂纯牛奶（250ml*16）,1071,29035.67
2026-10-7,抖音,抖音,极致三代低脂纯牛奶（250ml*12）,2,43.49
2026-10-7,抖音,抖音,极致A2精巧装200ml*10,61,951.52
2026-10-7,抖音,抖音,简卡原味钻酸奶200g*10,3,66.01
2026-10-7,抖音,抖音,三元3.3g方白纯牛奶（250mL*24）,1206,37060.5
2026-10-7,抖音,抖音,三元3.3g方白脱脂无菌砖(250ml*24),38,1037.99
2026-10-7,抖音,抖音,三元3.3g全脂纯牛奶无菌砖（200ml*24）卡皮巴拉,10,286.34
2026-10-7,抖音,抖音,三元北京纯牛奶全脂（250mL*10）,4,73.99
2026-10-7,抖音,抖音,三元纯牛奶足球礼盒（250ml*12）,10,212.1
2026-10-7,抖音,抖音,体验装 极致娟姗拆单盒,585,1062.66
2026-10-7,抖音,抖音,小方白卡皮巴拉脱脂纯牛奶（200mL*24）,4,95.44
2026-10-7,抖音,抖音,足球礼盒拆单盒,897,0
2026-10-7,抖音,抖音,钻石装极致有机纯牛奶（200ml*10）,21,429.27
2026-10-7,京东,京东自营,冰岛式酸奶（200g*24）,2744,123031.63
2026-10-7,京东,京东自营,三元3.3g方白纯牛奶（250mL*24）日常版,17290,0
2026-10-7,京东,京东POP,250ml方巧(1*24),81,2597.06
2026-10-7,京东,京东POP,250ml舒释奶（全脂)(1*12),25,497.22
2026-10-7,京东,京东POP,250S极致有机纯牛奶250mL*12,1,24.13
2026-10-7,京东,京东POP,极小智有机A2纯牛奶200mL*10,9,166.33
2026-10-7,京东,京东POP,极致 3.8g 有机全脂梦幻盖（250ml*12）,3,0
2026-10-7,京东,京东POP,极致高品质全脂纯牛奶（250ml*16）,36,975.99
2026-10-7,京东,京东POP,极致A2精巧装200ml*10,63,982.72
2026-10-7,京东,京东POP,简卡原味钻酸奶200g*10,2,44.01
2026-10-7,京东,京东POP,三元3.3g方白纯牛奶（250mL*24）,50,1536.51
2026-10-7,京东,京东POP,三元3.3g方白脱脂无菌砖(250ml*24),23,628.26
2026-10-7,京东,京东POP,三元3.3g全脂纯牛奶无菌砖（200ml*24）卡皮巴拉,40,1145.35
2026-10-7,京东,京东POP,三元3.4g方白纯牛奶(250ml*16),18,0
2026-10-7,京东,京东POP,三元北京纯牛奶全脂（250mL*10）,12,221.97
2026-10-7,京东,京东POP,体验装单盒方巧,4,5.34
2026-10-7,京东,京东POP,钻石装极致有机纯牛奶（200ml*10）,125,2555.16
2026-10-7,拼多多,拼多多,250ml方巧(1*24),18,577.13
2026-10-7,拼多多,拼多多,250ml舒释奶（全脂)(1*12),23,457.44
2026-10-7,拼多多,拼多多,常温版极致三代全脂纯牛奶,2,43.41
2026-10-7,拼多多,拼多多,极小智有机A2纯牛奶200mL*10,19,351.14
2026-10-7,拼多多,拼多多,极致 3.8gA2β-酪蛋白全脂梦幻盖（250ml*12）,2,0
2026-10-7,拼多多,拼多多,极致高品质全脂纯牛奶（250ml*16）,207,5611.94
2026-10-7,拼多多,拼多多,极致三代低脂纯牛奶（250ml*12）,1,21.74
2026-10-7,拼多多,拼多多,极致A2精巧装200ml*10,2,31.2
2026-10-7,拼多多,拼多多,简卡原味钻酸奶200g*10,3,66.01
2026-10-7,拼多多,拼多多,三元3.3g方白纯牛奶（250mL*24）,95,2919.36
2026-10-7,拼多多,拼多多,三元3.3g方白脱脂无菌砖(250ml*24),63,1720.88
2026-10-7,拼多多,拼多多,三元3.3g全脂纯牛奶无菌砖（200ml*24）卡皮巴拉,2,57.27
2026-10-7,拼多多,拼多多,三元北京纯牛奶全脂（250mL*10）,1,18.5
2026-10-7,拼多多,拼多多,三元晚安牛奶（250ml*10）,1,25.98
2026-10-7,拼多多,拼多多,体验装单盒方巧,152,203.06
2026-10-7,拼多多,拼多多,小方白卡皮巴拉脱脂纯牛奶（200mL*24）,14,334.04
2026-10-7,拼多多,拼多多,钻石装极致有机纯牛奶（200ml*10）,33,674.56
2026-10-7,天猫,猫超,冰岛式酸奶（200g*24）,167,7487.71
2026-10-7,天猫,猫旗,250ml方巧(1*24),44,1410.75
2026-10-7,天猫,猫旗,250S极致娟姗纯牛奶250mL*12,7,152.59
2026-10-7,天猫,猫旗,250S极致有机纯牛奶250mL*12,5,120.63
2026-10-7,天猫,猫旗,常温版极致三代全脂纯牛奶,2,43.41
2026-10-7,天猫,猫旗,极小智有机A2纯牛奶200mL*10,21,388.11
2026-10-7,天猫,猫旗,极致 3.8gA2β-酪蛋白全脂梦幻盖（250ml*12）,8,0
2026-10-7,天猫,猫旗,极致高品质全脂纯牛奶（250ml*16）,7,189.78
2026-10-7,天猫,猫旗,极致三代低脂纯牛奶（250ml*12）,4,86.97
2026-10-7,天猫,猫旗,极致A2精巧装200ml*10,10,155.99
2026-10-7,天猫,猫旗,简卡原味钻酸奶200g*10,4,88.01
2026-10-7,天猫,猫旗,三元3.3g方白纯牛奶（250mL*24）,159,4886.09
2026-10-7,天猫,猫旗,三元3.3g方白脱脂无菌砖(250ml*24),34,928.73
2026-10-7,天猫,猫旗,三元3.3g全脂纯牛奶无菌砖（200ml*24）卡皮巴拉,13,372.24
2026-10-7,天猫,猫旗,三元北京纯牛奶全脂（250mL*10）,10,184.98
2026-10-7,天猫,猫旗,三元晚安牛奶（250ml*10）,3,77.95
2026-10-7,天猫,猫旗,体验装 极致娟姗拆单盒,24,43.6
2026-10-7,天猫,猫旗,体验装 极致A2精巧单盒,12,31.63
2026-10-7,天猫,猫旗,体验装 特品脱脂拆单盒,12,11.93
2026-10-7,天猫,猫旗,体验装单盒方巧,24,32.06
2026-10-7,天猫,猫旗,体验装单盒特品,84,102.07
2026-10-7,天猫,猫旗,小方白卡皮巴拉脱脂纯牛奶（200mL*24）,8,190.88
2026-10-7,天猫,猫旗,钻石装极致有机纯牛奶（200ml*10）,3,61.32
2026-10-7,小程序及其他,小程序及其他,250ml方巧(1*24),111,3558.94
2026-10-7,小程序及其他,小程序及其他,250ml舒释奶（全脂)(1*12),5,99.44
2026-10-7,小程序及其他,小程序及其他,250S极致娟姗纯牛奶250mL*12,1,21.8
2026-10-7,小程序及其他,小程序及其他,250S极致有机纯牛奶250mL*12,13,313.64
2026-10-7,小程序及其他,小程序及其他,常温版极致三代全脂纯牛奶,88,1909.94
2026-10-7,小程序及其他,小程序及其他,极小智有机A2纯牛奶200mL*10,15,277.22
2026-10-7,小程序及其他,小程序及其他,极致 3.8g 有机全脂梦幻盖（250ml*12）,13,0
2026-10-7,小程序及其他,小程序及其他,极致 3.8gA2β-酪蛋白全脂梦幻盖（250ml*12）,40,0
2026-10-7,小程序及其他,小程序及其他,极致三代低脂纯牛奶（250ml*12）,103,2239.48
2026-10-7,小程序及其他,小程序及其他,极致A2精巧装200ml*10,148,2308.61
2026-10-7,小程序及其他,小程序及其他,简卡原味钻酸奶200g*10,47,1034.17
2026-10-7,小程序及其他,小程序及其他,三元3.3g方白纯牛奶（250mL*24）,104,3195.93
2026-10-7,小程序及其他,小程序及其他,三元3.3g方白脱脂无菌砖(250ml*24),9,245.84
2026-10-7,小程序及其他,小程序及其他,三元3.3g全脂纯牛奶无菌砖（200ml*24）卡皮巴拉,27,773.11
2026-10-7,小程序及其他,小程序及其他,三元晚安牛奶（250ml*10）,2,51.97
2026-10-7,小程序及其他,小程序及其他,小方白卡皮巴拉脱脂纯牛奶（200mL*24）,4,95.44
2026-10-7,小程序及其他,小程序及其他,钻石装极致有机纯牛奶（200ml*10）,60,1226.48
2026-10-7,新零售,新零售,250S极致娟姗纯牛奶250mL*12,2,43.6
2026-10-7,新零售,新零售,极小智有机A2纯牛奶200mL*10,1,18.48
2026-10-7,新零售,新零售,极致高品质全脂纯牛奶（250ml*16）,10,271.11
2026-10-7,新零售,新零售,极致三代低脂纯牛奶（250ml*12）,2,43.49
2026-10-7,新零售,新零售,三元3.3g方白纯牛奶（250mL*24）,25,768.25
2026-10-7,新零售,新零售,三元3.3g方白纯牛奶（250mL*24）日常版,500,0
2026-10-7,新零售,新零售,三元3.3g方白脱脂无菌砖(250ml*24),11,300.47
2026-10-8,抖音,抖音,250ml方巧(1*24),14,448.88
2026-10-8,抖音,抖音,250ml三元纯牛奶节庆礼盒-2026中秋（1*18）,8,0
2026-10-8,抖音,抖音,250S极致娟姗纯牛奶250mL*12,107,2332.4
2026-10-8,抖音,抖音,北京纯全脂拆单盒,546,1009.98
2026-10-8,抖音,抖音,常温版极致三代全脂纯牛奶,4,86.82
2026-10-8,抖音,抖音,极小智有机A2纯牛奶200mL*10,2,36.96
2026-10-8,抖音,抖音,极致 3.8g 有机全脂梦幻盖（250ml*12）,8,0
2026-10-8,抖音,抖音,极致高品质全脂纯牛奶（250ml*16）,1341,36355.58
2026-10-8,抖音,抖音,极致三代低脂纯牛奶（250ml*12）,5,108.71
2026-10-8,抖音,抖音,极致A2精巧装200ml*10,31,483.56
2026-10-8,抖音,抖音,简卡原味钻酸奶200g*10,6,132.02
2026-10-8,抖音,抖音,三元3.3g方白纯牛奶（250mL*24）,1010,31037.4
2026-10-8,抖音,抖音,三元3.3g方白脱脂无菌砖(250ml*24),62,1693.57
2026-10-8,抖音,抖音,三元3.3g全脂纯牛奶无菌砖（200ml*24）卡皮巴拉,10,286.34
2026-10-8,抖音,抖音,三元北京纯牛奶全脂（250mL*10）,8,147.98
2026-10-8,抖音,抖音,三元纯牛奶足球礼盒（250ml*12）,8,169.68
2026-10-8,抖音,抖音,体验装 极致娟姗拆单盒,424,770.2
2026-10-8,抖音,抖音,小方白卡皮巴拉脱脂纯牛奶（200mL*24）,8,190.88
2026-10-8,抖音,抖音,足球礼盒拆单盒,1202,0
2026-10-8,抖音,抖音,钻石装极致有机纯牛奶（200ml*10）,8,163.53
2026-10-8,京东,京东POP,250ml方巧(1*24),93,2981.81
2026-10-8,京东,京东POP,250ml三元纯牛奶节庆礼盒-2026中秋（1*18）,1,0
2026-10-8,京东,京东POP,250ml舒释奶（全脂)(1*12),55,1093.88
2026-10-8,京东,京东POP,250S极致娟姗纯牛奶250mL*12,9,196.18
2026-10-8,京东,京东POP,250S极致有机纯牛奶250mL*12,1,24.13
2026-10-8,京东,京东POP,常温版极致三代全脂纯牛奶,2,43.41
2026-10-8,京东,京东POP,极小智有机A2纯牛奶200mL*10,10,184.81
2026-10-8,京东,京东POP,极致 3.8g 有机全脂梦幻盖（250ml*12）,6,0
2026-10-8,京东,京东POP,极致高品质全脂纯牛奶（250ml*16）,40,1084.43
2026-10-8,京东,京东POP,极致三代低脂纯牛奶（250ml*12）,8,173.94
2026-10-8,京东,京东POP,极致A2精巧装200ml*10,92,1435.08
2026-10-8,京东,京东POP,简卡原味钻酸奶200g*10,1,22
2026-10-8,京东,京东POP,三元3.3g方白纯牛奶（250mL*24）,108,3318.85
2026-10-8,京东,京东POP,三元3.3g方白脱脂无菌砖(250ml*24),32,874.1
2026-10-8,京东,京东POP,三元3.3g全脂纯牛奶无菌砖（200ml*24）卡皮巴拉,61,1746.66
2026-10-8,京东,京东POP,三元3.4g方白纯牛奶(250ml*16),14,0
2026-10-8,京东,京东POP,三元北京纯牛奶全脂（250mL*10）,4,73.99
2026-10-8,京东,京东POP,钻石装极致有机纯牛奶（200ml*10）,143,2923.11
2026-10-8,拼多多,多多买菜,三元3.3g方白纯牛奶（250mL*24）日常版,5000,0
2026-10-8,拼多多,多多买菜,三元白奶全脂百利包(200ml*16),800,0
2026-10-8,拼多多,拼多多,250ml方巧(1*24),32,1026
2026-10-8,拼多多,拼多多,250ml三元纯牛奶节庆礼盒-2026中秋（1*18）,1,0
2026-10-8,拼多多,拼多多,250ml舒释奶（全脂)(1*12),42,835.33
2026-10-8,拼多多,拼多多,常温版极致三代全脂纯牛奶,1,21.7
2026-10-8,拼多多,拼多多,极小智有机A2纯牛奶200mL*10,2,36.96
2026-10-8,拼多多,拼多多,极致高品质全脂纯牛奶（250ml*16）,250,6777.7
2026-10-8,拼多多,拼多多,极致三代低脂纯牛奶（250ml*12）,8,173.94
2026-10-8,拼多多,拼多多,极致A2精巧装200ml*10,3,46.8
2026-10-8,拼多多,拼多多,简卡原味钻酸奶200g*10,6,132.02
2026-10-8,拼多多,拼多多,三元3.3g方白纯牛奶（250mL*24）,113,3472.5
2026-10-8,拼多多,拼多多,三元3.3g方白脱脂无菌砖(250ml*24),73,1994.04
2026-10-8,拼多多,拼多多,三元北京纯牛奶全脂（250mL*10）,1,18.5
2026-10-8,拼多多,拼多多,体验装单盒方巧,112,149.63
2026-10-8,拼多多,拼多多,小方白卡皮巴拉脱脂纯牛奶（200mL*24）,12,286.32
2026-10-8,拼多多,拼多多,钻石装极致有机纯牛奶（200ml*10）,21,429.27
2026-10-8,天猫,猫超,冰岛式酸奶（200g*24）,651,29188.63
2026-10-8,天猫,猫旗,250ml方巧(1*24),65,2084.06
2026-10-8,天猫,猫旗,250ml三元纯牛奶节庆礼盒-2026中秋（1*18）,3,0
2026-10-8,天猫,猫旗,250ml舒释奶（全脂)(1*12),15,298.33
2026-10-8,天猫,猫旗,250S极致娟姗纯牛奶250mL*12,5,108.99
2026-10-8,天猫,猫旗,250S极致有机纯牛奶250mL*12,14,337.76
2026-10-8,天猫,猫旗,北京纯全脂拆单盒,6,11.1
2026-10-8,天猫,猫旗,常温版极致三代全脂纯牛奶,3,65.11
2026-10-8,天猫,猫旗,极小智有机A2纯牛奶200mL*10,16,295.7
2026-10-8,天猫,猫旗,极致 3.8g 有机全脂梦幻盖（250ml*12）,3,0
2026-10-8,天猫,猫旗,极致 3.8gA2β-酪蛋白全脂梦幻盖（250ml*12）,6,0
2026-10-8,天猫,猫旗,极致高品质全脂纯牛奶（250ml*16）,16,433.77
2026-10-8,天猫,猫旗,极致三代低脂纯牛奶（250ml*12）,3,65.23
2026-10-8,天猫,猫旗,极致A2精巧装200ml*10,14,218.38
2026-10-8,天猫,猫旗,简卡原味钻酸奶200g*10,2,44.01
2026-10-8,天猫,猫旗,三元3.3g方白纯牛奶（250mL*24）,255,7836.18
2026-10-8,天猫,猫旗,三元3.3g方白脱脂无菌砖(250ml*24),81,2212.56
2026-10-8,天猫,猫旗,三元3.3g全脂纯牛奶无菌砖（200ml*24）卡皮巴拉,7,200.44
2026-10-8,天猫,猫旗,三元北京纯牛奶全脂（250mL*10）,17,314.46
2026-10-8,天猫,猫旗,三元纯牛奶足球礼盒（250ml*12）,2,42.42
2026-10-8,天猫,猫旗,三元晚安牛奶（250ml*10）,12,311.81
2026-10-8,天猫,猫旗,体验装 极致娟姗拆单盒,72,130.79
2026-10-8,天猫,猫旗,体验装 极致A2精巧单盒,48,126.52
2026-10-8,天猫,猫旗,体验装 特品脱脂拆单盒,18,17.89
2026-10-8,天猫,猫旗,体验装单盒方巧,36,48.09
2026-10-8,天猫,猫旗,体验装单盒特品,48,58.33
2026-10-8,天猫,猫旗,小方白卡皮巴拉脱脂纯牛奶（200mL*24）,14,334.04
2026-10-8,天猫,猫旗,钻石装极致有机纯牛奶（200ml*10）,4,81.77
2026-10-8,小程序及其他,小程序及其他,250ml方巧(1*24),52,1667.25
2026-10-8,小程序及其他,小程序及其他,250ml三元纯牛奶节庆礼盒-2026中秋（1*18）,8,0
2026-10-8,小程序及其他,小程序及其他,250ml舒释奶（全脂)(1*12),4,79.55
2026-10-8,小程序及其他,小程序及其他,250S极致娟姗纯牛奶250mL*12,1,21.8
2026-10-8,小程序及其他,小程序及其他,250S极致有机纯牛奶250mL*12,31,747.9
2026-10-8,小程序及其他,小程序及其他,常温版极致三代全脂纯牛奶,117,2539.36
2026-10-8,小程序及其他,小程序及其他,极小智有机A2纯牛奶200mL*10,14,258.74
2026-10-8,小程序及其他,小程序及其他,极致 3.8g 有机全脂梦幻盖（250ml*12）,53,0
2026-10-8,小程序及其他,小程序及其他,极致 3.8gA2β-酪蛋白全脂梦幻盖（250ml*12）,25,0
2026-10-8,小程序及其他,小程序及其他,极致三代低脂纯牛奶（250ml*12）,102,2217.74
2026-10-8,小程序及其他,小程序及其他,极致A2精巧装200ml*10,267,4164.85
2026-10-8,小程序及其他,小程序及其他,简卡原味钻酸奶200g*10,28,616.1
2026-10-8,小程序及其他,小程序及其他,三元3.3g方白纯牛奶（250mL*24）,166,5101.2
2026-10-8,小程序及其他,小程序及其他,三元3.3g方白脱脂无菌砖(250ml*24),16,437.05
2026-10-8,小程序及其他,小程序及其他,三元3.3g全脂纯牛奶无菌砖（200ml*24）卡皮巴拉,7,200.44
2026-10-8,小程序及其他,小程序及其他,三元晚安牛奶（250ml*10）,11,285.83
2026-10-8,小程序及其他,小程序及其他,小方白卡皮巴拉脱脂纯牛奶（200mL*24）,2,47.72
2026-10-8,小程序及其他,小程序及其他,钻石装极致有机纯牛奶（200ml*10）,116,2371.19
2026-10-8,新零售,新零售,250S极致娟姗纯牛奶250mL*12,3,65.39
2026-10-8,新零售,新零售,极小智有机A2纯牛奶200mL*10,3,55.44
2026-10-8,新零售,新零售,极致 3.8g 有机全脂梦幻盖（250ml*12）,5,0
2026-10-8,新零售,新零售,极致高品质全脂纯牛奶（250ml*16）,2,54.22
2026-10-8,新零售,新零售,极致娟姗全脂苗条砖(250ml*12),980,0
2026-10-8,新零售,新零售,极致三代低脂纯牛奶（250ml*12）,1,21.74
2026-10-8,新零售,新零售,三元3.2g小方枕全脂利乐枕-电商(227ml*16),90,1826.46
2026-10-8,新零售,新零售,三元3.2g小方枕全脂利乐枕(227ml*16),927,0
2026-10-8,新零售,新零售,三元3.3g方白纯牛奶（250mL*24）,28,860.44
2026-10-8,新零售,新零售,三元3.3g方白脱脂无菌砖(250ml*24),7,191.21
2026-10-8,新零售,新零售,三元有机3.4g全脂苗条砖纯牛奶（200mL*10）,2000,0
